-- MySQL dump 10.13  Distrib 8.0.33, for Win64 (x86_64)
--
-- Host: 127.0.0.1    Database: sqlproject
-- ------------------------------------------------------
-- Server version	8.0.33

/*!40101 SET @OLD_CHARACTER_SET_CLIENT=@@CHARACTER_SET_CLIENT */;
/*!40101 SET @OLD_CHARACTER_SET_RESULTS=@@CHARACTER_SET_RESULTS */;
/*!40101 SET @OLD_COLLATION_CONNECTION=@@COLLATION_CONNECTION */;
/*!50503 SET NAMES utf8 */;
/*!40103 SET @OLD_TIME_ZONE=@@TIME_ZONE */;
/*!40103 SET TIME_ZONE='+00:00' */;
/*!40014 SET @OLD_UNIQUE_CHECKS=@@UNIQUE_CHECKS, UNIQUE_CHECKS=0 */;
/*!40014 SET @OLD_FOREIGN_KEY_CHECKS=@@FOREIGN_KEY_CHECKS, FOREIGN_KEY_CHECKS=0 */;
/*!40101 SET @OLD_SQL_MODE=@@SQL_MODE, SQL_MODE='NO_AUTO_VALUE_ON_ZERO' */;
/*!40111 SET @OLD_SQL_NOTES=@@SQL_NOTES, SQL_NOTES=0 */;

--
-- Temporary view structure for view `booked_rooms`
--

DROP TABLE IF EXISTS `booked_rooms`;
/*!50001 DROP VIEW IF EXISTS `booked_rooms`*/;
SET @saved_cs_client     = @@character_set_client;
/*!50503 SET character_set_client = utf8mb4 */;
/*!50001 CREATE VIEW `booked_rooms` AS SELECT 
 1 AS `cinema_id`,
 1 AS `room_id`,
 1 AS `date`,
 1 AS `start_time`,
 1 AS `end_time`*/;
SET character_set_client = @saved_cs_client;

--
-- Table structure for table `bookings`
--

DROP TABLE IF EXISTS `bookings`;
/*!40101 SET @saved_cs_client     = @@character_set_client */;
/*!50503 SET character_set_client = utf8mb4 */;
CREATE TABLE `bookings` (
  `booking_id` int NOT NULL,
  `cinema_id` int NOT NULL,
  `room_id` int NOT NULL,
  `date` date NOT NULL,
  `start_time` time NOT NULL,
  `end_time` time NOT NULL,
  `movie_name` varchar(256) COLLATE utf8mb3_unicode_ci NOT NULL,
  PRIMARY KEY (`booking_id`,`cinema_id`),
  KEY `cinema_id` (`cinema_id`,`room_id`),
  CONSTRAINT `bookings_ibfk_1` FOREIGN KEY (`cinema_id`, `room_id`) REFERENCES `rooms` (`cinema_id`, `room_id`)
) ENGINE=InnoDB DEFAULT CHARSET=utf8mb3 COLLATE=utf8mb3_unicode_ci;
/*!40101 SET character_set_client = @saved_cs_client */;

--
-- Dumping data for table `bookings`
--

LOCK TABLES `bookings` WRITE;
/*!40000 ALTER TABLE `bookings` DISABLE KEYS */;
INSERT INTO `bookings` VALUES (1380,8,1,'1959-09-23','10:00:00','11:00:00','movie 336'),(2275,1,9,'1977-06-25','15:00:00','18:00:00','movie 176'),(2700,3,6,'2007-06-19','15:00:00','17:00:00','movie 93'),(4707,11,1,'1978-01-13','13:00:00','16:00:00','movie 225'),(5642,3,1,'2023-04-14','14:00:00','16:00:00','movie 71'),(9517,6,5,'1967-07-13','22:00:00','24:00:00','movie 269'),(10110,1,1,'2023-04-12','08:00:00','10:00:00','movie 334'),(10450,6,1,'2023-04-12','08:00:00','09:00:00','movie 215'),(11401,10,8,'2023-05-16','21:00:00','23:00:00','movie 126'),(13164,3,6,'2008-07-19','20:00:00','23:00:00','movie 39'),(14314,3,5,'1964-06-20','08:00:00','09:00:00','movie 7'),(21107,8,10,'2018-05-11','13:00:00','14:00:00','movie 196'),(26278,2,6,'2023-06-14','21:00:00','22:00:00','movie 49'),(26948,8,8,'1977-06-25','08:00:00','11:00:00','movie 41'),(28899,7,2,'1971-09-18','13:00:00','15:00:00','movie 148'),(34043,1,4,'1970-03-25','17:00:00','18:00:00','movie 228'),(36061,1,4,'1980-07-17','21:00:00','23:00:00','movie 220'),(39128,8,10,'1966-06-15','21:00:00','23:00:00','movie 229'),(44283,7,2,'1964-06-25','16:00:00','17:00:00','movie 98'),(50826,10,9,'1953-04-25','14:00:00','17:00:00','movie 262'),(51592,8,1,'2021-04-16','09:00:00','10:00:00','movie 55'),(52466,3,1,'2023-04-14','08:00:00','10:00:00','movie 102'),(53876,4,6,'2001-03-24','22:00:00','25:00:00','movie 25'),(54144,3,8,'1960-12-10','15:00:00','16:00:00','movie 261'),(54452,8,1,'2023-04-16','09:00:00','12:00:00','movie 190'),(54553,2,3,'2023-04-13','13:00:00','14:00:00','movie 77'),(54644,2,1,'2023-04-13','10:00:00','11:00:00','movie 340'),(54954,2,1,'2023-05-13','20:00:00','21:00:00','movie 202'),(58843,2,3,'2022-04-13','08:00:00','09:00:00','movie 340'),(62980,1,2,'2014-05-13','15:00:00','17:00:00','movie 11'),(64162,3,1,'2023-04-14','10:00:00','11:00:00','movie 84'),(64682,3,1,'2023-04-14','12:00:00','14:00:00','movie 129'),(65091,2,6,'2007-09-30','13:00:00','14:00:00','movie 310'),(65984,8,10,'2008-07-19','16:00:00','17:00:00','movie 287'),(66165,7,3,'1964-08-17','17:00:00','20:00:00','movie 238'),(70885,9,4,'1975-11-26','20:00:00','23:00:00','movie 60'),(76059,5,6,'2002-12-20','18:00:00','19:00:00','movie 69'),(76111,2,2,'1976-03-16','11:00:00','14:00:00','movie 26'),(78195,9,10,'1964-06-10','22:00:00','24:00:00','movie 173'),(83572,9,1,'2022-04-16','17:00:00','18:00:00','movie 148'),(83692,1,2,'2023-04-12','15:00:00','17:00:00','movie 119'),(85462,8,1,'2022-02-16','21:00:00','24:00:00','movie 222'),(85511,5,1,'2023-04-15','22:00:00','23:00:00','movie 208'),(85751,4,1,'2023-04-15','18:00:00','19:00:00','movie 129'),(85808,1,5,'1970-01-24','16:00:00','17:00:00','movie 94'),(87741,7,1,'2022-04-15','22:00:00','24:00:00','movie 141'),(87855,6,1,'2023-04-15','09:00:00','12:00:00','movie 338'),(89562,1,2,'2022-04-12','16:00:00','19:00:00','movie 129'),(91882,10,2,'1981-05-02','22:00:00','23:00:00','movie 100'),(92030,11,5,'1960-03-17','12:00:00','13:00:00','movie 260'),(92061,2,6,'1975-03-03','15:00:00','16:00:00','movie 268'),(94455,2,10,'1958-10-08','15:00:00','16:00:00','movie 63'),(94930,8,9,'1989-11-23','15:00:00','16:00:00','movie 256'),(99537,5,4,'2016-01-26','20:00:00','23:00:00','movie 168'),(100731,6,1,'1989-11-23','20:00:00','21:00:00','movie 240'),(101818,12,8,'2014-01-04','20:00:00','23:00:00','movie 253'),(104297,7,1,'1990-04-29','17:00:00','19:00:00','movie 108'),(118838,8,4,'2001-03-24','18:00:00','20:00:00','movie 340'),(121671,5,9,'2004-02-06','12:00:00','14:00:00','movie 124'),(123904,8,5,'2018-02-11','11:00:00','12:00:00','movie 4'),(125290,7,4,'1991-03-05','11:00:00','12:00:00','movie 136'),(131224,1,3,'1960-08-25','15:00:00','16:00:00','movie 266'),(133269,5,10,'1951-07-25','13:00:00','15:00:00','movie 52'),(144096,6,4,'1950-09-04','12:00:00','13:00:00','movie 125'),(145596,4,7,'1969-10-09','22:00:00','23:00:00','movie 194'),(146627,12,1,'2016-10-27','19:00:00','20:00:00','movie 215'),(153098,1,8,'1971-09-18','13:00:00','15:00:00','movie 48'),(154105,4,5,'1973-11-06','20:00:00','22:00:00','movie 88'),(155201,8,10,'2002-03-10','18:00:00','19:00:00','movie 124'),(158215,11,4,'1993-06-06','11:00:00','14:00:00','movie 144'),(162257,9,7,'1990-05-25','11:00:00','12:00:00','movie 110'),(167139,1,5,'2012-06-22','14:00:00','16:00:00','movie 337'),(173135,7,9,'2020-10-02','11:00:00','14:00:00','movie 162'),(175580,10,6,'1962-04-06','22:00:00','25:00:00','movie 15'),(176991,5,3,'2023-05-16','12:00:00','15:00:00','movie 326'),(177934,10,5,'2004-02-06','19:00:00','20:00:00','movie 95'),(178070,3,9,'2013-03-31','22:00:00','24:00:00','movie 176'),(181707,5,5,'1977-06-25','12:00:00','13:00:00','movie 310'),(183001,12,1,'1960-03-17','12:00:00','13:00:00','movie 25'),(184463,7,4,'1993-06-30','13:00:00','16:00:00','movie 234'),(186010,9,5,'2002-03-10','17:00:00','20:00:00','movie 172'),(190886,7,4,'2023-05-29','09:00:00','10:00:00','movie 40'),(191034,1,6,'2023-05-04','10:00:00','12:00:00','movie 268'),(202780,12,8,'1968-03-25','14:00:00','16:00:00','movie 75'),(206223,9,7,'1992-06-01','21:00:00','23:00:00','movie 100'),(206964,3,4,'2013-08-14','13:00:00','16:00:00','movie 344'),(207227,1,4,'1951-07-25','10:00:00','11:00:00','movie 319'),(207887,11,7,'2002-08-25','09:00:00','11:00:00','movie 111'),(209042,1,10,'1997-02-19','16:00:00','18:00:00','movie 262'),(209758,8,9,'1989-09-08','17:00:00','18:00:00','movie 100'),(210449,10,1,'1988-05-07','11:00:00','13:00:00','movie 223'),(212422,3,2,'1954-09-08','12:00:00','13:00:00','movie 27'),(215522,5,1,'1992-06-01','18:00:00','21:00:00','movie 283'),(219358,7,3,'1970-07-19','10:00:00','11:00:00','movie 206'),(221148,3,4,'2013-12-01','11:00:00','14:00:00','movie 45'),(226428,9,1,'1986-08-23','17:00:00','20:00:00','movie 148'),(235402,12,6,'1989-11-23','09:00:00','11:00:00','movie 115'),(235596,10,9,'1982-01-24','20:00:00','21:00:00','movie 260'),(236119,7,5,'1992-11-04','14:00:00','17:00:00','movie 173'),(238696,8,6,'1962-04-06','14:00:00','15:00:00','movie 113'),(241967,10,2,'2022-12-20','21:00:00','22:00:00','movie 166'),(242599,7,2,'1951-07-25','12:00:00','13:00:00','movie 61'),(244909,5,2,'2011-07-17','17:00:00','20:00:00','movie 47'),(247113,2,8,'2012-10-11','16:00:00','19:00:00','movie 341'),(248611,1,5,'2009-12-19','10:00:00','13:00:00','movie 107'),(251411,1,7,'1982-01-24','17:00:00','18:00:00','movie 29'),(251778,8,10,'2016-01-26','12:00:00','14:00:00','movie 102'),(252034,6,8,'1950-09-04','08:00:00','10:00:00','movie 332'),(253906,4,5,'1964-08-17','10:00:00','11:00:00','movie 307'),(254787,12,2,'1960-12-10','16:00:00','18:00:00','movie 149'),(256308,2,9,'1992-11-04','14:00:00','16:00:00','movie 85'),(257774,1,8,'1977-06-25','14:00:00','15:00:00','movie 333'),(258657,2,8,'1959-08-30','13:00:00','14:00:00','movie 197'),(259660,6,3,'2021-09-21','22:00:00','23:00:00','movie 77'),(264509,11,7,'1960-08-25','21:00:00','22:00:00','movie 141'),(265361,7,3,'1966-06-15','16:00:00','17:00:00','movie 73'),(267309,8,2,'1964-06-20','19:00:00','21:00:00','movie 281'),(269038,1,2,'1989-11-23','20:00:00','22:00:00','movie 206'),(269535,12,10,'1958-10-08','21:00:00','22:00:00','movie 141'),(279112,11,1,'2023-03-13','19:00:00','22:00:00','movie 90'),(279767,11,5,'1992-11-04','12:00:00','15:00:00','movie 229'),(280647,6,1,'1990-04-29','21:00:00','23:00:00','movie 136'),(282244,12,7,'2006-10-31','19:00:00','22:00:00','movie 147'),(282886,11,10,'2023-05-17','10:00:00','13:00:00','movie 15'),(289104,9,7,'1988-10-17','14:00:00','16:00:00','movie 311'),(292906,9,6,'2016-01-26','15:00:00','17:00:00','movie 338'),(293244,12,10,'1977-06-25','08:00:00','11:00:00','movie 41'),(295185,8,7,'1957-12-05','12:00:00','15:00:00','movie 61'),(295413,4,2,'1989-03-04','10:00:00','12:00:00','movie 277'),(313334,1,9,'2006-10-31','09:00:00','10:00:00','movie 159'),(318766,11,5,'1964-06-20','20:00:00','22:00:00','movie 325'),(320046,5,7,'1960-12-25','09:00:00','12:00:00','movie 322'),(320858,11,3,'1991-03-05','21:00:00','22:00:00','movie 149'),(322530,6,2,'1976-03-16','10:00:00','12:00:00','movie 43'),(334899,7,9,'1990-05-25','18:00:00','19:00:00','movie 122'),(357501,8,6,'1997-02-19','19:00:00','20:00:00','movie 192'),(360226,10,1,'1968-04-12','12:00:00','15:00:00','movie 91'),(362111,10,6,'2016-12-27','19:00:00','22:00:00','movie 11'),(362977,10,10,'1980-07-17','12:00:00','14:00:00','movie 101'),(366409,2,8,'1968-03-25','16:00:00','17:00:00','movie 106'),(368517,6,4,'1960-12-10','13:00:00','14:00:00','movie 98'),(370801,7,3,'1989-11-23','19:00:00','20:00:00','movie 68'),(372660,3,5,'2014-05-13','10:00:00','13:00:00','movie 345'),(376245,10,8,'1950-09-04','08:00:00','10:00:00','movie 166'),(378423,6,6,'2014-01-04','21:00:00','22:00:00','movie 60'),(381556,6,6,'2018-02-11','20:00:00','23:00:00','movie 296'),(385473,2,5,'1968-01-03','15:00:00','18:00:00','movie 319'),(390736,4,6,'1969-09-25','18:00:00','20:00:00','movie 332'),(392130,6,3,'1995-05-23','08:00:00','10:00:00','movie 74'),(397524,2,9,'2004-11-09','17:00:00','20:00:00','movie 42'),(401114,9,1,'1969-10-09','15:00:00','17:00:00','movie 335'),(427834,5,9,'1975-07-23','17:00:00','19:00:00','movie 87'),(430094,12,3,'1969-10-09','22:00:00','25:00:00','movie 8'),(432667,7,10,'2006-08-24','09:00:00','10:00:00','movie 39'),(433781,11,8,'1966-03-08','08:00:00','10:00:00','movie 67'),(434511,3,4,'1988-02-14','16:00:00','17:00:00','movie 60'),(434792,10,9,'1967-11-25','10:00:00','11:00:00','movie 205'),(434989,9,1,'1958-01-26','16:00:00','17:00:00','movie 70'),(437674,4,1,'1974-09-29','22:00:00','24:00:00','movie 29'),(449012,6,5,'1987-08-21','12:00:00','15:00:00','movie 85'),(452308,1,6,'2023-06-14','13:00:00','14:00:00','movie 56'),(457524,7,4,'1978-01-13','11:00:00','14:00:00','movie 71'),(457553,5,3,'1958-10-08','16:00:00','19:00:00','movie 261'),(458930,8,4,'1992-06-01','21:00:00','23:00:00','movie 16'),(459531,12,5,'1959-08-30','10:00:00','11:00:00','movie 176'),(459552,8,8,'2004-02-06','18:00:00','21:00:00','movie 319'),(460964,8,1,'1969-06-04','09:00:00','11:00:00','movie 130'),(461139,4,5,'1969-10-09','18:00:00','20:00:00','movie 9'),(465265,3,2,'1958-01-26','13:00:00','14:00:00','movie 323'),(466980,1,5,'2005-06-12','11:00:00','12:00:00','movie 346'),(469599,8,2,'1961-08-14','17:00:00','18:00:00','movie 4'),(473464,10,6,'1969-06-21','12:00:00','13:00:00','movie 73'),(477356,12,5,'2004-11-09','20:00:00','22:00:00','movie 66'),(479027,5,9,'1962-04-06','18:00:00','21:00:00','movie 174'),(479914,9,1,'1958-10-08','20:00:00','22:00:00','movie 179'),(482772,11,7,'2008-11-04','09:00:00','11:00:00','movie 126'),(483180,5,2,'1984-12-31','16:00:00','19:00:00','movie 347'),(484543,5,8,'2001-02-10','18:00:00','19:00:00','movie 150'),(485020,11,3,'1997-02-19','21:00:00','22:00:00','movie 152'),(495738,9,1,'2010-02-15','10:00:00','12:00:00','movie 46'),(495749,12,9,'1979-10-16','21:00:00','24:00:00','movie 225'),(502990,3,6,'1970-07-19','11:00:00','13:00:00','movie 311'),(504715,2,1,'2009-12-19','22:00:00','25:00:00','movie 240'),(507338,4,8,'1981-05-02','17:00:00','18:00:00','movie 242'),(507461,11,7,'1980-02-24','16:00:00','18:00:00','movie 283'),(507591,5,10,'2005-05-14','13:00:00','16:00:00','movie 3'),(508632,9,4,'2009-12-19','18:00:00','19:00:00','movie 285'),(510545,2,9,'1964-06-10','21:00:00','24:00:00','movie 320'),(511173,8,9,'2002-12-20','14:00:00','16:00:00','movie 52'),(511960,1,6,'1977-06-25','08:00:00','09:00:00','movie 1'),(513991,10,7,'2012-06-22','12:00:00','15:00:00','movie 81'),(514383,1,4,'2001-03-24','20:00:00','21:00:00','movie 93'),(514521,4,8,'1969-06-21','12:00:00','14:00:00','movie 17'),(521600,9,1,'1970-07-19','08:00:00','11:00:00','movie 178'),(522304,2,7,'1975-03-03','18:00:00','20:00:00','movie 128'),(526460,1,8,'2016-01-26','18:00:00','19:00:00','movie 162'),(526984,3,3,'1977-06-25','22:00:00','24:00:00','movie 56'),(534138,4,6,'1992-04-03','12:00:00','13:00:00','movie 34'),(536059,2,1,'2020-05-26','11:00:00','14:00:00','movie 168'),(544269,12,8,'2016-10-27','19:00:00','21:00:00','movie 269'),(548231,9,2,'2007-06-19','17:00:00','20:00:00','movie 164'),(552640,8,10,'1970-07-19','11:00:00','12:00:00','movie 207'),(553532,10,8,'1969-06-21','12:00:00','14:00:00','movie 212'),(559806,6,10,'1979-01-22','20:00:00','21:00:00','movie 126'),(561595,3,1,'1988-10-17','20:00:00','23:00:00','movie 175'),(562113,9,5,'1993-03-25','11:00:00','14:00:00','movie 26'),(563976,1,1,'1959-08-30','17:00:00','20:00:00','movie 142'),(565965,11,8,'1977-06-25','22:00:00','25:00:00','movie 101'),(567139,3,3,'1958-10-08','10:00:00','13:00:00','movie 9'),(569240,8,7,'2002-12-20','18:00:00','21:00:00','movie 62'),(569730,7,1,'2007-09-30','13:00:00','15:00:00','movie 144'),(570739,12,8,'2010-03-11','17:00:00','20:00:00','movie 40'),(577765,2,6,'1966-03-08','22:00:00','23:00:00','movie 291'),(578433,2,9,'2016-12-27','17:00:00','20:00:00','movie 172'),(580498,7,10,'1960-12-25','19:00:00','21:00:00','movie 283'),(587413,2,2,'1969-09-25','14:00:00','17:00:00','movie 151'),(588480,5,8,'1964-06-10','21:00:00','24:00:00','movie 199'),(591218,7,4,'1964-06-20','21:00:00','22:00:00','movie 277'),(595364,11,10,'2010-02-15','11:00:00','13:00:00','movie 323'),(598025,5,2,'1983-07-24','21:00:00','22:00:00','movie 152'),(598890,1,10,'1988-05-07','08:00:00','09:00:00','movie 224'),(608221,8,9,'1961-08-14','20:00:00','21:00:00','movie 122'),(610809,6,7,'1992-06-17','10:00:00','11:00:00','movie 197'),(613848,11,7,'2016-10-27','08:00:00','09:00:00','movie 211'),(615760,1,2,'1964-06-20','14:00:00','15:00:00','movie 4'),(618230,2,2,'2004-03-28','14:00:00','16:00:00','movie 210'),(620831,10,10,'1964-06-10','17:00:00','19:00:00','movie 193'),(622237,4,7,'1962-04-06','11:00:00','14:00:00','movie 271'),(623238,10,3,'2008-07-19','11:00:00','12:00:00','movie 7'),(623574,3,4,'2012-06-22','13:00:00','15:00:00','movie 251'),(632443,1,5,'1964-08-17','13:00:00','14:00:00','movie 283'),(633951,12,2,'2004-03-28','17:00:00','19:00:00','movie 100'),(638151,12,2,'1961-08-14','17:00:00','19:00:00','movie 336'),(643819,2,1,'2000-03-20','12:00:00','13:00:00','movie 39'),(647730,1,8,'1969-10-09','18:00:00','19:00:00','movie 290'),(654134,4,6,'2023-05-31','21:00:00','24:00:00','movie 76'),(661114,8,1,'1964-06-10','12:00:00','15:00:00','movie 308'),(664449,5,6,'2021-05-05','08:00:00','10:00:00','movie 188'),(667843,1,10,'2004-11-09','17:00:00','19:00:00','movie 67'),(672662,6,3,'2014-01-04','15:00:00','18:00:00','movie 288'),(677579,6,4,'1957-05-14','11:00:00','14:00:00','movie 155'),(679056,1,4,'1968-03-25','22:00:00','24:00:00','movie 69'),(681221,3,1,'2021-05-05','22:00:00','24:00:00','movie 283'),(682883,5,4,'2007-09-30','22:00:00','23:00:00','movie 89'),(683377,10,8,'1988-02-14','10:00:00','11:00:00','movie 167'),(690037,2,2,'1962-04-06','22:00:00','24:00:00','movie 69'),(694390,9,8,'2023-05-24','13:00:00','14:00:00','movie 315'),(703116,9,1,'2023-05-29','19:00:00','22:00:00','movie 227'),(704044,2,2,'2016-12-27','20:00:00','22:00:00','movie 197'),(710413,12,8,'2013-08-14','15:00:00','16:00:00','movie 163'),(712457,8,1,'2013-03-31','16:00:00','19:00:00','movie 340'),(715859,2,5,'1993-06-30','08:00:00','09:00:00','movie 340'),(716147,9,7,'1969-10-09','14:00:00','17:00:00','movie 170'),(722440,2,6,'2010-03-11','15:00:00','18:00:00','movie 202'),(722857,8,6,'2023-05-23','12:00:00','14:00:00','movie 5'),(725952,10,3,'1966-03-08','10:00:00','11:00:00','movie 186'),(729060,7,10,'1993-06-06','16:00:00','18:00:00','movie 38'),(737135,1,7,'1989-09-08','10:00:00','11:00:00','movie 91'),(751184,10,7,'2023-05-17','16:00:00','18:00:00','movie 258'),(759134,6,2,'1960-12-10','16:00:00','18:00:00','movie 281'),(759285,5,5,'2004-02-06','15:00:00','16:00:00','movie 118'),(765393,11,1,'2001-02-10','12:00:00','14:00:00','movie 89'),(768653,10,6,'1958-01-26','08:00:00','11:00:00','movie 58'),(771651,5,2,'1967-07-13','19:00:00','22:00:00','movie 133'),(774416,9,1,'1960-03-17','18:00:00','21:00:00','movie 295'),(779435,8,10,'1953-04-25','10:00:00','12:00:00','movie 45'),(786734,7,3,'1975-03-03','15:00:00','18:00:00','movie 189'),(798646,9,2,'1969-10-09','15:00:00','18:00:00','movie 205'),(802563,4,6,'1992-12-03','10:00:00','13:00:00','movie 99'),(803355,2,8,'2010-03-11','16:00:00','18:00:00','movie 290'),(804250,5,7,'1964-06-10','17:00:00','18:00:00','movie 215'),(805156,11,4,'1976-02-13','13:00:00','16:00:00','movie 230'),(816794,4,3,'2005-05-14','10:00:00','13:00:00','movie 316'),(823344,2,9,'1973-11-06','13:00:00','15:00:00','movie 162'),(827864,7,9,'1992-06-01','10:00:00','11:00:00','movie 199'),(829204,4,5,'2002-03-10','15:00:00','18:00:00','movie 308'),(829581,4,6,'2021-09-21','14:00:00','15:00:00','movie 14'),(832035,6,6,'1981-08-30','10:00:00','11:00:00','movie 112'),(832651,5,5,'2013-03-31','14:00:00','17:00:00','movie 174'),(837097,2,9,'2016-10-27','11:00:00','14:00:00','movie 16'),(838309,9,8,'2016-10-27','21:00:00','22:00:00','movie 55'),(839204,6,9,'1976-03-16','16:00:00','17:00:00','movie 112'),(842989,7,8,'1969-06-21','14:00:00','15:00:00','movie 104'),(846885,6,6,'1980-02-24','18:00:00','19:00:00','movie 41'),(848439,1,8,'1980-02-24','21:00:00','22:00:00','movie 49'),(850717,10,6,'2012-10-11','10:00:00','11:00:00','movie 321'),(851325,1,1,'1999-03-05','19:00:00','21:00:00','movie 169'),(855405,7,6,'1993-03-25','13:00:00','16:00:00','movie 252'),(863678,11,4,'1979-10-16','21:00:00','23:00:00','movie 222'),(865088,12,9,'1984-12-31','22:00:00','24:00:00','movie 46'),(874224,7,8,'1989-09-08','19:00:00','21:00:00','movie 153'),(886426,10,2,'1993-03-25','16:00:00','17:00:00','movie 73'),(890227,8,1,'1951-07-25','10:00:00','11:00:00','movie 314'),(893746,3,7,'1979-01-22','09:00:00','10:00:00','movie 31'),(903243,12,10,'1989-09-08','09:00:00','10:00:00','movie 261'),(909146,6,5,'1976-03-16','19:00:00','21:00:00','movie 47'),(909598,12,10,'2004-11-09','17:00:00','20:00:00','movie 163'),(914503,4,6,'1991-03-05','18:00:00','21:00:00','movie 191'),(915074,1,2,'1960-03-17','12:00:00','14:00:00','movie 327'),(915243,4,9,'1950-09-04','10:00:00','13:00:00','movie 339'),(916683,1,9,'1958-10-08','18:00:00','19:00:00','movie 32'),(917679,8,10,'1980-02-24','18:00:00','19:00:00','movie 27'),(919445,6,1,'1999-03-05','12:00:00','13:00:00','movie 262'),(919781,2,7,'1991-03-05','08:00:00','09:00:00','movie 233'),(928861,7,8,'2022-09-21','16:00:00','19:00:00','movie 21'),(929936,12,8,'2022-12-20','13:00:00','16:00:00','movie 238'),(931708,11,7,'1968-02-23','14:00:00','17:00:00','movie 259'),(938035,1,4,'1971-09-18','18:00:00','19:00:00','movie 289'),(939419,5,8,'2022-12-20','10:00:00','13:00:00','movie 20'),(943161,1,10,'2023-06-14','15:00:00','16:00:00','movie 52'),(943213,6,7,'1969-06-04','21:00:00','23:00:00','movie 97'),(945014,11,7,'2020-05-26','16:00:00','19:00:00','movie 11'),(951748,10,4,'1968-04-12','13:00:00','14:00:00','movie 318'),(968479,7,10,'1980-07-17','15:00:00','16:00:00','movie 286'),(969956,7,2,'1991-03-05','08:00:00','11:00:00','movie 300'),(977956,3,10,'2023-05-16','15:00:00','17:00:00','movie 110'),(979132,7,6,'1964-06-10','17:00:00','18:00:00','movie 11'),(981052,10,10,'1964-02-02','22:00:00','23:00:00','movie 314'),(989097,6,5,'1966-03-08','21:00:00','24:00:00','movie 307'),(996320,7,1,'1993-06-30','12:00:00','15:00:00','movie 279');
/*!40000 ALTER TABLE `bookings` ENABLE KEYS */;
UNLOCK TABLES;

--
-- Temporary view structure for view `cinema_max_sales`
--

DROP TABLE IF EXISTS `cinema_max_sales`;
/*!50001 DROP VIEW IF EXISTS `cinema_max_sales`*/;
SET @saved_cs_client     = @@character_set_client;
/*!50503 SET character_set_client = utf8mb4 */;
/*!50001 CREATE VIEW `cinema_max_sales` AS SELECT 
 1 AS `cinema_name`,
 1 AS `first_name`,
 1 AS `last_name`,
 1 AS `total_sales`*/;
SET character_set_client = @saved_cs_client;

--
-- Table structure for table `cinemas`
--

DROP TABLE IF EXISTS `cinemas`;
/*!40101 SET @saved_cs_client     = @@character_set_client */;
/*!50503 SET character_set_client = utf8mb4 */;
CREATE TABLE `cinemas` (
  `cinema_id` int NOT NULL,
  `cinema_name` varchar(256) COLLATE utf8mb3_unicode_ci NOT NULL,
  `address` varchar(256) COLLATE utf8mb3_unicode_ci NOT NULL,
  `city` varchar(20) COLLATE utf8mb3_unicode_ci NOT NULL,
  `establishment` date NOT NULL,
  KEY `sinema_id` (`cinema_id`)
) ENGINE=InnoDB DEFAULT CHARSET=utf8mb3 COLLATE=utf8mb3_unicode_ci;
/*!40101 SET character_set_client = @saved_cs_client */;

--
-- Dumping data for table `cinemas`
--

LOCK TABLES `cinemas` WRITE;
/*!40000 ALTER TABLE `cinemas` DISABLE KEYS */;
INSERT INTO `cinemas` VALUES (1,'Cinema 1','123 Main St','New York','2020-01-01'),(2,'Cinema 2','456 Second St','Los Angeles','2020-02-01'),(3,'Cinema 3','789 Third St','Chicago','2020-03-01'),(4,'Cinema 4','111 Fourth St','San Francisco','2020-04-01'),(5,'Cinema 5','222 Fifth St','Houston','2020-05-01'),(6,'Cinema 6','333 Sixth St','Philadelphia','2020-06-01'),(7,'Cinema 7','444 Seventh St','Phoenix','2020-07-01'),(8,'Cinema 8','555 Eighth St','San Antonio','2020-08-01'),(9,'Cinema 9','666 Ninth St','San Diego','2020-09-01'),(10,'Cinema 10','777 Tenth St','Dallas','2020-10-01'),(11,'Cinema 11','888 Eleventh St','San Jose','2020-11-01'),(12,'Cinema 12','999 Twelfth St','Austin','2020-12-01'),(13,'Cinema 13','1111 Thirteenth St','Jacksonville','2021-01-01'),(14,'Cinema 14','2222 Fourteenth St','Fort Worth','2021-02-01'),(15,'Cinema 15','3333 Fifteenth St','Columbus','2021-03-01'),(16,'Cinema 16','4444 Sixteenth St','San Francisco','2021-04-01'),(17,'Cinema 17','5555 Seventeenth St','Charlotte','2021-05-01'),(18,'Cinema 18','6666 Eighteenth St','Detroit','2021-06-01'),(19,'Cinema 19','7777 Nineteenth St','El Paso','2021-07-01'),(20,'Cinema 20','8888 Twentieth St','Memphis','2021-08-01'),(21,'Cinema 21','9999 Twenty-first St','Boston','2021-09-01'),(22,'Cinema 22','11111 Twenty-second St','Seattle','2021-10-01'),(23,'Cinema 23','22222 Twenty-third St','Baltimore','2021-11-01'),(24,'Cinema 24','33333 Twenty-fourth St','Denver','2021-12-01'),(25,'Cinema 25','44444 Twenty-fifth St','Nashville','2022-01-01'),(1,'Cinema 1','123 Main St','New York','2020-01-01'),(2,'Cinema 2','456 Second St','Los Angeles','2020-02-01'),(3,'Cinema 3','789 Third St','Chicago','2020-03-01'),(4,'Cinema 4','111 Fourth St','San Francisco','2020-04-01'),(5,'Cinema 5','222 Fifth St','Houston','2020-05-01'),(6,'Cinema 6','333 Sixth St','Philadelphia','2020-06-01'),(7,'Cinema 7','444 Seventh St','Phoenix','2020-07-01'),(8,'Cinema 8','555 Eighth St','San Antonio','2020-08-01'),(9,'Cinema 9','666 Ninth St','San Diego','2020-09-01'),(10,'Cinema 10','777 Tenth St','Dallas','2020-10-01'),(11,'Cinema 11','888 Eleventh St','San Jose','2020-11-01'),(12,'Cinema 12','999 Twelfth St','Austin','2020-12-01'),(13,'Cinema 13','1111 Thirteenth St','Jacksonville','2021-01-01'),(14,'Cinema 14','2222 Fourteenth St','Fort Worth','2021-02-01'),(15,'Cinema 15','3333 Fifteenth St','Columbus','2021-03-01'),(16,'Cinema 16','4444 Sixteenth St','San Francisco','2021-04-01'),(17,'Cinema 17','5555 Seventeenth St','Charlotte','2021-05-01'),(18,'Cinema 18','6666 Eighteenth St','Detroit','2021-06-01'),(19,'Cinema 19','7777 Nineteenth St','El Paso','2021-07-01'),(20,'Cinema 20','8888 Twentieth St','Memphis','2021-08-01'),(21,'Cinema 21','9999 Twenty-first St','Boston','2021-09-01'),(22,'Cinema 22','11111 Twenty-second St','Seattle','2021-10-01'),(23,'Cinema 23','22222 Twenty-third St','Baltimore','2021-11-01'),(24,'Cinema 24','33333 Twenty-fourth St','Denver','2021-12-01'),(25,'Cinema 25','44444 Twenty-fifth St','Nashville','2022-01-01');
/*!40000 ALTER TABLE `cinemas` ENABLE KEYS */;
UNLOCK TABLES;

--
-- Table structure for table `maintenance`
--

DROP TABLE IF EXISTS `maintenance`;
/*!40101 SET @saved_cs_client     = @@character_set_client */;
/*!50503 SET character_set_client = utf8mb4 */;
CREATE TABLE `maintenance` (
  `i_d` int NOT NULL,
  `salary` int NOT NULL,
  PRIMARY KEY (`i_d`),
  CONSTRAINT `maintenance_ibfk_1` FOREIGN KEY (`i_d`) REFERENCES `workers` (`i_d`)
) ENGINE=InnoDB DEFAULT CHARSET=utf8mb3 COLLATE=utf8mb3_unicode_ci;
/*!40101 SET character_set_client = @saved_cs_client */;

--
-- Dumping data for table `maintenance`
--

LOCK TABLES `maintenance` WRITE;
/*!40000 ALTER TABLE `maintenance` DISABLE KEYS */;
INSERT INTO `maintenance` VALUES (100272768,7843),(100630347,3408),(101290778,5096),(101942825,11433),(102283663,12664),(103050860,8690),(103091739,10695),(103129319,6831),(103250042,3164),(103462691,9335),(103779020,6079),(104075848,12493),(104258972,12299),(104559329,13602),(104565695,10058),(104690906,6188),(104945224,6188),(105132654,13621),(105277041,12363),(105531205,7659),(105600276,5019),(105641047,6543),(106050297,9186),(106666750,4521),(107042199,3213),(107208918,8604),(107278939,8852),(107344196,13829),(108397907,4493),(108641553,14976),(108792556,3299),(109036546,13142),(109538436,14057),(109831722,11381),(110333153,5142),(110584043,10056),(110806129,13149),(110889911,9476),(111355941,8604),(111839570,11804),(111951402,6570),(112015363,3299),(112286232,8582),(112412134,3343),(112509091,13226),(113740853,7163),(114124750,11608),(114190298,8427),(114759049,4323),(114923740,4829),(114987476,7719),(115104813,11551),(115245986,13631),(115522920,8285),(115966682,3501),(116162464,13325),(116242955,12496),(116409344,4984),(116487325,13758),(116788967,13149),(117032907,14271),(117150684,12895),(117549518,12331),(118181666,12362),(119765647,12243),(121144806,11893),(121567764,5007),(121609806,6873),(121681820,14428),(121749863,10056),(122136089,5384),(122731474,12970),(122853932,8195),(123413781,9666),(123493946,8338),(123507768,6511),(123642831,12397),(124366603,6831),(124500828,7914),(124711556,12389),(125264756,14290),(125992336,7895),(126331172,13100),(126415630,12677),(126730511,4854),(127145930,8349),(128383676,7858),(128683059,13621),(129389457,7177),(129548251,5816),(130011167,14749),(130225519,4922),(131567820,6942),(132137866,9507),(132261910,3806),(132341307,12128),(132612964,3532),(133757697,11824),(134426200,5229),(134641876,5844),(135167889,3654),(135777374,12459),(136233697,11812),(136797975,6186),(136810208,8188),(137173850,7441),(137490274,3426),(138168343,7964),(139463922,5629),(139528022,6834),(139604066,10954),(140419372,12226),(140739351,9891),(140945875,5595),(141067384,4007),(141412252,11636),(141473494,3377),(142729895,9428),(142850161,9476),(143092792,14698),(144222486,7015),(144740896,7091),(144859688,11882),(145569813,8889),(145645895,4483),(146892585,7843),(146897030,6310),(146930935,9601),(147226631,14105),(147264523,11035),(147336514,13012),(148631652,8103),(149551697,13272),(149876509,3023),(150287709,14159),(151194564,12664),(151367230,14408),(151970463,14815),(152101090,5177),(152657247,12196),(152813576,12378),(152840963,14619),(152949347,11463),(153153611,9643),(153211370,5882),(154336997,7543),(154736630,4840),(157828323,11921),(158018569,4105),(158267229,13533),(159394560,5111),(159459023,4199),(159665877,6134),(160221975,10560),(160250115,5641),(160940437,4052),(160965399,10005),(161332409,13661),(161669018,14791),(162252113,4453),(162749878,12607),(163213971,4419),(163638408,8761),(165016379,11284),(165139407,6022),(165760798,9960),(166368097,10491),(166556885,13946),(166656241,11038),(167437455,14645),(167641274,9535),(168567674,8668),(170029938,7398),(170414112,12846),(172133220,9085),(172361618,7696),(172725229,10095),(173019502,13149),(173221685,4315),(173643649,8624),(174226970,13307),(174487516,5192),(175438221,6358),(175591445,14408),(175806822,3597),(175923678,8483),(176091458,4861),(176498729,9896),(176999755,7187),(177103414,12607),(177183737,11636),(177240557,3259),(177390177,11403),(177752869,4910),(178764151,5083),(178869572,12970),(178916258,10011),(179453236,9183),(179686384,7850),(180146774,8195),(180150922,8195),(180183322,7880),(180340894,9285),(180365014,13349),(180612865,7187),(180849100,12445),(181343427,7146),(181368016,8757),(181399682,9652),(182078131,7706),(182288339,14258),(183005503,12274),(183413664,9895),(183416342,3157),(183761907,7755),(184171012,13193),(184292923,10012),(184443765,5641),(186344435,7880),(186922956,13459),(186958452,10657),(186999337,8133),(187123695,7659),(187229307,3276),(187448001,3213),(187549097,10150),(188189503,5899),(188351742,13403),(188435062,12624),(188848194,4465),(189364670,13682),(189411397,13280),(189661287,9303),(190124312,9419),(190283508,11625),(190717902,13829),(190922210,9530),(190950588,7677),(191104001,7508),(191587933,6017),(192526971,3257),(192658928,11995),(192887202,12687),(193031569,10201),(193070552,10804),(194436116,12109),(194924702,12771),(194975030,5059),(195128041,4419),(195694279,4562),(195783094,12999),(195963973,11433),(197222791,4521),(197268361,8008),(197595731,7883),(197626499,5540),(197726055,11403),(198032585,6966),(198139322,6594),(198988055,9117),(199160729,7367),(199247689,4193),(199972537,13571),(300082528,12493),(300857483,11036),(301401719,10326),(301706394,12253),(301764095,14711),(301834639,4563),(302068586,6953),(302362359,12497),(302720911,10733),(302893647,10060),(302977354,11046),(304073596,3323),(304893659,4990),(305121317,6530),(305284526,8816),(305444841,4728),(306730855,10619),(307467133,5142),(307997036,11751),(308749441,8693),(309004569,12433),(309430328,12615),(310241859,9071),(311284961,6740),(312082193,7553),(313362340,7163),(313424990,6915),(313749287,4596),(313870485,4648),(314334584,9671),(314404417,4745),(314928312,11957),(318388230,12440),(319077988,3559),(319154093,10309),(319199116,3457),(319552747,11275),(319793972,4062),(320875418,3169),(321076719,5017),(321139363,4069),(322001007,11551),(322562694,12051),(324377355,9424),(324449227,9779),(324666816,6595),(324667383,7247),(325170249,3753),(325585070,4063),(326245855,7078),(326546415,12333),(327055773,7924),(329369707,10930),(329745005,14950),(330546181,13538),(330900323,10125),(330972891,4068),(331149335,3129),(331180729,9285),(332076286,8649),(332194010,10036),(332211665,7850),(332225543,12905),(332360229,4419),(332959340,14385),(333524226,8058),(334386058,5951),(334484782,10786),(334805454,11156),(335949143,13922),(336438810,9974),(336464838,10471),(336910980,7534),(337047275,6062),(337286293,11454),(339259788,8164),(339401669,3292),(339720873,5222),(339880256,8688),(339890779,4495),(339999501,3601),(341404242,10886),(342889538,11451),(343348844,3277),(344132589,12717),(344357346,5083),(344997857,10939),(345142106,4861),(345567695,6065),(346451291,7146),(347212251,7706),(347976630,12274),(348702377,6351),(348787045,13307),(349879784,12393),(350190040,4696),(351553215,14057),(351658114,4524),(351952588,14780),(352839680,14195),(353175320,8852),(353289814,9633),(353407687,14599),(353945252,11010),(354931413,5770),(355042989,10840),(355125028,4060),(355260077,14454),(355457306,9108),(355857459,7730),(356024759,11198),(356229527,10040),(356791506,4493),(357057348,10311),(359659097,14025),(359840924,12667),(360375744,8428),(360902066,14258),(361256588,3134),(361951328,3806),(362055786,11963),(362997744,5691),(363817793,8534),(364416951,7644),(365121882,7232),(365141487,6361),(365195061,5359),(365961245,11425),(365983819,5192),(368100757,10580),(368466299,8208),(368498761,14080),(369418344,13086),(369717608,14239),(369794092,12148),(370482484,3436),(370548631,10421),(370836576,11361),(371036437,6358),(371503316,9676),(371530908,7956),(371610794,11512),(374679634,4683),(375808690,13823),(376044465,13574),(377047422,12559),(379632724,10816),(379999613,7156),(380236005,14042),(380586304,8883),(380674207,11841),(380698198,9727),(380792778,8122),(381422341,12501),(381840488,10131),(382317789,11844),(382515493,6946),(383986136,4047),(384166040,9223),(384325895,10261),(384554553,14807),(384710322,4514),(384893782,12618),(385178161,5625),(385299783,3480),(385697301,11055),(385821301,13325),(386688489,10893),(386841575,14824),(387365178,5501),(388143937,3811),(388477705,8316),(388743846,6844),(390333503,10145),(390799828,4457),(390838423,13349),(391759432,9186),(391944473,4800),(392545732,4762),(392664417,8691),(392912242,6063),(393218026,5055),(393632495,13455),(393656213,7521),(393756859,3919),(393941749,12231),(394153310,9698),(394365969,14995),(394662542,5096),(395104512,6113),(396148011,6822),(396186693,8575),(396364781,6397),(396561441,14548),(396705518,11505),(397184968,11054),(397817890,12483),(399274080,6638),(399383416,9076),(399885548,13142),(399963371,6924);
/*!40000 ALTER TABLE `maintenance` ENABLE KEYS */;
UNLOCK TABLES;

--
-- Table structure for table `order_product`
--

DROP TABLE IF EXISTS `order_product`;
/*!40101 SET @saved_cs_client     = @@character_set_client */;
/*!50503 SET character_set_client = utf8mb4 */;
CREATE TABLE `order_product` (
  `amount` int NOT NULL,
  `order_number` int NOT NULL,
  `product_code` varchar(20) COLLATE utf8mb3_unicode_ci NOT NULL,
  PRIMARY KEY (`order_number`,`product_code`),
  KEY `product_code` (`product_code`),
  CONSTRAINT `order_product_ibfk_1` FOREIGN KEY (`order_number`) REFERENCES `orders` (`order_number`),
  CONSTRAINT `order_product_ibfk_2` FOREIGN KEY (`product_code`) REFERENCES `product` (`product_code`)
) ENGINE=InnoDB DEFAULT CHARSET=utf8mb3 COLLATE=utf8mb3_unicode_ci;
/*!40101 SET character_set_client = @saved_cs_client */;

--
-- Dumping data for table `order_product`
--

LOCK TABLES `order_product` WRITE;
/*!40000 ALTER TABLE `order_product` DISABLE KEYS */;
INSERT INTO `order_product` VALUES (80,1234,'EA-189'),(48,1234,'LQ-162'),(94,100632,'GA-192'),(81,100632,'GZ-161'),(25,100632,'TW-369'),(27,100660,'FW-103'),(7,100660,'LQ-174'),(70,100660,'NN-143'),(97,100916,'GP-315'),(24,100916,'UA-171'),(92,100916,'UA-174'),(41,101283,'CK-108'),(7,101283,'JI-116'),(52,101283,'RA-189'),(94,101283,'WC-312'),(90,102474,'WD-152'),(24,102710,'GE-145'),(21,102710,'KD-141'),(39,102710,'LQ-115'),(91,102785,'KA-105'),(19,102785,'SW-194'),(6,102785,'SX-393'),(67,105275,'AS-127'),(87,105275,'JO-136'),(37,105275,'MG-179'),(23,105275,'QJ-371'),(27,106354,'VQ-344'),(67,107043,'KL-363'),(24,107245,'DJ-363'),(56,107245,'JK-133'),(1,107245,'XU-163'),(68,107593,'BW-122'),(21,107593,'BX-193'),(87,107593,'GD-125'),(6,107593,'JU-176'),(48,107593,'UF-131'),(28,107641,'CZ-175'),(99,107641,'KE-336'),(37,107641,'SN-153'),(97,107641,'WN-110'),(16,107641,'ZZ-164'),(74,108263,'EL-149'),(25,108263,'VR-187'),(13,108737,'GV-141'),(97,108737,'KI-193'),(55,108737,'OH-115'),(60,110562,'GS-326'),(82,110562,'OK-100'),(58,113022,'BF-337'),(59,113022,'DF-353'),(42,113022,'GP-106'),(98,113022,'GX-197'),(80,113022,'MO-325'),(71,113181,'IP-194'),(98,113750,'AZ-366'),(87,113750,'LJ-333'),(70,113750,'UW-113'),(88,113750,'WI-149'),(79,114414,'DU-319'),(2,114414,'UX-110'),(29,114745,'IZ-325'),(42,114745,'LU-124'),(68,114745,'MA-349'),(37,114958,'GE-145'),(1,117062,'HY-106'),(87,117062,'YK-159'),(77,117777,'AE-120'),(27,117777,'AJ-191'),(94,117777,'GT-361'),(4,117777,'NI-115'),(11,117777,'NZ-146'),(67,118002,'CK-174'),(98,118002,'RG-168'),(59,118043,'FE-138'),(29,118043,'QG-170'),(27,118043,'WI-105'),(32,120181,'TI-131'),(95,120720,'FP-159'),(34,120720,'NA-193'),(9,120720,'NL-177'),(43,122147,'EG-114'),(61,122147,'FG-146'),(59,122147,'RA-189'),(88,122147,'RN-136'),(73,123264,'CE-304'),(1,123264,'II-111'),(85,123264,'ND-148'),(28,126800,'CG-317'),(23,127065,'AS-127'),(92,128502,'DV-131'),(34,128521,'EZ-186'),(77,128521,'HZ-159'),(99,128521,'ZG-116'),(47,128645,'AJ-191'),(8,128645,'XC-117'),(77,129462,'QP-132'),(91,131898,'EK-392'),(37,131898,'SW-165'),(35,131898,'ZP-169'),(77,132235,'AS-127'),(71,132235,'UH-181'),(90,132235,'WI-149'),(57,133013,'BX-193'),(11,133013,'CQ-328'),(32,133013,'DJ-363'),(46,133013,'HB-136'),(18,133013,'ZZ-164'),(82,133994,'EL-149'),(97,133994,'ND-158'),(10,133994,'SP-139'),(93,133994,'SW-165'),(89,133994,'VB-382'),(95,134771,'IH-188'),(36,135641,'LJ-167'),(62,136035,'BX-193'),(15,136035,'EE-179'),(70,136035,'NO-104'),(32,136035,'RD-390'),(13,136035,'VQ-344'),(29,136542,'AE-120'),(97,136542,'DP-398'),(94,136542,'ZF-329'),(28,136542,'ZY-179'),(84,136737,'LQ-174'),(49,136737,'VE-184'),(51,136737,'VN-121'),(22,139127,'AW-121'),(64,139127,'BT-393'),(7,139152,'PH-144'),(62,139152,'RU-108'),(11,140475,'OG-117'),(95,140475,'TF-131'),(7,140475,'XC-117'),(35,140475,'ZC-199'),(67,140595,'OK-100'),(6,142527,'EL-149'),(14,142527,'GP-106'),(55,142527,'GV-333'),(33,142527,'ZI-111'),(99,142527,'ZR-348'),(91,144665,'IM-145'),(79,144665,'KZ-129'),(53,144665,'MO-188'),(36,145365,'BV-144'),(70,145365,'IZ-325'),(32,145365,'QK-148'),(78,145365,'VJ-192'),(50,145365,'ZF-337'),(22,145711,'GZ-161'),(98,145711,'YL-189'),(47,146591,'TM-192'),(72,146591,'YD-183'),(83,149865,'XS-155'),(68,150544,'CZ-175'),(36,150544,'VR-198'),(9,151989,'AQ-103'),(28,151989,'EL-189'),(12,152950,'HG-191'),(85,152950,'II-111'),(60,152950,'NV-390'),(100,152950,'ZP-149'),(99,153478,'IR-148'),(37,153478,'TY-192'),(88,155056,'AJ-161'),(23,155056,'FW-103'),(47,155056,'VB-382'),(39,156963,'AS-153'),(42,156963,'IR-148'),(81,157504,'GZ-161'),(27,157504,'RK-190'),(56,157504,'RU-108'),(65,160202,'CK-102'),(37,160202,'WK-359'),(62,160839,'XN-114'),(29,161057,'CD-161'),(80,161057,'EZ-384'),(4,161057,'SD-146'),(89,161579,'NZ-146'),(59,161764,'EL-169'),(74,161764,'IW-183'),(13,161764,'PU-104'),(8,161764,'UH-181'),(91,162441,'GG-115'),(26,162441,'QN-339'),(77,164111,'AI-104'),(74,164111,'KE-336'),(37,164111,'ZC-199'),(86,164946,'DU-319'),(28,165596,'AU-372'),(76,165690,'AG-385'),(43,165690,'AS-153'),(50,165690,'EE-179'),(2,165690,'GN-388'),(21,165690,'TY-192'),(75,166229,'CK-108'),(66,166229,'DG-305'),(50,166229,'HG-191'),(78,166229,'MD-138'),(14,166265,'CQ-328'),(81,166265,'ZK-144'),(9,166265,'ZZ-142'),(12,166291,'CE-304'),(31,166291,'QH-152'),(30,166291,'TS-199'),(8,166653,'WU-373'),(72,167252,'CZ-175'),(12,167252,'GV-141'),(88,167252,'TN-194'),(49,167252,'VM-199'),(33,167252,'YK-159'),(60,167725,'CB-181'),(36,167725,'GL-359'),(22,167725,'GP-368'),(44,167725,'TY-192'),(46,167725,'ZZ-164'),(26,168042,'GT-361'),(89,168042,'YD-183'),(35,171463,'EZ-186'),(99,171463,'HS-144'),(29,171463,'NV-303'),(88,171463,'QJ-371'),(68,171543,'LP-377'),(57,171543,'VQ-388'),(50,172414,'AC-375'),(48,173214,'AL-107'),(67,173214,'CH-310'),(92,173214,'RZ-119'),(54,173214,'TY-192'),(27,173214,'VR-198'),(49,174336,'HP-382'),(10,174464,'AS-127'),(25,174464,'EI-387'),(48,174464,'EM-127'),(49,174746,'HI-121'),(74,174746,'HJ-396'),(28,174746,'RD-390'),(84,174746,'VT-161'),(8,174746,'VT-383'),(75,174746,'XB-147'),(63,175156,'FV-106'),(64,175156,'KV-157'),(32,175156,'PQ-336'),(55,175156,'SY-131'),(28,175615,'DE-307'),(4,175615,'GD-125'),(53,175615,'HI-370'),(9,175615,'NV-303'),(66,175615,'TG-108'),(66,176645,'HZ-159'),(83,176645,'OO-381'),(88,176645,'QA-331'),(7,176645,'VL-376'),(56,176645,'XF-109'),(3,177404,'VM-374'),(40,177404,'ZC-199'),(99,177404,'ZZ-142'),(51,177588,'BS-321'),(55,177588,'CK-174'),(79,178105,'XC-117'),(78,178269,'KH-195'),(65,178269,'QA-301'),(46,178269,'ZU-377'),(10,178570,'EZ-386'),(58,178570,'PL-138'),(4,179415,'KB-122'),(25,179415,'NM-135'),(89,179753,'AY-113'),(36,179753,'HM-177'),(44,180468,'PQ-336'),(15,180468,'TP-163'),(60,181254,'SW-165'),(15,182028,'SV-319'),(60,182259,'GX-197'),(92,182662,'DJ-363'),(10,182662,'GZ-161'),(14,182662,'ND-158'),(23,182662,'OQ-113'),(54,182662,'UH-181'),(37,182662,'UZ-395'),(98,182662,'WK-359'),(97,184034,'EM-127'),(77,184034,'HK-105'),(74,184034,'MI-122'),(55,184034,'QS-111'),(36,184034,'VR-198'),(29,184247,'AZ-342'),(11,184247,'OQ-187'),(10,184247,'UA-171'),(45,184247,'ZF-337'),(59,184626,'ZP-371'),(56,184662,'KY-385'),(30,185060,'AJ-161'),(28,185060,'VT-161'),(82,185060,'WR-396'),(20,185299,'ER-363'),(32,185299,'FV-166'),(53,185299,'RA-189'),(100,185958,'AI-104'),(90,185958,'BB-151'),(15,185958,'BI-343'),(84,185958,'YY-345'),(52,185972,'AB-118'),(6,185972,'AZ-366'),(72,185972,'IZ-189'),(48,185972,'NL-177'),(37,185972,'NN-143'),(54,186812,'XG-195'),(40,186812,'ZW-357'),(76,187478,'IC-373'),(66,187478,'IZ-325'),(40,187478,'OF-360'),(72,187478,'SV-319'),(61,187478,'VL-376'),(7,189113,'VN-304'),(23,189113,'WI-105'),(78,189218,'LQ-162'),(2,189385,'IR-148'),(55,189385,'LJ-133'),(16,189939,'AU-372'),(35,189939,'PF-199'),(26,189939,'ZK-144'),(66,189939,'ZW-357'),(17,190101,'CM-127'),(75,190101,'EE-301'),(37,190101,'HG-184'),(8,190101,'UH-138'),(52,190101,'ZC-320'),(71,190212,'CK-108'),(26,190212,'JR-189'),(61,190212,'KY-385'),(77,190212,'QS-111'),(37,190212,'XN-114'),(45,190212,'YY-345'),(86,190578,'BO-132'),(78,190578,'UE-139'),(15,190751,'AG-148'),(30,190751,'FO-323'),(53,190751,'NK-134'),(51,190751,'UH-138'),(39,190751,'VL-376'),(88,190830,'BO-151'),(73,190830,'BS-192'),(77,190830,'FP-159'),(81,190830,'WU-136'),(17,190830,'YR-157'),(13,191636,'HG-184'),(67,191636,'HJ-396'),(21,191636,'JP-178'),(52,191636,'QS-111'),(73,191636,'RJ-187'),(99,191636,'UX-110'),(2,191636,'VR-198'),(22,193203,'PF-343'),(44,193203,'UU-385'),(70,194027,'NO-312'),(20,194027,'QM-196'),(71,194027,'UG-153'),(48,194100,'BB-151'),(1,194369,'CD-313'),(100,194369,'OF-360'),(9,194369,'ZR-107'),(15,196257,'LC-152'),(29,196257,'PL-138'),(2,197194,'DN-124'),(8,197194,'TP-163'),(44,197564,'BI-139'),(54,197564,'HJ-396'),(30,197564,'YK-159'),(46,198853,'GG-115'),(79,198853,'MA-349'),(68,198853,'TF-131'),(83,198853,'UJ-174'),(68,198853,'VE-184'),(46,198927,'ZP-187'),(51,1009161,'OK-100'),(63,1009161,'VN-304'),(66,1024741,'SF-328'),(38,1024741,'WS-120'),(42,1063541,'AW-376'),(33,1063541,'BI-139'),(95,1063541,'GD-378'),(23,1063541,'KZ-129'),(55,1063541,'MG-179'),(15,1063541,'WR-396'),(57,1072451,'TN-194'),(53,1087371,'AG-148'),(2,1087371,'OQ-187'),(21,1087371,'UU-385'),(25,1087371,'ZT-152'),(7,1131811,'AE-120'),(40,1131811,'LQ-162'),(20,1131811,'MO-188'),(82,1131811,'WD-152'),(25,1137501,'YS-330'),(91,1147451,'IU-340'),(18,1147451,'LP-382'),(99,1147451,'WN-110'),(88,1170621,'NN-143'),(2,1170621,'YL-189'),(4,1170621,'YS-330'),(88,1180021,'CR-321'),(99,1180021,'RG-168'),(90,1180021,'SX-393'),(89,1180021,'ZF-329'),(68,1285021,'MO-188'),(49,1285021,'RN-325'),(77,1285021,'ZY-179'),(61,1318981,'QA-301'),(85,1322351,'AC-375'),(1,1322351,'OQ-113'),(26,1322351,'PC-176'),(1,1322351,'QU-380'),(87,1356411,'HP-382'),(14,1356411,'NA-193'),(70,1356411,'QA-182'),(21,1356411,'RJ-187'),(16,1367371,'VN-157'),(56,1389191,'EM-100'),(17,1389191,'EZ-186'),(16,1391271,'BI-343'),(22,1391271,'LQ-162'),(100,1391271,'WI-149'),(23,1391271,'YL-189'),(10,1529501,'AS-153'),(98,1529501,'XS-357'),(71,1569631,'JO-136'),(88,1569631,'ZW-357'),(85,1575041,'AW-379'),(17,1575041,'EL-189'),(93,1575041,'KH-195'),(13,1610578,'DS-101'),(97,1610578,'ER-363'),(53,1610578,'EZ-384'),(15,1610578,'NQ-164'),(83,1610578,'TH-310'),(71,1617081,'BC-198'),(36,1617081,'DU-319'),(63,1617081,'UA-174'),(49,1624411,'TR-398'),(100,1627211,'MA-194'),(30,1655961,'AC-375'),(92,1655961,'RA-186'),(63,1655961,'WR-396'),(51,1666531,'KD-141'),(31,1666531,'XC-117'),(65,1666531,'ZI-111'),(31,1666531,'ZT-152'),(61,1672521,'HA-180'),(15,1672521,'NM-102'),(40,1672521,'QP-132'),(34,1672521,'VN-304'),(50,1724141,'KF-140'),(49,1724141,'RJ-109'),(94,1724141,'ZC-199'),(98,1756151,'PC-176'),(21,1756151,'SN-153'),(2,1756151,'YU-118'),(23,1766451,'AW-379'),(77,1766451,'VT-161'),(91,1766451,'WC-312'),(45,1782691,'AS-153'),(26,1782691,'BI-139'),(82,1782691,'EA-350'),(12,1782691,'NM-124'),(64,1782691,'SD-146'),(68,1785701,'KY-385'),(91,1785701,'NV-390'),(27,1785701,'TN-194'),(83,1820281,'PI-306'),(69,1820281,'QM-196'),(38,1822591,'AR-120'),(40,1822591,'ES-121'),(3,1822591,'QY-326'),(55,1842471,'FO-323'),(12,1842471,'HM-177'),(40,1842471,'XF-109'),(30,1846261,'ES-121'),(75,1846261,'QS-111'),(100,1846621,'CR-321'),(30,1846621,'GV-141'),(91,1846621,'LQ-174'),(17,1846621,'QY-326'),(98,1846621,'SK-144'),(33,1846621,'ZK-189'),(74,1850601,'EM-127'),(1,1850601,'VK-343'),(87,1850601,'ZC-320'),(37,1902121,'FV-106'),(17,1902121,'HG-184'),(95,1902121,'IE-306'),(71,1902121,'MO-188'),(65,1907511,'DP-109'),(52,1908301,'PR-361'),(14,1908301,'TW-174'),(37,1916361,'EG-114'),(87,1916361,'GV-141'),(87,1916361,'LQ-174'),(47,1916361,'RC-365'),(60,1943691,'BV-144'),(41,1943691,'DW-386');
/*!40000 ALTER TABLE `order_product` ENABLE KEYS */;
UNLOCK TABLES;

--
-- Table structure for table `orders`
--

DROP TABLE IF EXISTS `orders`;
/*!40101 SET @saved_cs_client     = @@character_set_client */;
/*!50503 SET character_set_client = utf8mb4 */;
CREATE TABLE `orders` (
  `order_number` int NOT NULL,
  `date` date NOT NULL,
  `total_price` int NOT NULL,
  `ordering_phone` varchar(20) COLLATE utf8mb3_unicode_ci NOT NULL,
  `time` time DEFAULT NULL,
  `cinema_id` int DEFAULT NULL,
  PRIMARY KEY (`order_number`),
  KEY `FK_orders_cinema_id` (`cinema_id`),
  CONSTRAINT `FK_orders_cinema_id` FOREIGN KEY (`cinema_id`) REFERENCES `workers` (`cinema_id`)
) ENGINE=InnoDB DEFAULT CHARSET=utf8mb3 COLLATE=utf8mb3_unicode_ci;
/*!40101 SET character_set_client = @saved_cs_client */;

--
-- Dumping data for table `orders`
--

LOCK TABLES `orders` WRITE;
/*!40000 ALTER TABLE `orders` DISABLE KEYS */;
INSERT INTO `orders` VALUES (1234,'2023-03-13',300,'532398475','18:49:31',10),(100632,'1992-04-03',55568,'050-5557818','16:28:20',11),(100660,'1990-04-29',6904,'050-5673352','17:53:08',11),(100916,'1968-04-12',43810,'050-5573047','16:00:41',12),(101283,'2005-05-14',27362,'050-5477557','18:24:02',NULL),(102474,'2000-03-20',57313,'050-5611550','19:58:07',1),(102710,'1976-02-13',25538,'050-5236270','20:38:30',8),(102785,'2018-02-11',17389,'050-5112056','19:18:12',19),(105275,'2014-01-04',57152,'050-5301476','10:35:28',12),(105571,'1986-08-23',40506,'050-5535231','19:02:43',16),(106354,'1960-03-17',41045,'050-5028145','23:27:12',12),(106538,'1980-02-24',18074,'050-5473537','20:07:53',1),(107043,'2001-08-31',19344,'050-5177673','22:17:51',12),(107245,'1970-07-19',90374,'050-5206374','11:05:39',5),(107593,'2007-06-22',97146,'050-5732739','12:34:38',9),(107641,'2010-02-15',36909,'050-5101194','21:36:12',8),(108263,'2000-04-25',44175,'050-5602486','14:17:08',4),(108737,'1960-12-10',68603,'050-5407015','14:37:06',1),(110562,'1951-07-25',41673,'050-5720007','22:14:04',3),(113022,'1975-11-26',19524,'050-5441512','11:19:08',1),(113181,'2023-06-14',46154,'050-5498772','13:53:22',3),(113750,'1984-12-31',43811,'050-5897694','11:29:30',3),(114414,'2005-06-12',71810,'050-5481388','23:47:23',8),(114745,'1976-03-16',66152,'050-5286079','12:28:30',13),(114958,'1988-02-14',83268,'050-5205381','15:00:17',12),(117062,'1992-06-01',54437,'050-5214669','13:35:57',23),(117777,'1964-06-25',88029,'050-5709388','14:58:55',6),(118002,'2012-10-11',46288,'050-5804863','10:06:45',5),(118043,'1959-10-25',67349,'050-5298120','13:36:58',8),(120181,'2001-03-24',66389,'050-5738274','13:44:35',13),(120720,'2000-10-29',15358,'050-5514239','19:52:02',3),(122147,'1966-06-15',61500,'050-5499553','18:06:25',3),(123264,'1988-05-07',80875,'050-5002795','22:56:00',11),(124035,'2005-04-15',49064,'050-5374968','20:20:46',12),(126800,'1970-01-24',70193,'050-5102818','08:55:53',10),(127065,'2016-12-27',93632,'050-5025530','23:37:01',10),(128502,'1978-01-13',31761,'050-5494751','19:17:33',12),(128521,'2000-06-01',38362,'050-5895566','17:36:42',9),(128645,'1981-08-30',77430,'050-5897696','22:10:50',9),(129462,'1974-09-29',97286,'050-5793403','18:04:06',10),(131898,'1968-01-03',54363,'050-5158974','15:47:59',17),(132235,'1962-10-25',69183,'050-5995685','16:47:36',6),(133013,'1950-09-04',15061,'050-5868599','12:34:05',NULL),(133994,'2023-05-10',36478,'050-5876882','20:27:35',5),(134771,'1959-09-23',35540,'050-5204182','08:35:45',8),(135641,'2022-12-20',2499,'050-5094947','21:35:54',1),(136035,'1957-12-05',37282,'050-5844316','10:12:22',22),(136317,'1969-06-04',36867,'050-5277002','10:14:04',8),(136542,'1979-01-22',19143,'050-5625905','12:33:14',5),(136737,'1969-10-09',67166,'050-5363801','08:04:01',22),(139127,'1999-03-05',29829,'050-5347150','10:40:21',13),(139152,'2004-08-30',96636,'050-5006605','21:09:44',1),(139688,'1973-11-06',1847,'050-5579929','17:47:38',4),(140092,'2002-08-25',66017,'050-5967680','17:28:58',NULL),(140475,'2009-12-19',210,'050-5794263','10:01:57',3),(140595,'1959-08-30',45789,'050-5088666','21:42:51',12),(142527,'2004-02-06',51898,'050-5983229','22:28:25',3),(144665,'2022-09-21',61900,'050-5532491','23:13:31',24),(145365,'2007-06-19',56078,'050-5793224','08:42:26',1),(145711,'2020-05-26',99123,'050-5746612','13:51:31',11),(146591,'1979-10-16',61547,'050-5818377','19:10:17',NULL),(149865,'1988-10-17',21270,'050-5862059','14:16:56',21),(150544,'2013-03-31',20519,'050-5148374','21:53:48',9),(151968,'1960-12-25',31309,'050-5435495','10:38:13',23),(151989,'1967-11-25',96390,'050-5583414','11:29:41',12),(152950,'2008-07-19',68116,'050-5996540','17:33:45',4),(153478,'2006-10-31',73912,'050-5243291','13:19:43',12),(155056,'1960-08-25',71479,'050-5773233','21:57:21',12),(156963,'1981-05-02',45296,'050-5801428','13:47:37',12),(157504,'1977-06-25',58742,'050-5345996','11:06:01',12),(160202,'1968-03-25',62868,'050-5010006','22:07:13',1),(160839,'1954-09-08',54827,'050-5657009','21:18:06',NULL),(161057,'1993-06-30',47201,'050-5042480','16:08:51',11),(161579,'1980-07-17',98899,'050-5406851','08:49:59',12),(161708,'1997-02-19',88028,'050-5342649','19:43:17',13),(161764,'1992-06-17',18382,'050-5636372','16:06:33',7),(162441,'1964-08-17',26216,'050-5492804','13:22:53',4),(162721,'1975-07-23',42686,'050-5383504','10:34:48',NULL),(164111,'2002-12-20',39316,'050-5205787','20:45:18',8),(164946,'2021-07-02',16152,'050-5240594','16:02:12',5),(165596,'1964-06-10',59599,'050-5631425','09:55:03',10),(165690,'2004-03-28',40989,'050-5160866','09:28:37',4),(166229,'2001-02-10',25317,'050-5607717','09:37:56',19),(166265,'2018-05-11',95859,'050-5990197','11:43:52',3),(166291,'2004-11-09',7780,'050-5309119','21:45:30',3),(166653,'2023-05-08',78741,'050-5564988','17:35:56',3),(167252,'1962-04-06',55363,'050-5244602','14:43:13',NULL),(167725,'1964-02-02',52650,'050-5603128','12:48:15',9),(168042,'1966-08-09',91472,'050-5855405','11:51:36',22),(171463,'1969-09-25',63064,'050-5040128','12:53:17',1),(171543,'1989-09-08',45359,'050-5897912','20:51:37',3),(172309,'1992-12-03',54761,'050-5813452','09:38:14',13),(172414,'2021-05-05',85594,'050-5154752','09:36:21',12),(173214,'1957-05-14',37631,'050-5232213','11:06:59',3),(174336,'1990-10-13',53063,'050-5234432','18:45:54',1),(174464,'1975-06-19',4322,'050-5399842','20:28:37',3),(174746,'1995-05-23',85111,'050-5947015','22:05:21',8),(175156,'1968-04-16',95836,'050-5169424','09:00:56',14),(175615,'1975-03-03',95706,'050-5844942','18:48:35',23),(176645,'2007-09-30',83132,'050-5668914','11:00:12',13),(177404,'2008-11-04',39740,'050-5009192','22:35:11',22),(177588,'2013-08-14',89439,'050-5700279','23:55:22',3),(178105,'2013-12-01',14464,'050-5020660','11:51:20',21),(178269,'2014-05-13',81740,'050-5872662','11:30:32',12),(178570,'1958-10-08',19977,'050-5576762','13:58:41',5),(179415,'1990-05-25',10817,'050-5687612','11:21:48',4),(179753,'1966-03-08',44767,'050-5558902','22:52:58',1),(180468,'2012-06-22',54344,'050-5398277','08:19:28',1),(181254,'1992-11-04',75145,'050-5699688','12:58:23',4),(182028,'1991-03-05',48205,'050-5729510','15:53:33',12),(182259,'2016-01-26',64404,'050-5553525','16:32:35',10),(182662,'1993-06-06',6417,'050-5994376','11:02:17',10),(184034,'1980-07-22',24769,'050-5337091','13:33:41',13),(184247,'2010-03-11',15540,'050-5584945','10:41:33',12),(184626,'1969-06-21',20676,'050-5547603','20:46:42',19),(184662,'1971-09-18',32754,'050-5163820','15:48:53',3),(185060,'1961-08-14',42031,'050-5146846','08:44:20',9),(185299,'1982-01-24',61034,'050-5760734','20:14:58',12),(185893,'1987-10-01',53183,'050-5732060','19:01:53',1),(185958,'1967-07-13',81490,'050-5278977','10:24:34',4),(185972,'1996-02-21',27465,'050-5580334','18:57:07',9),(186812,'2021-09-21',66082,'050-5843966','23:31:54',23),(187420,'2011-07-17',20345,'050-5921078','20:48:11',4),(187478,'2011-07-31',17647,'050-5550441','09:25:13',5),(189113,'1968-02-23',27439,'050-5496889','08:41:30',9),(189218,'1983-07-24',30116,'050-5617582','23:11:50',1),(189385,'2002-03-10',36253,'050-5117080','17:54:43',12),(189939,'1983-03-17',23291,'050-5343488','11:58:08',6),(190101,'2000-07-30',16702,'050-5689876','14:06:28',11),(190212,'2016-10-27',44677,'050-5781183','10:37:59',NULL),(190578,'1987-08-21',89117,'050-5094188','18:50:29',10),(190751,'1964-06-20',98961,'050-5953107','22:18:30',12),(190830,'2023-05-23',46831,'050-5251593','15:01:05',12),(191636,'1993-03-25',34866,'050-5680093','16:09:54',13),(193203,'1993-05-13',90707,'050-5884748','11:46:14',1),(194027,'2011-01-16',22900,'050-5690836','18:21:30',23),(194100,'1958-01-26',31015,'050-5343055','16:28:49',12),(194369,'1989-11-23',12383,'050-5059925','19:19:33',9),(196257,'1970-03-25',30915,'050-5498870','23:11:21',12),(197194,'1989-03-04',55037,'050-5305586','17:58:06',1),(197564,'2006-08-24',8682,'050-5747891','12:16:26',14),(198853,'1953-04-25',10922,'050-5972348','15:27:53',12),(198927,'2020-10-02',79313,'050-5939989','16:30:07',13),(1009161,'1968-04-12',43810,'050-5573047','12:06:58',13),(1024741,'2000-03-20',57313,'050-5611550','19:04:26',1),(1063541,'1960-03-17',41045,'050-5028145','19:01:21',14),(1072451,'1970-07-19',90374,'050-5206374','13:53:25',1),(1087371,'1960-12-10',68603,'050-5407015','20:23:03',21),(1131811,'2023-05-17',46154,'050-5498772','20:14:59',1),(1137501,'1984-12-31',43811,'050-5897694','16:05:50',12),(1147451,'1976-03-16',66152,'050-5286079','11:44:14',12),(1170621,'1992-06-01',54437,'050-5214669','18:23:37',12),(1180021,'2012-10-11',46288,'050-5804863','16:45:23',19),(1285021,'1978-01-13',31761,'050-5494751','20:36:08',9),(1318981,'1968-01-03',54363,'050-5158974','12:44:30',3),(1322351,'1962-10-25',69183,'050-5995685','09:54:04',8),(1339941,'2023-05-16',36478,'050-5876882','19:16:52',1),(1356411,'2022-12-20',2499,'050-5094947','10:42:10',12),(1367371,'1969-10-09',67166,'050-5363801','19:40:12',3),(1389191,'2023-05-24',1222,'050-5486764','10:14:32',3),(1391271,'1999-03-05',29829,'050-5347150','16:12:03',9),(1529501,'2008-07-19',68116,'050-5996540','10:16:42',14),(1569631,'1981-05-02',45296,'050-5801428','10:47:19',18),(1575041,'1977-06-25',58742,'050-5345996','15:06:28',1),(1610578,'2023-05-31',47201,'050-5042480','19:10:23',3),(1617081,'1997-02-19',88028,'050-5342649','10:32:36',3),(1624411,'1964-08-17',26216,'050-5492804','19:11:49',14),(1627211,'1975-07-23',42686,'050-5383504','08:21:21',1),(1651311,'2023-05-29',46803,'050-5560116','08:11:13',1),(1655961,'1964-06-10',59599,'050-5631425','23:52:03',3),(1666531,'2023-05-09',78741,'050-5564988','22:46:41',9),(1672521,'1962-04-06',55363,'050-5244602','18:17:16',12),(1724141,'2021-05-05',85594,'050-5154752','15:06:16',9),(1756151,'1975-03-03',95706,'050-5844942','12:39:34',19),(1766451,'2007-09-30',83132,'050-5668914','09:59:01',13),(1782691,'2014-05-13',81740,'050-5872662','19:56:24',1),(1785701,'1958-10-08',19977,'050-5576762','13:44:59',NULL),(1820281,'1991-03-05',48205,'050-5729510','16:55:43',4),(1822591,'2016-01-26',64404,'050-5553525','19:23:40',4),(1842471,'2010-03-11',15540,'050-5584945','22:11:10',12),(1846261,'1969-06-21',20676,'050-5547603','12:44:52',4),(1846621,'1971-09-18',32754,'050-5163820','21:10:48',4),(1850601,'1961-08-14',42031,'050-5146846','11:39:29',1),(1902121,'2016-10-27',44677,'050-5781183','18:44:58',4),(1907511,'1964-06-20',98961,'050-5953107','18:46:25',3),(1908301,'2023-05-04',46831,'050-5251593','13:37:11',8),(1916361,'1993-03-25',34866,'050-5680093','19:46:39',1),(1943691,'1989-11-23',12383,'050-5059925','18:01:44',1),(4345554,'2023-06-07',100,'055-67512','10:00:00',NULL);
/*!40000 ALTER TABLE `orders` ENABLE KEYS */;
UNLOCK TABLES;

--
-- Table structure for table `product`
--

DROP TABLE IF EXISTS `product`;
/*!40101 SET @saved_cs_client     = @@character_set_client */;
/*!50503 SET character_set_client = utf8mb4 */;
CREATE TABLE `product` (
  `product_code` varchar(20) COLLATE utf8mb3_unicode_ci NOT NULL,
  `price` int NOT NULL,
  PRIMARY KEY (`product_code`)
) ENGINE=InnoDB DEFAULT CHARSET=utf8mb3 COLLATE=utf8mb3_unicode_ci;
/*!40101 SET character_set_client = @saved_cs_client */;

--
-- Dumping data for table `product`
--

LOCK TABLES `product` WRITE;
/*!40000 ALTER TABLE `product` DISABLE KEYS */;
INSERT INTO `product` VALUES ('AA-174',175),('AA-309',157),('AB-116',64),('AB-118',80),('AC-375',58),('AE-120',182),('AE-129',379),('AG-148',417),('AG-385',190),('AI-104',83),('AJ-161',236),('AJ-191',319),('AL-107',455),('AQ-103',472),('AR-120',113),('AR-333',260),('AS-102',41),('AS-127',436),('AS-153',154),('AU-372',318),('AW-121',64),('AW-134',313),('AW-376',222),('AW-379',404),('AY-113',251),('AZ-342',309),('AZ-366',451),('BA-398',280),('BB-151',67),('BC-175',491),('BC-198',148),('BF-337',345),('BI-139',35),('BI-343',90),('BL-335',300),('BM-102',388),('BO-132',109),('BO-151',414),('BS-192',488),('BS-321',322),('BT-393',461),('BV-144',236),('BW-122',358),('BX-193',371),('CB-181',356),('CD-161',179),('CD-313',371),('CE-304',243),('CG-317',418),('CH-138',281),('CH-310',127),('CI-345',234),('CK-102',241),('CK-108',351),('CK-174',486),('CL-188',82),('CM-127',485),('CP-364',399),('CQ-328',49),('CR-321',471),('CU-140',459),('CZ-175',121),('DC-103',309),('DE-307',219),('DF-300',113),('DF-353',344),('DG-305',131),('DJ-363',62),('DK-187',177),('DK-311',430),('DK-391',272),('DN-124',183),('DP-109',435),('DP-398',159),('DS-101',437),('DU-319',306),('DV-131',284),('DV-362',167),('DW-386',123),('EA-189',251),('EA-350',303),('EE-179',50),('EE-301',280),('EG-114',136),('EI-387',58),('EK-133',266),('EK-392',159),('EL-149',237),('EL-169',349),('EL-189',311),('EL-378',264),('EM-100',489),('EM-127',456),('EP-135',170),('ER-363',416),('ES-121',249),('EU-100',95),('EU-312',131),('EZ-186',156),('EZ-384',97),('EZ-386',380),('FB-173',457),('FD-149',459),('FE-138',354),('FF-151',215),('FG-146',432),('FH-336',162),('FJ-153',139),('FO-169',446),('FO-323',216),('FP-159',169),('FV-106',123),('FV-166',339),('FW-103',85),('FZ-357',190),('GA-192',424),('GD-125',210),('GD-378',91),('GE-145',236),('GE-342',137),('GG-115',72),('GL-359',103),('GN-388',159),('GP-106',282),('GP-315',353),('GP-368',355),('GS-326',402),('GT-361',417),('GT-373',203),('GU-385',132),('GV-141',400),('GV-333',388),('GX-197',49),('GZ-161',264),('HA-180',117),('HB-136',416),('HF-142',149),('HG-105',347),('HG-184',482),('HG-191',145),('HI-121',87),('HI-370',335),('HJ-396',466),('HK-105',152),('HM-177',95),('HN-165',231),('HN-192',77),('HP-382',464),('HS-144',357),('HX-124',393),('HX-180',244),('HY-106',239),('HZ-159',346),('IA-362',444),('IC-373',122),('IE-306',444),('IH-121',346),('IH-188',250),('II-111',402),('IJ-348',135),('IK-327',359),('IM-145',188),('IO-175',272),('IP-194',308),('IQ-168',309),('IR-148',177),('IU-154',196),('IU-340',493),('IW-183',449),('IY-162',73),('IZ-189',471),('IZ-325',344),('JA-353',424),('JB-141',167),('JI-116',271),('JK-133',91),('JK-340',362),('JL-311',253),('JO-136',428),('JO-314',153),('JP-178',401),('JR-189',128),('JU-176',49),('JV-127',445),('JW-120',38),('JW-173',244),('JX-327',282),('KA-105',362),('KA-178',370),('KA-190',184),('KB-122',317),('KC-138',417),('KC-163',391),('KD-141',266),('KE-336',62),('KF-140',392),('KH-195',78),('KI-193',339),('KK-145',314),('KL-363',133),('KN-133',423),('KU-125',144),('KV-157',207),('KW-104',498),('KY-385',253),('KZ-129',60),('KZ-379',78),('LC-152',270),('LC-376',37),('LD-150',143),('LI-171',285),('LJ-133',232),('LJ-167',113),('LJ-333',344),('LN-159',84),('LO-121',125),('LP-377',381),('LP-382',452),('LQ-115',435),('LQ-162',341),('LQ-174',400),('LQ-388',461),('LU-124',154),('MA-194',200),('MA-349',33),('MD-138',57),('MG-179',249),('MG-332',47),('MI-122',54),('MJ-400',91),('MO-188',181),('MO-325',145),('MS-355',155),('NA-193',129),('ND-148',374),('ND-158',63),('NE-140',264),('NI-115',236),('NK-134',336),('NK-197',456),('NL-103',206),('NL-169',83),('NL-177',134),('NM-102',253),('NM-124',296),('NM-135',478),('NN-138',328),('NN-143',142),('NO-104',462),('NO-312',492),('NQ-164',320),('NU-174',381),('NV-303',474),('NV-390',62),('NW-105',412),('NW-185',241),('NZ-146',188),('OD-142',384),('OF-360',257),('OG-117',473),('OH-115',294),('OK-100',34),('OO-381',456),('OQ-113',176),('OQ-187',445),('OU-136',337),('PB-300',215),('PC-176',440),('PE-133',328),('PF-199',302),('PF-343',346),('PH-144',495),('PI-306',370),('PJ-132',53),('PL-138',35),('PM-132',41),('PP-184',475),('PQ-336',456),('PR-361',475),('PU-104',48),('PU-181',326),('PY-178',53),('QA-137',97),('QA-182',276),('QA-301',167),('QA-331',192),('QB-155',150),('QC-135',323),('QE-147',473),('QG-170',289),('QG-181',269),('QH-152',294),('QI-104',371),('QJ-371',285),('QK-148',179),('QM-196',344),('QN-339',196),('QP-132',59),('QR-129',418),('QR-146',108),('QS-111',141),('QU-119',153),('QU-380',292),('QY-326',305),('RA-186',222),('RA-189',237),('RC-365',235),('RD-185',306),('RD-390',116),('RF-112',425),('RG-130',364),('RG-138',448),('RG-168',152),('RI-177',478),('RJ-109',76),('RJ-123',361),('RJ-187',260),('RK-190',241),('RM-152',424),('RM-191',104),('RN-136',163),('RN-325',252),('RP-160',484),('RU-108',431),('RV-155',54),('RZ-119',267),('SA-317',299),('SA-341',468),('SB-104',208),('SD-146',241),('SF-328',250),('SK-144',395),('SN-153',289),('SP-139',198),('SS-113',162),('SS-311',339),('SU-389',127),('SV-319',474),('SW-165',404),('SW-194',266),('SX-393',111),('SY-131',127),('SZ-124',232),('SZ-177',228),('SZ-386',296),('TF-131',366),('TG-108',246),('TG-146',55),('TH-310',322),('TI-131',204),('TJ-107',171),('TM-192',332),('TN-152',240),('TN-194',300),('TP-163',435),('TR-308',277),('TR-398',448),('TS-132',444),('TS-199',435),('TU-377',463),('TW-174',401),('TW-369',438),('TX-130',347),('TY-192',252),('UA-171',68),('UA-174',172),('UC-177',255),('UE-139',251),('UF-131',174),('UG-153',155),('UG-334',87),('UH-138',254),('UH-181',55),('UI-153',190),('UI-168',96),('UJ-146',190),('UJ-174',295),('UU-385',187),('UW-113',227),('UX-110',159),('UZ-395',42),('VB-382',263),('VE-154',299),('VE-184',375),('VF-356',209),('VJ-192',101),('VK-343',247),('VL-111',339),('VL-376',347),('VM-199',260),('VM-306',358),('VM-374',184),('VN-121',197),('VN-157',173),('VN-304',266),('VQ-344',442),('VQ-382',279),('VQ-388',344),('VR-187',205),('VR-198',376),('VT-161',391),('VT-383',329),('VV-384',454),('WB-346',496),('WC-312',170),('WD-152',267),('WH-103',78),('WI-105',167),('WI-149',130),('WK-164',254),('WK-359',45),('WN-110',258),('WO-150',349),('WR-396',301),('WS-120',413),('WU-136',412),('WU-373',126),('XB-147',494),('XB-191',403),('XC-117',99),('XD-393',413),('XF-109',237),('XG-195',379),('XN-114',128),('XS-155',452),('XS-357',38),('XU-163',31),('YC-113',454),('YC-122',481),('YD-183',285),('YH-144',328),('YH-325',157),('YJ-117',423),('YK-159',89),('YL-189',429),('YN-160',32),('YO-117',385),('YR-157',436),('YS-330',130),('YU-118',248),('YV-333',402),('YY-345',167),('ZC-199',195),('ZC-320',170),('ZD-122',473),('ZF-182',317),('ZF-329',418),('ZF-337',390),('ZG-116',483),('ZH-142',376),('ZH-194',31),('ZI-111',65),('ZK-144',219),('ZK-189',390),('ZK-351',298),('ZP-149',400),('ZP-169',319),('ZP-187',255),('ZP-371',417),('ZR-107',180),('ZR-348',253),('ZT-152',337),('ZU-312',125),('ZU-377',85),('ZW-357',314),('ZY-179',299),('ZZ-142',446),('ZZ-164',119),('ZZ-369',494);
/*!40000 ALTER TABLE `product` ENABLE KEYS */;
UNLOCK TABLES;

--
-- Table structure for table `projection`
--

DROP TABLE IF EXISTS `projection`;
/*!40101 SET @saved_cs_client     = @@character_set_client */;
/*!50503 SET character_set_client = utf8mb4 */;
CREATE TABLE `projection` (
  `projection_id` int NOT NULL,
  `cinema_id` int NOT NULL,
  `room_id` int NOT NULL,
  `date` date NOT NULL,
  `start_time` time NOT NULL,
  `end_time` time NOT NULL,
  `movie_name` varchar(256) COLLATE utf8mb3_unicode_ci NOT NULL,
  PRIMARY KEY (`projection_id`,`cinema_id`),
  KEY `cinema_id` (`cinema_id`,`room_id`),
  CONSTRAINT `projection_ibfk_1` FOREIGN KEY (`cinema_id`, `room_id`) REFERENCES `rooms` (`cinema_id`, `room_id`)
) ENGINE=InnoDB DEFAULT CHARSET=utf8mb3 COLLATE=utf8mb3_unicode_ci;
/*!40101 SET character_set_client = @saved_cs_client */;

--
-- Dumping data for table `projection`
--

LOCK TABLES `projection` WRITE;
/*!40000 ALTER TABLE `projection` DISABLE KEYS */;
INSERT INTO `projection` VALUES (722,4,3,'2005-05-14','18:24:02','20:24:02','Movie 477'),(899,6,1,'1968-04-12','16:00:41','18:00:41','Movie 603'),(1382,1,7,'2014-01-04','10:35:28','12:35:28','Movie 480'),(2778,3,3,'2023-03-13','18:49:31','20:49:31','Movie 741'),(3723,7,9,'1976-02-13','20:38:30','22:38:30','Movie 685'),(4045,11,4,'2018-02-11','19:18:12','21:18:12','Movie 11'),(4243,5,9,'1976-02-13','20:38:30','22:38:30','Movie 265'),(5724,4,3,'2023-03-13','18:49:31','20:49:31','Movie 25'),(6966,1,9,'2005-05-14','18:24:02','20:24:02','Movie 60'),(7186,1,7,'1976-02-13','20:38:30','22:38:30','Movie 337'),(7212,8,5,'1992-04-03','16:28:20','18:28:20','Movie 458'),(11305,12,10,'2023-03-13','18:49:31','20:49:31','Movie 346'),(12362,5,3,'2005-05-14','18:24:02','20:24:02','Movie 313'),(14531,8,2,'1968-04-12','16:00:41','18:00:41','Movie 971'),(15649,9,1,'2021-04-16','10:00:00','12:00:00','Movie 9'),(17112,10,4,'2018-02-11','19:18:12','21:18:12','Movie 495'),(17189,3,9,'2000-03-20','19:58:07','21:58:07','Movie 941'),(17287,8,8,'2023-03-13','18:49:31','20:49:31','Movie 851'),(17430,9,1,'2023-04-12','10:00:00','12:00:00','Movie 1'),(17716,12,6,'2000-03-20','19:58:07','21:58:07','Movie 304'),(17920,4,4,'1990-04-29','17:53:08','19:53:08','Movie 91'),(18000,6,1,'2021-04-16','10:00:00','12:00:00','Movie 9'),(20393,9,3,'1990-04-29','17:53:08','19:53:08','Movie 915'),(20515,5,9,'1992-04-03','16:28:20','18:28:20','Movie 374'),(20807,6,7,'1976-02-13','20:38:30','22:38:30','Movie 308'),(20953,6,9,'2005-05-14','18:24:02','20:24:02','Movie 588'),(21619,1,2,'2005-05-14','18:24:02','20:24:02','Movie 282'),(21813,12,9,'1968-04-12','16:00:41','18:00:41','Movie 359'),(22093,1,9,'1968-04-12','16:00:41','18:00:41','Movie 116'),(23170,5,5,'1968-04-12','16:00:41','18:00:41','Movie 279'),(23856,1,5,'2014-01-04','10:35:28','12:35:28','Movie 648'),(24053,8,2,'2000-03-20','19:58:07','21:58:07','Movie 411'),(24454,4,5,'1990-04-29','17:53:08','19:53:08','Movie 815'),(24926,4,10,'2014-01-04','10:35:28','12:35:28','Movie 931'),(24962,6,2,'2005-05-14','18:24:02','20:24:02','Movie 865'),(25252,4,1,'2023-04-13','14:00:00','16:00:00','Movie 6'),(29710,6,1,'2023-05-12','10:00:00','12:00:00','Movie 1'),(31214,4,2,'1992-04-03','16:28:20','18:28:20','Movie 880'),(31449,2,2,'2000-03-20','19:58:07','21:58:07','Movie 542'),(33852,3,4,'2000-03-20','19:58:07','21:58:07','Movie 783'),(35915,7,1,'2022-04-15','14:00:00','16:00:00','Movie 8'),(35938,6,7,'1992-04-03','16:28:20','18:28:20','Movie 198'),(39518,7,1,'1990-04-29','17:53:08','19:53:08','Movie 711'),(39696,9,6,'1976-02-13','20:38:30','22:38:30','Movie 872'),(40575,11,8,'1990-04-29','17:53:08','19:53:08','Movie 748'),(41075,2,1,'1976-02-13','20:38:30','22:38:30','Movie 750'),(41311,4,6,'1976-02-13','20:38:30','22:38:30','Movie 758'),(45472,11,6,'1990-04-29','17:53:08','19:53:08','Movie 584'),(45698,2,1,'2023-05-13','10:00:00','12:00:00','Movie 3'),(47320,9,5,'2018-02-11','19:18:12','21:18:12','Movie 257'),(47697,5,9,'2023-03-13','18:49:31','20:49:31','Movie 992'),(48526,9,1,'2022-04-20','14:00:00','16:00:00','Movie 10'),(49344,10,4,'1968-04-12','16:00:41','18:00:41','Movie 759'),(50233,1,1,'1992-04-03','16:28:20','18:28:20','Movie 16'),(51673,3,3,'2023-02-13','14:00:00','16:00:00','Movie 4'),(53847,7,3,'1968-04-12','16:00:41','18:00:41','Movie 968'),(54158,7,1,'2023-06-16','10:00:00','12:00:00','Movie 9'),(54498,8,6,'2023-03-13','18:49:31','20:49:31','Movie 807'),(54727,11,4,'1992-04-03','16:28:20','18:28:20','Movie 475'),(55658,7,10,'2005-05-14','18:24:02','20:24:02','Movie 328'),(56259,2,6,'1992-04-03','16:28:20','18:28:20','Movie 757'),(57852,7,1,'2023-01-14','10:00:00','12:00:00','Movie 5'),(58258,1,9,'1990-04-29','17:53:08','19:53:08','Movie 432'),(58329,4,8,'2000-03-20','19:58:07','21:58:07','Movie 556'),(58942,10,3,'1992-04-03','16:28:20','18:28:20','Movie 529'),(59418,10,7,'1976-02-13','20:38:30','22:38:30','Movie 248'),(60503,10,6,'1976-02-13','20:38:30','22:38:30','Movie 684'),(60848,8,8,'2018-02-11','19:18:12','21:18:12','Movie 800'),(61334,12,2,'1990-04-29','17:53:08','19:53:08','Movie 901'),(61673,6,3,'1990-04-29','17:53:08','19:53:08','Movie 483'),(63491,12,4,'1990-04-29','17:53:08','19:53:08','Movie 305'),(67177,10,9,'2018-02-11','19:18:12','21:18:12','Movie 167'),(68545,11,5,'1992-04-03','16:28:20','18:28:20','Movie 846'),(68572,8,2,'2018-02-11','19:18:12','21:18:12','Movie 619'),(70184,9,1,'1992-04-03','16:28:20','18:28:20','Movie 95'),(70557,4,1,'2014-01-04','10:35:28','12:35:28','Movie 58'),(71209,3,10,'1992-04-03','16:28:20','18:28:20','Movie 740'),(71602,9,3,'2005-05-14','18:24:02','20:24:02','Movie 822'),(71944,6,1,'2023-03-13','10:00:00','12:00:00','Movie 3'),(72691,7,6,'2023-03-13','18:49:31','20:49:31','Movie 810'),(73014,6,1,'1976-02-13','20:38:30','22:38:30','Movie 881'),(73959,3,10,'2014-01-04','10:35:28','12:35:28','Movie 770'),(74652,4,10,'1976-02-13','20:38:30','22:38:30','Movie 915'),(74657,7,8,'1992-04-03','16:28:20','18:28:20','Movie 873'),(75262,4,2,'2023-09-12','14:00:00','16:00:00','Movie 2'),(76654,11,3,'2023-03-13','18:49:31','20:49:31','Movie 714'),(77799,8,10,'1976-02-13','20:38:30','22:38:30','Movie 798'),(78222,9,7,'2000-03-20','19:58:07','21:58:07','Movie 199'),(78241,5,1,'2023-03-13','18:49:31','20:49:31','Movie 286'),(78826,10,8,'1990-04-29','17:53:08','19:53:08','Movie 434'),(79115,6,5,'1968-04-12','16:00:41','18:00:41','Movie 785'),(79356,8,7,'2023-03-13','18:49:31','20:49:31','Movie 848'),(79508,5,4,'2018-02-11','19:18:12','21:18:12','Movie 876'),(80092,10,3,'1976-02-13','20:38:30','22:38:30','Movie 226'),(81408,5,5,'2023-03-13','18:49:31','20:49:31','Movie 468'),(81765,2,4,'2023-03-13','18:49:31','20:49:31','Movie 640'),(84852,4,1,'2023-04-14','10:00:00','12:00:00','Movie 7'),(85236,2,3,'2022-04-13','14:00:00','16:00:00','Movie 4'),(85367,1,1,'2022-02-16','14:00:00','16:00:00','Movie 10'),(86928,5,3,'2000-03-20','19:58:07','21:58:07','Movie 861'),(87092,12,2,'2005-05-14','18:24:02','20:24:02','Movie 997'),(87192,7,6,'1992-04-03','16:28:20','18:28:20','Movie 188'),(87256,3,8,'2023-03-13','18:49:31','20:49:31','Movie 317'),(87362,12,10,'1968-04-12','16:00:41','18:00:41','Movie 30'),(87395,9,1,'2023-02-15','14:00:00','16:00:00','Movie 8'),(87614,5,5,'1976-02-13','20:38:30','22:38:30','Movie 438'),(87819,8,1,'2023-07-15','10:00:00','12:00:00','Movie 7'),(88110,8,2,'1976-02-13','20:38:30','22:38:30','Movie 521'),(89232,4,2,'2022-04-12','14:00:00','16:00:00','Movie 2'),(92413,9,1,'2000-03-20','19:58:07','21:58:07','Movie 57'),(93315,12,7,'1990-04-29','17:53:08','19:53:08','Movie 504'),(94262,1,6,'1990-04-29','17:53:08','19:53:08','Movie 916'),(96450,6,10,'1992-04-03','16:28:20','18:28:20','Movie 160'),(96863,6,1,'1990-04-29','17:53:08','19:53:08','Movie 223'),(97304,8,7,'1968-04-12','16:00:41','18:00:41','Movie 494'),(97693,1,8,'2005-05-14','18:24:02','20:24:02','Movie 142'),(97862,7,7,'1992-04-03','16:28:20','18:28:20','Movie 871'),(98066,6,4,'1990-04-29','17:53:08','19:53:08','Movie 856'),(99770,9,7,'2005-05-14','18:24:02','20:24:02','Movie 114'),(101279,5,3,'2018-02-11','19:18:12','21:18:12','Movie 209'),(101328,6,1,'2005-05-14','18:24:02','20:24:02','Movie 213'),(101704,1,8,'1976-02-13','20:38:30','22:38:30','Movie 24'),(101936,3,3,'1992-04-03','16:28:20','18:28:20','Movie 155'),(102158,2,3,'2018-02-11','19:18:12','21:18:12','Movie 126'),(102842,1,1,'1968-04-12','16:00:41','18:00:41','Movie 158'),(104214,2,8,'1992-04-03','16:28:20','18:28:20','Movie 345'),(104276,9,2,'1992-04-03','16:28:20','18:28:20','Movie 62'),(104970,12,5,'2018-02-11','19:18:12','21:18:12','Movie 824'),(105927,8,4,'1990-04-29','17:53:08','19:53:08','Movie 514'),(107864,9,2,'1968-04-12','16:00:41','18:00:41','Movie 335'),(108350,9,5,'1976-02-13','20:38:30','22:38:30','Movie 222'),(108707,9,10,'2005-05-14','18:24:02','20:24:02','Movie 361'),(108755,5,6,'2005-05-14','18:24:02','20:24:02','Movie 574'),(111079,8,4,'2005-05-14','18:24:02','20:24:02','Movie 807'),(111116,5,10,'1976-02-13','20:38:30','22:38:30','Movie 224'),(111918,2,9,'1992-04-03','16:28:20','18:28:20','Movie 484'),(112157,11,6,'1976-02-13','20:38:30','22:38:30','Movie 235'),(112901,6,1,'2000-03-20','19:58:07','21:58:07','Movie 136'),(113275,11,7,'2005-05-14','18:24:02','20:24:02','Movie 444'),(114583,11,10,'2018-02-11','19:18:12','21:18:12','Movie 969'),(115062,8,3,'1976-02-13','20:38:30','22:38:30','Movie 875'),(116520,1,8,'2023-03-13','18:49:31','20:49:31','Movie 817'),(116899,3,1,'2018-02-11','19:18:12','21:18:12','Movie 773'),(118112,1,4,'2000-03-20','19:58:07','21:58:07','Movie 216'),(118609,12,9,'2018-02-11','19:18:12','21:18:12','Movie 820'),(118929,11,1,'2023-03-13','18:49:31','20:49:31','Movie 296'),(121128,10,5,'1976-02-13','20:38:30','22:38:30','Movie 640'),(121322,9,9,'1968-04-12','16:00:41','18:00:41','Movie 6'),(121339,8,2,'2005-05-14','18:24:02','20:24:02','Movie 601'),(126665,10,3,'2005-05-14','18:24:02','20:24:02','Movie 440'),(127108,2,10,'2000-03-20','19:58:07','21:58:07','Movie 751'),(127726,5,3,'1990-04-29','17:53:08','19:53:08','Movie 331'),(129766,3,3,'2014-01-04','10:35:28','12:35:28','Movie 466'),(132013,3,8,'2014-01-04','10:35:28','12:35:28','Movie 754'),(133004,3,5,'1976-02-13','20:38:30','22:38:30','Movie 928'),(133052,12,7,'2023-03-13','18:49:31','20:49:31','Movie 395'),(133300,2,10,'2014-01-04','10:35:28','12:35:28','Movie 908'),(133635,11,5,'1968-04-12','16:00:41','18:00:41','Movie 198'),(134514,7,1,'1976-02-13','20:38:30','22:38:30','Movie 976'),(136582,8,10,'1992-04-03','16:28:20','18:28:20','Movie 195'),(138296,11,5,'2005-05-14','18:24:02','20:24:02','Movie 555'),(139397,5,7,'2000-03-20','19:58:07','21:58:07','Movie 750'),(140492,11,5,'2000-03-20','19:58:07','21:58:07','Movie 518'),(144201,12,1,'1976-02-13','20:38:30','22:38:30','Movie 350'),(144383,9,9,'2000-03-20','19:58:07','21:58:07','Movie 266'),(145648,4,1,'1990-04-29','17:53:08','19:53:08','Movie 462'),(146311,8,1,'2023-03-13','18:49:31','20:49:31','Movie 122'),(147675,11,2,'1992-04-03','16:28:20','18:28:20','Movie 53'),(149213,4,8,'2018-02-11','19:18:12','21:18:12','Movie 975'),(150536,5,9,'2005-05-14','18:24:02','20:24:02','Movie 243'),(151090,4,5,'2014-01-04','10:35:28','12:35:28','Movie 341'),(152187,4,6,'2023-03-13','18:49:31','20:49:31','Movie 191'),(156182,9,2,'2018-02-11','19:18:12','21:18:12','Movie 882'),(157000,10,2,'2023-03-13','18:49:31','20:49:31','Movie 577'),(157876,12,3,'1976-02-13','20:38:30','22:38:30','Movie 582'),(158376,3,9,'2023-03-13','18:49:31','20:49:31','Movie 484'),(158701,3,3,'1976-02-13','20:38:30','22:38:30','Movie 532'),(161074,6,9,'1968-04-12','16:00:41','18:00:41','Movie 557'),(161450,8,10,'1990-04-29','17:53:08','19:53:08','Movie 749'),(163699,12,10,'1992-04-03','16:28:20','18:28:20','Movie 78'),(165632,11,2,'2023-03-13','18:49:31','20:49:31','Movie 704'),(166148,2,10,'1976-02-13','20:38:30','22:38:30','Movie 426'),(166161,5,10,'2023-03-13','18:49:31','20:49:31','Movie 261'),(166855,4,9,'1976-02-13','20:38:30','22:38:30','Movie 306'),(167606,7,9,'1990-04-29','17:53:08','19:53:08','Movie 416'),(167720,9,2,'2000-03-20','19:58:07','21:58:07','Movie 288'),(168324,4,3,'1968-04-12','16:00:41','18:00:41','Movie 894'),(168478,2,8,'2000-03-20','19:58:07','21:58:07','Movie 322'),(168715,12,5,'2000-03-20','19:58:07','21:58:07','Movie 179'),(169721,8,5,'2018-02-11','19:18:12','21:18:12','Movie 289'),(170645,8,7,'1992-04-03','16:28:20','18:28:20','Movie 399'),(173226,8,1,'1976-02-13','20:38:30','22:38:30','Movie 114'),(173301,3,10,'1968-04-12','16:00:41','18:00:41','Movie 754'),(173508,10,2,'2018-02-11','19:18:12','21:18:12','Movie 666'),(173617,12,5,'2023-03-13','18:49:31','20:49:31','Movie 880'),(174623,3,9,'1990-04-29','17:53:08','19:53:08','Movie 941'),(176427,3,2,'1968-04-12','16:00:41','18:00:41','Movie 592'),(177422,2,5,'1990-04-29','17:53:08','19:53:08','Movie 701'),(177639,9,6,'2018-02-11','19:18:12','21:18:12','Movie 463'),(179640,10,4,'2005-05-14','18:24:02','20:24:02','Movie 311'),(181270,6,10,'1968-04-12','16:00:41','18:00:41','Movie 132'),(182348,7,5,'1976-02-13','20:38:30','22:38:30','Movie 253'),(182458,7,2,'2018-02-11','19:18:12','21:18:12','Movie 898'),(183391,10,3,'1990-04-29','17:53:08','19:53:08','Movie 902'),(183518,9,10,'2000-03-20','19:58:07','21:58:07','Movie 923'),(186754,10,2,'1968-04-12','16:00:41','18:00:41','Movie 257'),(187396,10,1,'2000-03-20','19:58:07','21:58:07','Movie 147'),(188414,1,6,'2023-03-13','18:49:31','20:49:31','Movie 410'),(188531,2,10,'1992-04-03','16:28:20','18:28:20','Movie 104'),(188532,2,5,'2023-03-13','18:49:31','20:49:31','Movie 486'),(189114,4,3,'2014-01-04','10:35:28','12:35:28','Movie 842'),(192151,10,8,'2005-05-14','18:24:02','20:24:02','Movie 902'),(193139,8,7,'2005-05-14','18:24:02','20:24:02','Movie 601'),(193203,4,6,'2005-05-14','18:24:02','20:24:02','Movie 825'),(195908,7,2,'1990-04-29','17:53:08','19:53:08','Movie 62'),(195933,10,2,'1992-04-03','16:28:20','18:28:20','Movie 816'),(198161,12,3,'2000-03-20','19:58:07','21:58:07','Movie 585'),(201007,9,3,'2018-02-11','19:18:12','21:18:12','Movie 133'),(201583,9,10,'2023-03-13','18:49:31','20:49:31','Movie 523'),(202026,7,4,'1990-04-29','17:53:08','19:53:08','Movie 460'),(202193,12,2,'1992-04-03','16:28:20','18:28:20','Movie 919'),(202268,5,2,'1992-04-03','16:28:20','18:28:20','Movie 732'),(202344,5,9,'2000-03-20','19:58:07','21:58:07','Movie 728'),(203447,4,6,'2014-01-04','10:35:28','12:35:28','Movie 731'),(206793,3,7,'1990-04-29','17:53:08','19:53:08','Movie 980'),(207015,1,3,'1976-02-13','20:38:30','22:38:30','Movie 746'),(208264,11,3,'1976-02-13','20:38:30','22:38:30','Movie 241'),(209250,7,6,'1976-02-13','20:38:30','22:38:30','Movie 151'),(210277,6,8,'2000-03-20','19:58:07','21:58:07','Movie 137'),(211460,4,9,'2014-01-04','10:35:28','12:35:28','Movie 708'),(211697,3,3,'2005-05-14','18:24:02','20:24:02','Movie 515'),(212771,8,3,'2018-02-11','19:18:12','21:18:12','Movie 483'),(212836,3,7,'2014-01-04','10:35:28','12:35:28','Movie 436'),(213839,10,9,'1990-04-29','17:53:08','19:53:08','Movie 90'),(213919,9,4,'2023-03-13','18:49:31','20:49:31','Movie 823'),(214549,6,7,'2023-03-13','18:49:31','20:49:31','Movie 336'),(214938,3,5,'2014-01-04','10:35:28','12:35:28','Movie 560'),(217067,12,7,'1992-04-03','16:28:20','18:28:20','Movie 400'),(217448,7,7,'2018-02-11','19:18:12','21:18:12','Movie 91'),(222189,9,5,'1992-04-03','16:28:20','18:28:20','Movie 266'),(223625,8,8,'2005-05-14','18:24:02','20:24:02','Movie 160'),(223836,3,10,'2023-03-13','18:49:31','20:49:31','Movie 339'),(225022,3,2,'1992-04-03','16:28:20','18:28:20','Movie 989'),(225106,5,3,'1968-04-12','16:00:41','18:00:41','Movie 410'),(226092,1,6,'1976-02-13','20:38:30','22:38:30','Movie 931'),(226647,2,1,'2000-03-20','19:58:07','21:58:07','Movie 530'),(227265,6,1,'2018-02-11','19:18:12','21:18:12','Movie 636'),(229307,3,8,'2000-03-20','19:58:07','21:58:07','Movie 735'),(230756,5,6,'1992-04-03','16:28:20','18:28:20','Movie 651'),(233371,9,9,'2005-05-14','18:24:02','20:24:02','Movie 935'),(234201,11,7,'1990-04-29','17:53:08','19:53:08','Movie 474'),(234250,11,10,'1990-04-29','17:53:08','19:53:08','Movie 444'),(234271,3,2,'2023-03-13','18:49:31','20:49:31','Movie 810'),(234521,6,4,'1992-04-03','16:28:20','18:28:20','Movie 561'),(234864,9,4,'2000-03-20','19:58:07','21:58:07','Movie 859'),(235066,6,9,'1992-04-03','16:28:20','18:28:20','Movie 338'),(235988,9,4,'2005-05-14','18:24:02','20:24:02','Movie 890'),(238622,1,3,'2005-05-14','18:24:02','20:24:02','Movie 260'),(238900,6,6,'2000-03-20','19:58:07','21:58:07','Movie 584'),(239913,1,7,'1992-04-03','16:28:20','18:28:20','Movie 933'),(241719,4,10,'1968-04-12','16:00:41','18:00:41','Movie 704'),(243174,10,5,'1992-04-03','16:28:20','18:28:20','Movie 662'),(243664,10,9,'1968-04-12','16:00:41','18:00:41','Movie 699'),(245893,4,9,'1992-04-03','16:28:20','18:28:20','Movie 942'),(248506,6,10,'1976-02-13','20:38:30','22:38:30','Movie 755'),(248637,5,1,'2018-02-11','19:18:12','21:18:12','Movie 188'),(248954,10,3,'1968-04-12','16:00:41','18:00:41','Movie 161'),(248995,11,10,'2000-03-20','19:58:07','21:58:07','Movie 144'),(249036,8,7,'1990-04-29','17:53:08','19:53:08','Movie 52'),(249292,2,4,'1992-04-03','16:28:20','18:28:20','Movie 771'),(249333,10,8,'2023-03-13','18:49:31','20:49:31','Movie 411'),(250019,11,1,'2005-05-14','18:24:02','20:24:02','Movie 118'),(250020,4,5,'1976-02-13','20:38:30','22:38:30','Movie 830'),(251029,2,4,'2014-01-04','10:35:28','12:35:28','Movie 127'),(251985,2,10,'2023-03-13','18:49:31','20:49:31','Movie 395'),(253128,1,10,'2005-05-14','18:24:02','20:24:02','Movie 854'),(253186,7,7,'1990-04-29','17:53:08','19:53:08','Movie 706'),(256575,10,8,'2018-02-11','19:18:12','21:18:12','Movie 38'),(256874,2,9,'2018-02-11','19:18:12','21:18:12','Movie 448'),(258292,3,2,'1990-04-29','17:53:08','19:53:08','Movie 933'),(258565,12,8,'1968-04-12','16:00:41','18:00:41','Movie 977'),(260607,9,1,'2023-03-13','18:49:31','20:49:31','Movie 161'),(261300,12,7,'2005-05-14','18:24:02','20:24:02','Movie 551'),(262822,3,10,'2000-03-20','19:58:07','21:58:07','Movie 262'),(262983,3,1,'1976-02-13','20:38:30','22:38:30','Movie 552'),(263369,7,2,'1968-04-12','16:00:41','18:00:41','Movie 449'),(264914,4,10,'1992-04-03','16:28:20','18:28:20','Movie 400'),(265521,7,7,'2005-05-14','18:24:02','20:24:02','Movie 816'),(267727,9,5,'2000-03-20','19:58:07','21:58:07','Movie 594'),(268215,1,8,'1992-04-03','16:28:20','18:28:20','Movie 397'),(269047,6,5,'2018-02-11','19:18:12','21:18:12','Movie 909'),(269313,6,5,'2023-03-13','18:49:31','20:49:31','Movie 806'),(269669,4,2,'1990-04-29','17:53:08','19:53:08','Movie 341'),(269689,1,10,'2018-02-11','19:18:12','21:18:12','Movie 613'),(270681,11,10,'2023-03-13','18:49:31','20:49:31','Movie 872'),(271781,8,6,'2005-05-14','18:24:02','20:24:02','Movie 252'),(273176,10,5,'2005-05-14','18:24:02','20:24:02','Movie 962'),(274347,4,3,'1976-02-13','20:38:30','22:38:30','Movie 48'),(275108,1,3,'2018-02-11','19:18:12','21:18:12','Movie 107'),(275414,6,6,'2018-02-11','19:18:12','21:18:12','Movie 616'),(275555,8,6,'1992-04-03','16:28:20','18:28:20','Movie 659'),(276555,2,8,'1968-04-12','16:00:41','18:00:41','Movie 360'),(277487,9,5,'1968-04-12','16:00:41','18:00:41','Movie 150'),(282108,6,4,'1968-04-12','16:00:41','18:00:41','Movie 541'),(286274,6,9,'1990-04-29','17:53:08','19:53:08','Movie 386'),(288734,4,4,'1968-04-12','16:00:41','18:00:41','Movie 158'),(289871,3,3,'2018-02-11','19:18:12','21:18:12','Movie 37'),(290241,1,4,'2023-03-13','18:49:31','20:49:31','Movie 850'),(294549,3,3,'2000-03-20','19:58:07','21:58:07','Movie 229'),(295908,8,1,'2005-05-14','18:24:02','20:24:02','Movie 292'),(295977,10,1,'1992-04-03','16:28:20','18:28:20','Movie 221'),(297960,1,5,'2005-05-14','18:24:02','20:24:02','Movie 463'),(299513,12,1,'2005-05-14','18:24:02','20:24:02','Movie 833'),(299658,5,7,'1992-04-03','16:28:20','18:28:20','Movie 198'),(300163,12,10,'2018-02-11','19:18:12','21:18:12','Movie 131'),(301007,4,4,'1976-02-13','20:38:30','22:38:30','Movie 224'),(301225,2,6,'1968-04-12','16:00:41','18:00:41','Movie 185'),(302318,3,4,'1968-04-12','16:00:41','18:00:41','Movie 656'),(302819,1,9,'2023-03-13','18:49:31','20:49:31','Movie 130'),(303351,4,6,'1990-04-29','17:53:08','19:53:08','Movie 675'),(304126,9,8,'1968-04-12','16:00:41','18:00:41','Movie 837'),(304324,8,9,'1976-02-13','20:38:30','22:38:30','Movie 907'),(304455,5,8,'2023-03-13','18:49:31','20:49:31','Movie 843'),(304592,5,7,'2018-02-11','19:18:12','21:18:12','Movie 261'),(305653,9,10,'1990-04-29','17:53:08','19:53:08','Movie 621'),(306182,12,1,'2000-03-20','19:58:07','21:58:07','Movie 810'),(308202,6,5,'1990-04-29','17:53:08','19:53:08','Movie 920'),(309125,11,6,'2000-03-20','19:58:07','21:58:07','Movie 146'),(311704,5,6,'1968-04-12','16:00:41','18:00:41','Movie 276'),(311731,4,5,'2005-05-14','18:24:02','20:24:02','Movie 577'),(312284,3,1,'2014-01-04','10:35:28','12:35:28','Movie 942'),(313537,2,4,'2000-03-20','19:58:07','21:58:07','Movie 197'),(314285,9,1,'1990-04-29','17:53:08','19:53:08','Movie 559'),(314709,9,2,'2023-03-13','18:49:31','20:49:31','Movie 819'),(314887,8,10,'1968-04-12','16:00:41','18:00:41','Movie 826'),(315466,2,6,'1976-02-13','20:38:30','22:38:30','Movie 474'),(317485,10,9,'2023-03-13','18:49:31','20:49:31','Movie 13'),(319214,7,2,'1976-02-13','20:38:30','22:38:30','Movie 744'),(321537,2,9,'1976-02-13','20:38:30','22:38:30','Movie 393'),(321986,1,3,'2000-03-20','19:58:07','21:58:07','Movie 797'),(322056,4,10,'2000-03-20','19:58:07','21:58:07','Movie 828'),(323510,4,2,'1976-02-13','20:38:30','22:38:30','Movie 189'),(323541,3,6,'2014-01-04','10:35:28','12:35:28','Movie 393'),(324940,1,1,'2023-03-13','18:49:31','20:49:31','Movie 947'),(327207,1,7,'1990-04-29','17:53:08','19:53:08','Movie 721'),(328458,8,5,'2023-03-13','18:49:31','20:49:31','Movie 944'),(328730,6,5,'1976-02-13','20:38:30','22:38:30','Movie 559'),(329255,2,8,'2018-02-11','19:18:12','21:18:12','Movie 399'),(329315,3,8,'1968-04-12','16:00:41','18:00:41','Movie 780'),(330078,8,5,'2005-05-14','18:24:02','20:24:02','Movie 132'),(332499,6,2,'2023-03-13','18:49:31','20:49:31','Movie 503'),(333979,11,8,'1992-04-03','16:28:20','18:28:20','Movie 928'),(334547,5,6,'1990-04-29','17:53:08','19:53:08','Movie 601'),(334617,7,7,'1976-02-13','20:38:30','22:38:30','Movie 592'),(335390,6,3,'2000-03-20','19:58:07','21:58:07','Movie 730'),(335408,4,3,'2018-02-11','19:18:12','21:18:12','Movie 296'),(335440,9,4,'1976-02-13','20:38:30','22:38:30','Movie 818'),(335612,5,7,'1990-04-29','17:53:08','19:53:08','Movie 867'),(335793,2,2,'2023-03-13','18:49:31','20:49:31','Movie 867'),(337567,8,9,'2018-02-11','19:18:12','21:18:12','Movie 904'),(339239,1,4,'2005-05-14','18:24:02','20:24:02','Movie 411'),(339360,3,10,'2005-05-14','18:24:02','20:24:02','Movie 832'),(339382,5,10,'1990-04-29','17:53:08','19:53:08','Movie 824'),(339678,12,4,'2018-02-11','19:18:12','21:18:12','Movie 957'),(340119,9,3,'1968-04-12','16:00:41','18:00:41','Movie 532'),(340494,11,3,'2000-03-20','19:58:07','21:58:07','Movie 467'),(341435,11,3,'1990-04-29','17:53:08','19:53:08','Movie 788'),(342746,5,5,'1992-04-03','16:28:20','18:28:20','Movie 20'),(344206,2,4,'2018-02-11','19:18:12','21:18:12','Movie 130'),(345880,9,2,'1976-02-13','20:38:30','22:38:30','Movie 712'),(346261,1,5,'2000-03-20','19:58:07','21:58:07','Movie 940'),(346455,9,8,'1990-04-29','17:53:08','19:53:08','Movie 201'),(347162,9,2,'2005-05-14','18:24:02','20:24:02','Movie 971'),(347792,5,6,'1976-02-13','20:38:30','22:38:30','Movie 122'),(349350,10,8,'1992-04-03','16:28:20','18:28:20','Movie 50'),(349583,9,3,'1992-04-03','16:28:20','18:28:20','Movie 332'),(351159,11,3,'2018-02-11','19:18:12','21:18:12','Movie 248'),(351209,1,4,'1976-02-13','20:38:30','22:38:30','Movie 794'),(351295,10,2,'1976-02-13','20:38:30','22:38:30','Movie 176'),(353503,10,10,'1990-04-29','17:53:08','19:53:08','Movie 799'),(354135,4,6,'2000-03-20','19:58:07','21:58:07','Movie 258'),(354235,4,6,'1992-04-03','16:28:20','18:28:20','Movie 148'),(354965,9,3,'2000-03-20','19:58:07','21:58:07','Movie 971'),(355114,11,5,'1976-02-13','20:38:30','22:38:30','Movie 846'),(356508,10,4,'1992-04-03','16:28:20','18:28:20','Movie 706'),(357535,7,6,'2000-03-20','19:58:07','21:58:07','Movie 355'),(358334,9,5,'2023-03-13','18:49:31','20:49:31','Movie 600'),(358556,10,2,'2005-05-14','18:24:02','20:24:02','Movie 450'),(360103,10,4,'1976-02-13','20:38:30','22:38:30','Movie 720'),(361322,4,3,'2000-03-20','19:58:07','21:58:07','Movie 16'),(361707,7,4,'1976-02-13','20:38:30','22:38:30','Movie 185'),(363352,8,3,'2000-03-20','19:58:07','21:58:07','Movie 887'),(364421,11,9,'2023-03-13','18:49:31','20:49:31','Movie 316'),(364874,10,7,'1990-04-29','17:53:08','19:53:08','Movie 463'),(365707,5,8,'1990-04-29','17:53:08','19:53:08','Movie 74'),(366589,7,3,'1990-04-29','17:53:08','19:53:08','Movie 790'),(368585,1,8,'1990-04-29','17:53:08','19:53:08','Movie 470'),(368847,7,3,'2005-05-14','18:24:02','20:24:02','Movie 558'),(371370,12,3,'1968-04-12','16:00:41','18:00:41','Movie 186'),(373254,12,6,'1976-02-13','20:38:30','22:38:30','Movie 757'),(373889,2,3,'2023-03-13','18:49:31','20:49:31','Movie 76'),(375274,1,2,'2014-01-04','10:35:28','12:35:28','Movie 856'),(375548,2,6,'1990-04-29','17:53:08','19:53:08','Movie 781'),(375812,11,6,'2018-02-11','19:18:12','21:18:12','Movie 625'),(376376,8,2,'2023-03-13','18:49:31','20:49:31','Movie 363'),(378452,12,4,'1968-04-12','16:00:41','18:00:41','Movie 298'),(379299,2,9,'1990-04-29','17:53:08','19:53:08','Movie 988'),(379554,1,5,'1968-04-12','16:00:41','18:00:41','Movie 510'),(381477,2,7,'2023-03-13','18:49:31','20:49:31','Movie 784'),(381527,2,6,'2014-01-04','10:35:28','12:35:28','Movie 443'),(383188,1,7,'2018-02-11','19:18:12','21:18:12','Movie 329'),(385901,12,8,'2000-03-20','19:58:07','21:58:07','Movie 568'),(385903,11,1,'1968-04-12','16:00:41','18:00:41','Movie 0'),(386461,8,3,'1992-04-03','16:28:20','18:28:20','Movie 382'),(386610,1,10,'1992-04-03','16:28:20','18:28:20','Movie 239'),(387239,6,2,'1976-02-13','20:38:30','22:38:30','Movie 721'),(389121,7,9,'1968-04-12','16:00:41','18:00:41','Movie 207'),(393196,8,4,'1976-02-13','20:38:30','22:38:30','Movie 947'),(395122,8,6,'2018-02-11','19:18:12','21:18:12','Movie 980'),(396165,10,1,'1990-04-29','17:53:08','19:53:08','Movie 662'),(397821,3,8,'2018-02-11','19:18:12','21:18:12','Movie 543'),(398681,8,10,'2000-03-20','19:58:07','21:58:07','Movie 311'),(399373,10,5,'2000-03-20','19:58:07','21:58:07','Movie 205'),(402702,3,5,'1992-04-03','16:28:20','18:28:20','Movie 427'),(404714,3,6,'1968-04-12','16:00:41','18:00:41','Movie 358'),(405825,1,4,'2014-01-04','10:35:28','12:35:28','Movie 126'),(406027,1,8,'2000-03-20','19:58:07','21:58:07','Movie 893'),(409647,1,3,'2014-01-04','10:35:28','12:35:28','Movie 307'),(411595,8,8,'1976-02-13','20:38:30','22:38:30','Movie 50'),(411739,10,6,'1992-04-03','16:28:20','18:28:20','Movie 228'),(413493,9,4,'2018-02-11','19:18:12','21:18:12','Movie 603'),(416450,6,4,'2000-03-20','19:58:07','21:58:07','Movie 484'),(418068,7,8,'2018-02-11','19:18:12','21:18:12','Movie 814'),(418495,9,1,'2018-02-11','19:18:12','21:18:12','Movie 403'),(419249,11,9,'1992-04-03','16:28:20','18:28:20','Movie 884'),(419280,1,1,'1990-04-29','17:53:08','19:53:08','Movie 582'),(420737,11,1,'1976-02-13','20:38:30','22:38:30','Movie 617'),(421159,5,4,'2023-03-13','18:49:31','20:49:31','Movie 545'),(425508,8,4,'2018-02-11','19:18:12','21:18:12','Movie 612'),(426632,7,6,'1990-04-29','17:53:08','19:53:08','Movie 808'),(427734,4,9,'1968-04-12','16:00:41','18:00:41','Movie 811'),(428410,5,2,'2023-03-13','18:49:31','20:49:31','Movie 532'),(431725,4,7,'1968-04-12','16:00:41','18:00:41','Movie 397'),(434084,1,4,'2018-02-11','19:18:12','21:18:12','Movie 51'),(435178,8,5,'1976-02-13','20:38:30','22:38:30','Movie 122'),(435623,5,3,'2023-03-13','18:49:31','20:49:31','Movie 544'),(436330,12,9,'1990-04-29','17:53:08','19:53:08','Movie 580'),(437317,9,8,'2018-02-11','19:18:12','21:18:12','Movie 257'),(439552,6,2,'2000-03-20','19:58:07','21:58:07','Movie 155'),(439710,10,7,'2005-05-14','18:24:02','20:24:02','Movie 432'),(439900,12,4,'2005-05-14','18:24:02','20:24:02','Movie 463'),(441056,5,8,'1976-02-13','20:38:30','22:38:30','Movie 979'),(441252,11,3,'1992-04-03','16:28:20','18:28:20','Movie 576'),(444756,7,10,'1968-04-12','16:00:41','18:00:41','Movie 322'),(445293,9,8,'1976-02-13','20:38:30','22:38:30','Movie 156'),(446029,7,7,'2023-03-13','18:49:31','20:49:31','Movie 932'),(446800,7,10,'1990-04-29','17:53:08','19:53:08','Movie 589'),(446916,10,10,'2005-05-14','18:24:02','20:24:02','Movie 705'),(447082,3,6,'1992-04-03','16:28:20','18:28:20','Movie 731'),(447789,6,2,'2018-02-11','19:18:12','21:18:12','Movie 225'),(448832,9,9,'1976-02-13','20:38:30','22:38:30','Movie 756'),(450908,4,10,'2023-03-13','18:49:31','20:49:31','Movie 656'),(451252,2,2,'1968-04-12','16:00:41','18:00:41','Movie 231'),(456229,3,4,'1990-04-29','17:53:08','19:53:08','Movie 894'),(456426,4,1,'1992-04-03','16:28:20','18:28:20','Movie 134'),(459393,2,3,'1968-04-12','16:00:41','18:00:41','Movie 562'),(459409,2,10,'1968-04-12','16:00:41','18:00:41','Movie 500'),(459559,6,4,'2005-05-14','18:24:02','20:24:02','Movie 229'),(460030,5,3,'1992-04-03','16:28:20','18:28:20','Movie 813'),(461653,4,2,'2005-05-14','18:24:02','20:24:02','Movie 277'),(462616,6,3,'2018-02-11','19:18:12','21:18:12','Movie 561'),(463164,4,5,'1992-04-03','16:28:20','18:28:20','Movie 55'),(463572,1,1,'2005-05-14','18:24:02','20:24:02','Movie 345'),(465134,8,4,'2023-03-13','18:49:31','20:49:31','Movie 793'),(465343,12,1,'1992-04-03','16:28:20','18:28:20','Movie 469'),(468381,3,8,'2005-05-14','18:24:02','20:24:02','Movie 979'),(468935,2,9,'2014-01-04','10:35:28','12:35:28','Movie 812'),(470542,3,1,'1990-04-29','17:53:08','19:53:08','Movie 806'),(470551,4,7,'2023-03-13','18:49:31','20:49:31','Movie 185'),(470950,4,9,'1990-04-29','17:53:08','19:53:08','Movie 253'),(471249,12,5,'1976-02-13','20:38:30','22:38:30','Movie 532'),(473854,7,2,'2005-05-14','18:24:02','20:24:02','Movie 270'),(473936,7,5,'2000-03-20','19:58:07','21:58:07','Movie 337'),(474488,7,8,'1976-02-13','20:38:30','22:38:30','Movie 895'),(474984,1,10,'2000-03-20','19:58:07','21:58:07','Movie 614'),(475661,6,3,'1968-04-12','16:00:41','18:00:41','Movie 278'),(476516,10,10,'1992-04-03','16:28:20','18:28:20','Movie 851'),(476681,1,6,'1992-04-03','16:28:20','18:28:20','Movie 816'),(478801,2,1,'1990-04-29','17:53:08','19:53:08','Movie 969'),(479004,11,2,'1968-04-12','16:00:41','18:00:41','Movie 927'),(480569,2,7,'2000-03-20','19:58:07','21:58:07','Movie 693'),(480595,9,8,'2005-05-14','18:24:02','20:24:02','Movie 155'),(482184,3,7,'2000-03-20','19:58:07','21:58:07','Movie 225'),(482610,12,1,'1990-04-29','17:53:08','19:53:08','Movie 837'),(483212,12,3,'2018-02-11','19:18:12','21:18:12','Movie 486'),(483551,12,8,'2005-05-14','18:24:02','20:24:02','Movie 653'),(484470,11,4,'2000-03-20','19:58:07','21:58:07','Movie 301'),(485229,4,3,'1992-04-03','16:28:20','18:28:20','Movie 515'),(488219,12,8,'1990-04-29','17:53:08','19:53:08','Movie 953'),(489283,7,10,'2023-03-13','18:49:31','20:49:31','Movie 441'),(489673,4,8,'1992-04-03','16:28:20','18:28:20','Movie 835'),(490257,12,5,'1992-04-03','16:28:20','18:28:20','Movie 457'),(490917,4,1,'1968-04-12','16:00:41','18:00:41','Movie 602'),(491503,9,4,'1968-04-12','16:00:41','18:00:41','Movie 102'),(491637,11,9,'2000-03-20','19:58:07','21:58:07','Movie 771'),(492651,6,7,'2000-03-20','19:58:07','21:58:07','Movie 441'),(493035,1,2,'1990-04-29','17:53:08','19:53:08','Movie 350'),(493735,1,8,'2018-02-11','19:18:12','21:18:12','Movie 928'),(496636,6,7,'2005-05-14','18:24:02','20:24:02','Movie 463'),(498135,10,4,'1990-04-29','17:53:08','19:53:08','Movie 209'),(499818,11,9,'1968-04-12','16:00:41','18:00:41','Movie 812'),(499945,3,7,'2023-03-13','18:49:31','20:49:31','Movie 60'),(501344,3,2,'1976-02-13','20:38:30','22:38:30','Movie 658'),(502719,9,1,'2005-05-14','18:24:02','20:24:02','Movie 514'),(503227,3,4,'1976-02-13','20:38:30','22:38:30','Movie 195'),(505174,5,1,'1990-04-29','17:53:08','19:53:08','Movie 40'),(505684,4,7,'2014-01-04','10:35:28','12:35:28','Movie 823'),(505732,8,7,'2000-03-20','19:58:07','21:58:07','Movie 761'),(506104,6,10,'1990-04-29','17:53:08','19:53:08','Movie 272'),(507347,1,1,'2000-03-20','19:58:07','21:58:07','Movie 218'),(507591,2,8,'2005-05-14','18:24:02','20:24:02','Movie 283'),(509121,1,2,'1976-02-13','20:38:30','22:38:30','Movie 266'),(509173,5,2,'1990-04-29','17:53:08','19:53:08','Movie 404'),(509678,6,9,'1976-02-13','20:38:30','22:38:30','Movie 597'),(510088,2,3,'1990-04-29','17:53:08','19:53:08','Movie 496'),(510632,8,9,'2005-05-14','18:24:02','20:24:02','Movie 636'),(510755,2,2,'2018-02-11','19:18:12','21:18:12','Movie 142'),(511034,3,8,'1992-04-03','16:28:20','18:28:20','Movie 224'),(512951,8,1,'1992-04-03','16:28:20','18:28:20','Movie 429'),(515204,8,10,'2023-03-13','18:49:31','20:49:31','Movie 471'),(515956,1,6,'2000-03-20','19:58:07','21:58:07','Movie 910'),(518366,9,2,'1990-04-29','17:53:08','19:53:08','Movie 892'),(518585,4,4,'2014-01-04','10:35:28','12:35:28','Movie 417'),(519084,5,2,'2005-05-14','18:24:02','20:24:02','Movie 427'),(519731,12,2,'1968-04-12','16:00:41','18:00:41','Movie 137'),(520175,9,10,'1976-02-13','20:38:30','22:38:30','Movie 973'),(520222,2,10,'1990-04-29','17:53:08','19:53:08','Movie 931'),(522497,2,4,'1976-02-13','20:38:30','22:38:30','Movie 987'),(522830,10,4,'2023-03-13','18:49:31','20:49:31','Movie 776'),(522842,5,10,'2000-03-20','19:58:07','21:58:07','Movie 825'),(523255,9,1,'1968-04-12','16:00:41','18:00:41','Movie 93'),(523782,6,3,'1992-04-03','16:28:20','18:28:20','Movie 685'),(524828,3,7,'1968-04-12','16:00:41','18:00:41','Movie 947'),(527746,7,7,'2000-03-20','19:58:07','21:58:07','Movie 720'),(527861,12,10,'2005-05-14','18:24:02','20:24:02','Movie 807'),(530720,2,8,'2014-01-04','10:35:28','12:35:28','Movie 947'),(531335,3,1,'2000-03-20','19:58:07','21:58:07','Movie 382'),(533117,1,9,'2000-03-20','19:58:07','21:58:07','Movie 350'),(533533,3,9,'1968-04-12','16:00:41','18:00:41','Movie 304'),(534747,4,7,'1976-02-13','20:38:30','22:38:30','Movie 931'),(534976,6,9,'2018-02-11','19:18:12','21:18:12','Movie 270'),(536226,2,3,'1992-04-03','16:28:20','18:28:20','Movie 636'),(537725,7,9,'1992-04-03','16:28:20','18:28:20','Movie 752'),(538013,9,5,'1990-04-29','17:53:08','19:53:08','Movie 540'),(538631,2,7,'1990-04-29','17:53:08','19:53:08','Movie 533'),(538916,5,1,'2005-05-14','18:24:02','20:24:02','Movie 89'),(539203,7,5,'1990-04-29','17:53:08','19:53:08','Movie 629'),(541185,4,9,'2005-05-14','18:24:02','20:24:02','Movie 929'),(541849,1,9,'2014-01-04','10:35:28','12:35:28','Movie 399'),(542426,2,5,'1968-04-12','16:00:41','18:00:41','Movie 508'),(542803,4,8,'1968-04-12','16:00:41','18:00:41','Movie 967'),(542853,7,3,'2018-02-11','19:18:12','21:18:12','Movie 218'),(543591,4,7,'1990-04-29','17:53:08','19:53:08','Movie 490'),(544867,7,10,'1992-04-03','16:28:20','18:28:20','Movie 431'),(547106,3,6,'2005-05-14','18:24:02','20:24:02','Movie 348'),(547175,11,4,'2005-05-14','18:24:02','20:24:02','Movie 59'),(548021,3,6,'2000-03-20','19:58:07','21:58:07','Movie 504'),(548367,12,3,'2023-03-13','18:49:31','20:49:31','Movie 488'),(548585,8,5,'1968-04-12','16:00:41','18:00:41','Movie 85'),(549838,7,8,'1968-04-12','16:00:41','18:00:41','Movie 847'),(553442,9,7,'2023-03-13','18:49:31','20:49:31','Movie 440'),(554920,10,10,'1976-02-13','20:38:30','22:38:30','Movie 52'),(555269,7,2,'2000-03-20','19:58:07','21:58:07','Movie 706'),(555443,2,7,'2018-02-11','19:18:12','21:18:12','Movie 126'),(557714,2,3,'2000-03-20','19:58:07','21:58:07','Movie 530'),(558439,1,4,'1992-04-03','16:28:20','18:28:20','Movie 761'),(561410,6,9,'2000-03-20','19:58:07','21:58:07','Movie 638'),(561979,7,7,'1968-04-12','16:00:41','18:00:41','Movie 654'),(561989,4,7,'1992-04-03','16:28:20','18:28:20','Movie 324'),(562327,6,3,'2005-05-14','18:24:02','20:24:02','Movie 527'),(563133,5,4,'2005-05-14','18:24:02','20:24:02','Movie 120'),(564581,3,8,'1976-02-13','20:38:30','22:38:30','Movie 772'),(565010,3,6,'1990-04-29','17:53:08','19:53:08','Movie 281'),(565459,4,10,'1990-04-29','17:53:08','19:53:08','Movie 595'),(567728,9,8,'2023-03-13','18:49:31','20:49:31','Movie 445'),(567991,9,10,'1968-04-12','16:00:41','18:00:41','Movie 586'),(568763,2,3,'2005-05-14','18:24:02','20:24:02','Movie 659'),(569194,10,9,'1976-02-13','20:38:30','22:38:30','Movie 264'),(569751,7,6,'1968-04-12','16:00:41','18:00:41','Movie 64'),(570781,4,8,'2023-03-13','18:49:31','20:49:31','Movie 796'),(571075,1,10,'1976-02-13','20:38:30','22:38:30','Movie 34'),(572229,7,9,'2023-03-13','18:49:31','20:49:31','Movie 806'),(573594,10,6,'2005-05-14','18:24:02','20:24:02','Movie 478'),(573840,12,9,'2023-03-13','18:49:31','20:49:31','Movie 507'),(574300,4,2,'2000-03-20','19:58:07','21:58:07','Movie 618'),(574831,3,1,'1992-04-03','16:28:20','18:28:20','Movie 628'),(575816,2,9,'2023-03-13','18:49:31','20:49:31','Movie 494'),(575963,11,8,'2018-02-11','19:18:12','21:18:12','Movie 450'),(576430,12,4,'2000-03-20','19:58:07','21:58:07','Movie 234'),(576516,12,2,'2000-03-20','19:58:07','21:58:07','Movie 99'),(576760,4,7,'2018-02-11','19:18:12','21:18:12','Movie 302'),(577434,10,1,'2023-03-13','18:49:31','20:49:31','Movie 436'),(578924,12,9,'1976-02-13','20:38:30','22:38:30','Movie 596'),(581861,10,3,'2000-03-20','19:58:07','21:58:07','Movie 61'),(584227,11,3,'2005-05-14','18:24:02','20:24:02','Movie 953'),(584418,10,8,'1976-02-13','20:38:30','22:38:30','Movie 552'),(588208,6,4,'2023-03-13','18:49:31','20:49:31','Movie 378'),(588260,5,5,'2005-05-14','18:24:02','20:24:02','Movie 455'),(592215,7,8,'2005-05-14','18:24:02','20:24:02','Movie 877'),(592741,3,9,'2014-01-04','10:35:28','12:35:28','Movie 397'),(594142,1,3,'1990-04-29','17:53:08','19:53:08','Movie 414'),(595321,3,1,'1968-04-12','16:00:41','18:00:41','Movie 794'),(598066,4,8,'1990-04-29','17:53:08','19:53:08','Movie 245'),(598558,12,4,'1992-04-03','16:28:20','18:28:20','Movie 511'),(599149,5,5,'2018-02-11','19:18:12','21:18:12','Movie 767'),(599728,2,5,'2005-05-14','18:24:02','20:24:02','Movie 490'),(601250,9,9,'1990-04-29','17:53:08','19:53:08','Movie 128'),(602119,3,9,'2018-02-11','19:18:12','21:18:12','Movie 359'),(605375,3,1,'2023-03-13','18:49:31','20:49:31','Movie 72'),(605854,7,6,'2005-05-14','18:24:02','20:24:02','Movie 404'),(606989,6,6,'2005-05-14','18:24:02','20:24:02','Movie 523'),(608074,6,7,'1968-04-12','16:00:41','18:00:41','Movie 700'),(608093,1,6,'2005-05-14','18:24:02','20:24:02','Movie 100'),(608147,3,9,'2005-05-14','18:24:02','20:24:02','Movie 402'),(608954,11,7,'2000-03-20','19:58:07','21:58:07','Movie 107'),(609891,4,9,'2023-03-13','18:49:31','20:49:31','Movie 464'),(611067,9,10,'2018-02-11','19:18:12','21:18:12','Movie 581'),(611825,8,5,'1990-04-29','17:53:08','19:53:08','Movie 985'),(612673,2,5,'2014-01-04','10:35:28','12:35:28','Movie 873'),(613110,8,2,'1990-04-29','17:53:08','19:53:08','Movie 511'),(613990,10,6,'2023-03-13','18:49:31','20:49:31','Movie 438'),(614252,8,9,'2023-03-13','18:49:31','20:49:31','Movie 533'),(614267,3,5,'1990-04-29','17:53:08','19:53:08','Movie 596'),(615558,12,6,'2023-03-13','18:49:31','20:49:31','Movie 227'),(616707,5,8,'1992-04-03','16:28:20','18:28:20','Movie 903'),(616768,2,4,'2005-05-14','18:24:02','20:24:02','Movie 864'),(617684,7,3,'2000-03-20','19:58:07','21:58:07','Movie 656'),(620279,11,4,'1968-04-12','16:00:41','18:00:41','Movie 300'),(620496,2,5,'2018-02-11','19:18:12','21:18:12','Movie 330'),(621083,1,5,'2023-03-13','18:49:31','20:49:31','Movie 898'),(627964,11,3,'1968-04-12','16:00:41','18:00:41','Movie 612'),(628059,7,9,'2000-03-20','19:58:07','21:58:07','Movie 611'),(628565,9,7,'1968-04-12','16:00:41','18:00:41','Movie 434'),(631909,4,5,'2018-02-11','19:18:12','21:18:12','Movie 283'),(632058,2,8,'2023-03-13','18:49:31','20:49:31','Movie 555'),(634016,9,3,'2023-03-13','18:49:31','20:49:31','Movie 115'),(634473,10,7,'1992-04-03','16:28:20','18:28:20','Movie 373'),(635618,1,1,'2014-01-04','10:35:28','12:35:28','Movie 107'),(636994,2,7,'2005-05-14','18:24:02','20:24:02','Movie 633'),(637439,5,7,'2023-03-13','18:49:31','20:49:31','Movie 781'),(639366,6,10,'2005-05-14','18:24:02','20:24:02','Movie 340'),(640756,2,2,'1976-02-13','20:38:30','22:38:30','Movie 952'),(642270,8,3,'2005-05-14','18:24:02','20:24:02','Movie 801'),(644216,4,9,'2018-02-11','19:18:12','21:18:12','Movie 818'),(645470,4,6,'2018-02-11','19:18:12','21:18:12','Movie 308'),(648926,7,10,'2000-03-20','19:58:07','21:58:07','Movie 306'),(649040,12,2,'2018-02-11','19:18:12','21:18:12','Movie 919'),(649422,5,2,'2018-02-11','19:18:12','21:18:12','Movie 679'),(651530,11,9,'2005-05-14','18:24:02','20:24:02','Movie 425'),(652777,7,4,'1968-04-12','16:00:41','18:00:41','Movie 362'),(653594,12,3,'1992-04-03','16:28:20','18:28:20','Movie 252'),(655587,5,10,'2005-05-14','18:24:02','20:24:02','Movie 21'),(659074,11,5,'2023-03-13','18:49:31','20:49:31','Movie 111'),(659160,7,1,'2000-03-20','19:58:07','21:58:07','Movie 196'),(663128,11,9,'1990-04-29','17:53:08','19:53:08','Movie 956'),(664991,11,2,'2000-03-20','19:58:07','21:58:07','Movie 952'),(665223,5,1,'2000-03-20','19:58:07','21:58:07','Movie 126'),(667208,2,4,'1968-04-12','16:00:41','18:00:41','Movie 609'),(667353,2,1,'2023-03-13','18:49:31','20:49:31','Movie 156'),(668259,5,6,'2018-02-11','19:18:12','21:18:12','Movie 693'),(668798,6,8,'2023-03-13','18:49:31','20:49:31','Movie 62'),(670685,6,5,'2005-05-14','18:24:02','20:24:02','Movie 609'),(671340,8,6,'1990-04-29','17:53:08','19:53:08','Movie 101'),(671583,5,10,'1968-04-12','16:00:41','18:00:41','Movie 918'),(672084,7,4,'2018-02-11','19:18:12','21:18:12','Movie 60'),(672676,3,3,'1990-04-29','17:53:08','19:53:08','Movie 489'),(673959,1,1,'2018-02-11','19:18:12','21:18:12','Movie 604'),(674954,4,2,'2014-01-04','10:35:28','12:35:28','Movie 177'),(676677,8,1,'2018-02-11','19:18:12','21:18:12','Movie 921'),(677073,8,1,'2000-03-20','19:58:07','21:58:07','Movie 324'),(681495,2,9,'1968-04-12','16:00:41','18:00:41','Movie 302'),(685155,2,5,'1976-02-13','20:38:30','22:38:30','Movie 650'),(685883,11,4,'1990-04-29','17:53:08','19:53:08','Movie 342'),(686823,1,7,'2000-03-20','19:58:07','21:58:07','Movie 846'),(687219,8,4,'2000-03-20','19:58:07','21:58:07','Movie 155'),(687364,1,7,'1968-04-12','16:00:41','18:00:41','Movie 351'),(689390,8,10,'2005-05-14','18:24:02','20:24:02','Movie 644'),(689401,5,8,'2005-05-14','18:24:02','20:24:02','Movie 401'),(689621,8,8,'1990-04-29','17:53:08','19:53:08','Movie 87'),(689650,1,6,'1968-04-12','16:00:41','18:00:41','Movie 365'),(691574,2,6,'2018-02-11','19:18:12','21:18:12','Movie 110'),(693488,10,9,'2005-05-14','18:24:02','20:24:02','Movie 253'),(696421,4,4,'2000-03-20','19:58:07','21:58:07','Movie 756'),(696957,10,5,'1968-04-12','16:00:41','18:00:41','Movie 968'),(698519,8,8,'2000-03-20','19:58:07','21:58:07','Movie 243'),(699371,11,1,'2000-03-20','19:58:07','21:58:07','Movie 514'),(699930,10,1,'1968-04-12','16:00:41','18:00:41','Movie 80'),(700416,6,3,'1976-02-13','20:38:30','22:38:30','Movie 772'),(701511,4,8,'2005-05-14','18:24:02','20:24:02','Movie 859'),(701875,5,4,'1976-02-13','20:38:30','22:38:30','Movie 690'),(703049,11,6,'2005-05-14','18:24:02','20:24:02','Movie 23'),(703602,9,4,'1992-04-03','16:28:20','18:28:20','Movie 750'),(704880,1,10,'2023-03-13','18:49:31','20:49:31','Movie 122'),(707174,11,1,'1992-04-03','16:28:20','18:28:20','Movie 827'),(707831,10,6,'2000-03-20','19:58:07','21:58:07','Movie 381'),(708066,4,2,'2023-03-13','18:49:31','20:49:31','Movie 838'),(711117,12,6,'1968-04-12','16:00:41','18:00:41','Movie 251'),(713848,5,7,'1968-04-12','16:00:41','18:00:41','Movie 729'),(714952,6,10,'2018-02-11','19:18:12','21:18:12','Movie 863'),(715974,4,2,'2018-02-11','19:18:12','21:18:12','Movie 94'),(716962,7,1,'1992-04-03','16:28:20','18:28:20','Movie 1'),(717932,6,7,'1990-04-29','17:53:08','19:53:08','Movie 527'),(719637,10,1,'2018-02-11','19:18:12','21:18:12','Movie 310'),(720282,8,9,'2000-03-20','19:58:07','21:58:07','Movie 763'),(721961,3,10,'1990-04-29','17:53:08','19:53:08','Movie 49'),(722187,9,4,'1990-04-29','17:53:08','19:53:08','Movie 356'),(722576,9,6,'1990-04-29','17:53:08','19:53:08','Movie 67'),(722614,12,1,'1968-04-12','16:00:41','18:00:41','Movie 825'),(722766,10,9,'2000-03-20','19:58:07','21:58:07','Movie 62'),(724654,1,4,'1968-04-12','16:00:41','18:00:41','Movie 704'),(725807,12,5,'2005-05-14','18:24:02','20:24:02','Movie 809'),(727141,8,8,'1968-04-12','16:00:41','18:00:41','Movie 3'),(727786,6,1,'2023-03-13','18:49:31','20:49:31','Movie 45'),(728126,11,2,'2005-05-14','18:24:02','20:24:02','Movie 895'),(728862,9,8,'2000-03-20','19:58:07','21:58:07','Movie 792'),(729000,6,10,'2023-03-13','18:49:31','20:49:31','Movie 411'),(729622,8,6,'1976-02-13','20:38:30','22:38:30','Movie 807'),(731165,12,4,'1976-02-13','20:38:30','22:38:30','Movie 40'),(731654,3,5,'2005-05-14','18:24:02','20:24:02','Movie 103'),(733576,2,1,'2018-02-11','19:18:12','21:18:12','Movie 508'),(733701,3,2,'2014-01-04','10:35:28','12:35:28','Movie 734'),(734972,2,7,'2014-01-04','10:35:28','12:35:28','Movie 575'),(736167,4,4,'2023-03-13','18:49:31','20:49:31','Movie 950'),(738584,7,4,'2000-03-20','19:58:07','21:58:07','Movie 118'),(739257,11,8,'2023-03-13','18:49:31','20:49:31','Movie 459'),(739266,9,1,'1976-02-13','20:38:30','22:38:30','Movie 994'),(740733,5,2,'2000-03-20','19:58:07','21:58:07','Movie 947'),(741572,8,3,'1968-04-12','16:00:41','18:00:41','Movie 157'),(741872,6,5,'1992-04-03','16:28:20','18:28:20','Movie 489'),(742128,1,10,'1968-04-12','16:00:41','18:00:41','Movie 761'),(742521,2,1,'2014-01-04','10:35:28','12:35:28','Movie 104'),(742575,12,4,'2023-03-13','18:49:31','20:49:31','Movie 277'),(743065,5,1,'1968-04-12','16:00:41','18:00:41','Movie 93'),(743405,7,4,'2005-05-14','18:24:02','20:24:02','Movie 169'),(743445,12,9,'1992-04-03','16:28:20','18:28:20','Movie 212'),(745623,5,2,'1976-02-13','20:38:30','22:38:30','Movie 699'),(745938,7,6,'2018-02-11','19:18:12','21:18:12','Movie 879'),(746073,2,10,'2005-05-14','18:24:02','20:24:02','Movie 495'),(746743,2,1,'2005-05-14','18:24:02','20:24:02','Movie 701'),(749088,1,3,'1992-04-03','16:28:20','18:28:20','Movie 661'),(750782,10,8,'1968-04-12','16:00:41','18:00:41','Movie 684'),(754094,1,6,'2018-02-11','19:18:12','21:18:12','Movie 813'),(754225,7,2,'1992-04-03','16:28:20','18:28:20','Movie 581'),(754775,1,2,'2018-02-11','19:18:12','21:18:12','Movie 555'),(754967,11,8,'1976-02-13','20:38:30','22:38:30','Movie 111'),(756321,5,6,'2023-03-13','18:49:31','20:49:31','Movie 0'),(757783,5,8,'1968-04-12','16:00:41','18:00:41','Movie 379'),(759610,6,4,'2018-02-11','19:18:12','21:18:12','Movie 629'),(761995,2,2,'2014-01-04','10:35:28','12:35:28','Movie 397'),(762264,8,8,'1992-04-03','16:28:20','18:28:20','Movie 654'),(762387,8,4,'1992-04-03','16:28:20','18:28:20','Movie 784'),(764389,6,1,'1992-04-03','16:28:20','18:28:20','Movie 256'),(765626,3,7,'1976-02-13','20:38:30','22:38:30','Movie 351'),(765627,9,9,'2018-02-11','19:18:12','21:18:12','Movie 415'),(767405,6,3,'2023-03-13','18:49:31','20:49:31','Movie 152'),(767714,4,2,'1968-04-12','16:00:41','18:00:41','Movie 648'),(767822,8,6,'2000-03-20','19:58:07','21:58:07','Movie 25'),(769317,7,1,'2018-02-11','19:18:12','21:18:12','Movie 982'),(769595,11,7,'1992-04-03','16:28:20','18:28:20','Movie 639'),(771623,1,5,'2018-02-11','19:18:12','21:18:12','Movie 14'),(771989,11,1,'2018-02-11','19:18:12','21:18:12','Movie 334'),(772010,5,7,'2005-05-14','18:24:02','20:24:02','Movie 819'),(772928,5,8,'2018-02-11','19:18:12','21:18:12','Movie 737'),(772943,3,7,'2018-02-11','19:18:12','21:18:12','Movie 440'),(773529,12,8,'1992-04-03','16:28:20','18:28:20','Movie 884'),(774308,6,10,'2000-03-20','19:58:07','21:58:07','Movie 891'),(776220,6,9,'2023-03-13','18:49:31','20:49:31','Movie 156'),(776256,10,2,'1990-04-29','17:53:08','19:53:08','Movie 992'),(776979,4,8,'2014-01-04','10:35:28','12:35:28','Movie 58'),(777274,2,4,'1990-04-29','17:53:08','19:53:08','Movie 61'),(779082,9,7,'1976-02-13','20:38:30','22:38:30','Movie 579'),(783383,12,10,'1976-02-13','20:38:30','22:38:30','Movie 104'),(785971,6,2,'1990-04-29','17:53:08','19:53:08','Movie 815'),(786096,10,3,'2023-03-13','18:49:31','20:49:31','Movie 51'),(786989,8,5,'2000-03-20','19:58:07','21:58:07','Movie 969'),(788012,11,8,'2000-03-20','19:58:07','21:58:07','Movie 722'),(788222,3,2,'2005-05-14','18:24:02','20:24:02','Movie 141'),(788226,10,10,'2023-03-13','18:49:31','20:49:31','Movie 548'),(788399,4,8,'1976-02-13','20:38:30','22:38:30','Movie 878'),(789638,1,10,'1990-04-29','17:53:08','19:53:08','Movie 992'),(791293,8,6,'1968-04-12','16:00:41','18:00:41','Movie 487'),(792018,11,1,'1990-04-29','17:53:08','19:53:08','Movie 370'),(792059,5,4,'1968-04-12','16:00:41','18:00:41','Movie 893'),(795209,2,3,'2014-01-04','10:35:28','12:35:28','Movie 616'),(796083,3,5,'1968-04-12','16:00:41','18:00:41','Movie 540'),(798098,10,6,'1968-04-12','16:00:41','18:00:41','Movie 577'),(800354,7,10,'1976-02-13','20:38:30','22:38:30','Movie 962'),(800846,1,6,'2014-01-04','10:35:28','12:35:28','Movie 174'),(801104,11,10,'1968-04-12','16:00:41','18:00:41','Movie 60'),(801798,12,8,'1976-02-13','20:38:30','22:38:30','Movie 470'),(804700,2,3,'1976-02-13','20:38:30','22:38:30','Movie 345'),(805079,7,5,'2005-05-14','18:24:02','20:24:02','Movie 207'),(805849,9,9,'2023-03-13','18:49:31','20:49:31','Movie 501'),(809356,7,8,'2000-03-20','19:58:07','21:58:07','Movie 478'),(809419,12,6,'1990-04-29','17:53:08','19:53:08','Movie 847'),(809517,12,5,'1990-04-29','17:53:08','19:53:08','Movie 399'),(809788,3,6,'2018-02-11','19:18:12','21:18:12','Movie 536'),(809816,11,6,'1992-04-03','16:28:20','18:28:20','Movie 803'),(809840,1,5,'1976-02-13','20:38:30','22:38:30','Movie 372'),(810122,3,7,'2005-05-14','18:24:02','20:24:02','Movie 690'),(810654,3,10,'1976-02-13','20:38:30','22:38:30','Movie 663'),(811451,6,7,'2018-02-11','19:18:12','21:18:12','Movie 527'),(812892,4,3,'1990-04-29','17:53:08','19:53:08','Movie 324'),(813522,5,8,'2000-03-20','19:58:07','21:58:07','Movie 446'),(814051,10,5,'1990-04-29','17:53:08','19:53:08','Movie 861'),(815284,10,6,'2018-02-11','19:18:12','21:18:12','Movie 930'),(818176,12,7,'2000-03-20','19:58:07','21:58:07','Movie 174'),(818646,1,8,'2014-01-04','10:35:28','12:35:28','Movie 564'),(818868,6,8,'1992-04-03','16:28:20','18:28:20','Movie 585'),(819255,3,4,'2018-02-11','19:18:12','21:18:12','Movie 337'),(819536,5,7,'1976-02-13','20:38:30','22:38:30','Movie 372'),(819931,10,3,'2018-02-11','19:18:12','21:18:12','Movie 868'),(820342,5,1,'1992-04-03','16:28:20','18:28:20','Movie 123'),(820342,7,8,'2023-03-13','18:49:31','20:49:31','Movie 431'),(821868,12,3,'1990-04-29','17:53:08','19:53:08','Movie 601'),(822311,8,3,'1990-04-29','17:53:08','19:53:08','Movie 532'),(822762,6,4,'1976-02-13','20:38:30','22:38:30','Movie 184'),(823071,6,6,'2023-03-13','18:49:31','20:49:31','Movie 926'),(823894,9,6,'2005-05-14','18:24:02','20:24:02','Movie 668'),(824790,11,8,'2005-05-14','18:24:02','20:24:02','Movie 232'),(826154,6,8,'1976-02-13','20:38:30','22:38:30','Movie 177'),(827460,2,7,'1976-02-13','20:38:30','22:38:30','Movie 154'),(827504,4,1,'2023-03-13','18:49:31','20:49:31','Movie 99'),(828161,7,3,'2023-03-13','18:49:31','20:49:31','Movie 90'),(829308,1,5,'1990-04-29','17:53:08','19:53:08','Movie 76'),(830798,11,6,'2023-03-13','18:49:31','20:49:31','Movie 961'),(831240,12,6,'2005-05-14','18:24:02','20:24:02','Movie 201'),(834343,8,3,'2023-03-13','18:49:31','20:49:31','Movie 792'),(835780,12,9,'2005-05-14','18:24:02','20:24:02','Movie 457'),(836415,3,9,'1976-02-13','20:38:30','22:38:30','Movie 506'),(838931,4,1,'2000-03-20','19:58:07','21:58:07','Movie 525'),(839357,9,5,'2005-05-14','18:24:02','20:24:02','Movie 509'),(839422,5,10,'1992-04-03','16:28:20','18:28:20','Movie 980'),(841020,6,6,'1976-02-13','20:38:30','22:38:30','Movie 965'),(841452,2,7,'1968-04-12','16:00:41','18:00:41','Movie 949'),(842264,8,2,'1992-04-03','16:28:20','18:28:20','Movie 276'),(843835,10,1,'1976-02-13','20:38:30','22:38:30','Movie 680'),(843923,2,6,'2005-05-14','18:24:02','20:24:02','Movie 528'),(843987,3,8,'1990-04-29','17:53:08','19:53:08','Movie 92'),(844249,5,4,'1990-04-29','17:53:08','19:53:08','Movie 645'),(846224,2,6,'2023-03-13','18:49:31','20:49:31','Movie 482'),(848273,12,5,'1968-04-12','16:00:41','18:00:41','Movie 996'),(848734,9,6,'1968-04-12','16:00:41','18:00:41','Movie 936'),(850583,12,7,'1976-02-13','20:38:30','22:38:30','Movie 594'),(851108,4,6,'1968-04-12','16:00:41','18:00:41','Movie 952'),(851399,1,4,'1990-04-29','17:53:08','19:53:08','Movie 726'),(852694,1,2,'1992-04-03','16:28:20','18:28:20','Movie 200'),(853072,1,8,'1968-04-12','16:00:41','18:00:41','Movie 383'),(853496,11,7,'2023-03-13','18:49:31','20:49:31','Movie 269'),(854051,2,8,'1990-04-29','17:53:08','19:53:08','Movie 93'),(854437,10,7,'2000-03-20','19:58:07','21:58:07','Movie 395'),(854454,7,3,'1976-02-13','20:38:30','22:38:30','Movie 362'),(855049,11,8,'1968-04-12','16:00:41','18:00:41','Movie 154'),(858854,4,4,'2005-05-14','18:24:02','20:24:02','Movie 572'),(858919,10,5,'2023-03-13','18:49:31','20:49:31','Movie 285'),(859881,3,10,'2018-02-11','19:18:12','21:18:12','Movie 933'),(861475,8,9,'1990-04-29','17:53:08','19:53:08','Movie 186'),(862254,3,4,'2014-01-04','10:35:28','12:35:28','Movie 250'),(862399,7,9,'2005-05-14','18:24:02','20:24:02','Movie 327'),(863167,12,1,'2023-03-13','18:49:31','20:49:31','Movie 735'),(863826,10,8,'2000-03-20','19:58:07','21:58:07','Movie 85'),(864784,12,7,'2018-02-11','19:18:12','21:18:12','Movie 535'),(865020,7,1,'2023-03-13','18:49:31','20:49:31','Movie 410'),(865281,4,7,'2005-05-14','18:24:02','20:24:02','Movie 488'),(865591,7,4,'2023-03-13','18:49:31','20:49:31','Movie 870'),(866136,8,10,'2018-02-11','19:18:12','21:18:12','Movie 975'),(866821,11,2,'1990-04-29','17:53:08','19:53:08','Movie 848'),(867705,1,9,'1976-02-13','20:38:30','22:38:30','Movie 434'),(868560,1,5,'1992-04-03','16:28:20','18:28:20','Movie 508'),(869011,11,10,'1976-02-13','20:38:30','22:38:30','Movie 331'),(870251,3,7,'1992-04-03','16:28:20','18:28:20','Movie 42'),(870559,5,6,'2000-03-20','19:58:07','21:58:07','Movie 534'),(872133,1,7,'2005-05-14','18:24:02','20:24:02','Movie 739'),(872572,10,10,'1968-04-12','16:00:41','18:00:41','Movie 120'),(874239,2,7,'1992-04-03','16:28:20','18:28:20','Movie 8'),(874386,7,2,'2023-03-13','18:49:31','20:49:31','Movie 93'),(874705,4,1,'1976-02-13','20:38:30','22:38:30','Movie 61'),(875460,6,8,'1968-04-12','16:00:41','18:00:41','Movie 939'),(875585,10,4,'2000-03-20','19:58:07','21:58:07','Movie 724'),(875969,2,9,'2000-03-20','19:58:07','21:58:07','Movie 876'),(876769,12,7,'1968-04-12','16:00:41','18:00:41','Movie 802'),(877395,3,9,'1992-04-03','16:28:20','18:28:20','Movie 882'),(877623,7,3,'1992-04-03','16:28:20','18:28:20','Movie 28'),(881455,6,8,'1990-04-29','17:53:08','19:53:08','Movie 7'),(882113,2,2,'1992-04-03','16:28:20','18:28:20','Movie 924'),(882562,2,8,'1976-02-13','20:38:30','22:38:30','Movie 672'),(883076,9,6,'2023-03-13','18:49:31','20:49:31','Movie 991'),(883931,7,5,'2018-02-11','19:18:12','21:18:12','Movie 180'),(886820,7,4,'1992-04-03','16:28:20','18:28:20','Movie 303'),(886823,9,7,'1990-04-29','17:53:08','19:53:08','Movie 410'),(887246,1,2,'1968-04-12','16:00:41','18:00:41','Movie 39'),(888848,1,2,'2000-03-20','19:58:07','21:58:07','Movie 882'),(889188,9,6,'1992-04-03','16:28:20','18:28:20','Movie 311'),(891199,5,5,'1990-04-29','17:53:08','19:53:08','Movie 284'),(891245,10,7,'1968-04-12','16:00:41','18:00:41','Movie 257'),(892540,11,7,'2018-02-11','19:18:12','21:18:12','Movie 3'),(894050,6,5,'2000-03-20','19:58:07','21:58:07','Movie 628'),(894872,9,7,'1992-04-03','16:28:20','18:28:20','Movie 512'),(896306,12,10,'1990-04-29','17:53:08','19:53:08','Movie 441'),(897188,4,10,'2018-02-11','19:18:12','21:18:12','Movie 765'),(901600,2,1,'1968-04-12','16:00:41','18:00:41','Movie 425'),(907660,4,7,'2000-03-20','19:58:07','21:58:07','Movie 994'),(908864,10,2,'2000-03-20','19:58:07','21:58:07','Movie 494'),(909971,2,2,'2005-05-14','18:24:02','20:24:02','Movie 630'),(910434,11,9,'2018-02-11','19:18:12','21:18:12','Movie 527'),(910520,2,5,'1992-04-03','16:28:20','18:28:20','Movie 931'),(911284,2,9,'2005-05-14','18:24:02','20:24:02','Movie 686'),(911585,3,4,'1992-04-03','16:28:20','18:28:20','Movie 43'),(913768,2,1,'1992-04-03','16:28:20','18:28:20','Movie 214'),(916432,11,5,'2018-02-11','19:18:12','21:18:12','Movie 985'),(916446,5,3,'1976-02-13','20:38:30','22:38:30','Movie 630'),(916710,5,1,'1976-02-13','20:38:30','22:38:30','Movie 628'),(917303,2,10,'2018-02-11','19:18:12','21:18:12','Movie 937'),(917565,3,5,'2023-03-13','18:49:31','20:49:31','Movie 350'),(918144,7,5,'1968-04-12','16:00:41','18:00:41','Movie 175'),(918335,9,3,'1976-02-13','20:38:30','22:38:30','Movie 591'),(918679,4,1,'2018-02-11','19:18:12','21:18:12','Movie 499'),(918720,12,2,'1976-02-13','20:38:30','22:38:30','Movie 670'),(920158,5,4,'1992-04-03','16:28:20','18:28:20','Movie 860'),(927324,1,10,'2014-01-04','10:35:28','12:35:28','Movie 510'),(927403,10,9,'1992-04-03','16:28:20','18:28:20','Movie 595'),(927862,12,6,'1992-04-03','16:28:20','18:28:20','Movie 79'),(927934,5,9,'1990-04-29','17:53:08','19:53:08','Movie 605'),(928259,3,4,'2005-05-14','18:24:02','20:24:02','Movie 512'),(928977,4,4,'2018-02-11','19:18:12','21:18:12','Movie 787'),(929350,12,10,'2000-03-20','19:58:07','21:58:07','Movie 167'),(929669,11,9,'1976-02-13','20:38:30','22:38:30','Movie 438'),(932098,1,3,'1968-04-12','16:00:41','18:00:41','Movie 318'),(932279,1,9,'2018-02-11','19:18:12','21:18:12','Movie 682'),(933471,5,5,'2000-03-20','19:58:07','21:58:07','Movie 377'),(934633,3,6,'2023-03-13','18:49:31','20:49:31','Movie 537'),(934967,11,7,'1976-02-13','20:38:30','22:38:30','Movie 854'),(935539,10,7,'2023-03-13','18:49:31','20:49:31','Movie 755'),(935668,4,5,'2023-03-13','18:49:31','20:49:31','Movie 828'),(936404,9,10,'1992-04-03','16:28:20','18:28:20','Movie 153'),(936870,1,9,'1992-04-03','16:28:20','18:28:20','Movie 148'),(937343,12,6,'2018-02-11','19:18:12','21:18:12','Movie 50'),(937771,2,5,'2000-03-20','19:58:07','21:58:07','Movie 975'),(938433,4,4,'1992-04-03','16:28:20','18:28:20','Movie 878'),(938844,6,8,'2018-02-11','19:18:12','21:18:12','Movie 474'),(939316,4,9,'2000-03-20','19:58:07','21:58:07','Movie 622'),(939955,8,9,'1968-04-12','16:00:41','18:00:41','Movie 624'),(940698,1,1,'1976-02-13','20:38:30','22:38:30','Movie 145'),(942769,1,2,'2023-03-13','18:49:31','20:49:31','Movie 783'),(942773,5,2,'1968-04-12','16:00:41','18:00:41','Movie 434'),(943966,9,9,'1992-04-03','16:28:20','18:28:20','Movie 188'),(944312,5,9,'2018-02-11','19:18:12','21:18:12','Movie 652'),(944345,3,4,'2023-03-13','18:49:31','20:49:31','Movie 790'),(945752,10,5,'2018-02-11','19:18:12','21:18:12','Movie 599'),(946220,8,7,'1976-02-13','20:38:30','22:38:30','Movie 227'),(947208,8,9,'1992-04-03','16:28:20','18:28:20','Movie 846'),(948281,8,1,'1968-04-12','16:00:41','18:00:41','Movie 256'),(949266,9,7,'2018-02-11','19:18:12','21:18:12','Movie 496'),(950977,7,5,'1992-04-03','16:28:20','18:28:20','Movie 522'),(951398,3,2,'2000-03-20','19:58:07','21:58:07','Movie 509'),(955962,11,10,'2005-05-14','18:24:02','20:24:02','Movie 982'),(956553,11,6,'1968-04-12','16:00:41','18:00:41','Movie 71'),(957004,3,5,'2018-02-11','19:18:12','21:18:12','Movie 82'),(958119,10,10,'2000-03-20','19:58:07','21:58:07','Movie 425'),(958864,11,5,'1990-04-29','17:53:08','19:53:08','Movie 403'),(959091,8,4,'1968-04-12','16:00:41','18:00:41','Movie 236'),(959143,12,3,'2005-05-14','18:24:02','20:24:02','Movie 444'),(959376,7,1,'2005-05-14','18:24:02','20:24:02','Movie 175'),(959447,11,4,'1976-02-13','20:38:30','22:38:30','Movie 316'),(959925,11,10,'1992-04-03','16:28:20','18:28:20','Movie 443'),(963108,11,2,'2018-02-11','19:18:12','21:18:12','Movie 855'),(964046,12,2,'2023-03-13','18:49:31','20:49:31','Movie 110'),(964216,6,6,'1968-04-12','16:00:41','18:00:41','Movie 40'),(965101,10,1,'2005-05-14','18:24:02','20:24:02','Movie 458'),(965366,3,2,'2018-02-11','19:18:12','21:18:12','Movie 263'),(965734,11,4,'2023-03-13','18:49:31','20:49:31','Movie 239'),(967188,10,10,'2018-02-11','19:18:12','21:18:12','Movie 833'),(968550,12,9,'2000-03-20','19:58:07','21:58:07','Movie 225'),(968593,6,2,'1992-04-03','16:28:20','18:28:20','Movie 52'),(968925,4,10,'2005-05-14','18:24:02','20:24:02','Movie 918'),(970857,7,8,'1990-04-29','17:53:08','19:53:08','Movie 146'),(971037,4,5,'1968-04-12','16:00:41','18:00:41','Movie 967'),(971790,11,7,'1968-04-12','16:00:41','18:00:41','Movie 568'),(972829,6,2,'1968-04-12','16:00:41','18:00:41','Movie 195'),(973040,9,6,'2000-03-20','19:58:07','21:58:07','Movie 555'),(973193,6,8,'2005-05-14','18:24:02','20:24:02','Movie 92'),(973243,5,9,'1968-04-12','16:00:41','18:00:41','Movie 649'),(973250,6,6,'1990-04-29','17:53:08','19:53:08','Movie 779'),(973835,3,1,'2005-05-14','18:24:02','20:24:02','Movie 242'),(974520,4,1,'2005-05-14','18:24:02','20:24:02','Movie 198'),(976478,7,10,'2018-02-11','19:18:12','21:18:12','Movie 987'),(978638,10,7,'2018-02-11','19:18:12','21:18:12','Movie 284'),(979839,8,7,'2018-02-11','19:18:12','21:18:12','Movie 33'),(980101,4,5,'2000-03-20','19:58:07','21:58:07','Movie 213'),(980753,8,1,'1990-04-29','17:53:08','19:53:08','Movie 464'),(983173,12,1,'2018-02-11','19:18:12','21:18:12','Movie 665'),(983754,10,6,'1990-04-29','17:53:08','19:53:08','Movie 485'),(984883,6,6,'1992-04-03','16:28:20','18:28:20','Movie 242'),(985043,5,4,'2000-03-20','19:58:07','21:58:07','Movie 849'),(985583,5,10,'2018-02-11','19:18:12','21:18:12','Movie 763'),(986268,7,9,'2018-02-11','19:18:12','21:18:12','Movie 648'),(987963,12,8,'2023-03-13','18:49:31','20:49:31','Movie 477'),(988166,1,3,'2023-03-13','18:49:31','20:49:31','Movie 363'),(990118,1,7,'2023-03-13','18:49:31','20:49:31','Movie 711'),(990489,2,2,'1990-04-29','17:53:08','19:53:08','Movie 485'),(992246,3,5,'2000-03-20','19:58:07','21:58:07','Movie 818'),(992790,7,5,'2023-03-13','18:49:31','20:49:31','Movie 717'),(994219,3,3,'1968-04-12','16:00:41','18:00:41','Movie 104'),(994463,7,1,'1968-04-12','16:00:41','18:00:41','Movie 507'),(994824,12,8,'2018-02-11','19:18:12','21:18:12','Movie 717'),(995816,2,6,'2000-03-20','19:58:07','21:58:07','Movie 761'),(998034,3,6,'1976-02-13','20:38:30','22:38:30','Movie 879'),(999731,11,2,'1976-02-13','20:38:30','22:38:30','Movie 252'),(999885,9,8,'1992-04-03','16:28:20','18:28:20','Movie 936');
/*!40000 ALTER TABLE `projection` ENABLE KEYS */;
UNLOCK TABLES;

--
-- Table structure for table `rooms`
--

DROP TABLE IF EXISTS `rooms`;
/*!40101 SET @saved_cs_client     = @@character_set_client */;
/*!50503 SET character_set_client = utf8mb4 */;
CREATE TABLE `rooms` (
  `cinema_id` int NOT NULL,
  `room_id` int NOT NULL,
  `room_name` varchar(20) COLLATE utf8mb3_unicode_ci NOT NULL,
  `num_seats` int NOT NULL,
  `num_rowes` int NOT NULL,
  `is_imax` tinyint(1) NOT NULL,
  PRIMARY KEY (`cinema_id`,`room_id`),
  CONSTRAINT `rooms_ibfk_1` FOREIGN KEY (`cinema_id`) REFERENCES `cinemas` (`cinema_id`)
) ENGINE=InnoDB DEFAULT CHARSET=utf8mb3 COLLATE=utf8mb3_unicode_ci;
/*!40101 SET character_set_client = @saved_cs_client */;

--
-- Dumping data for table `rooms`
--

LOCK TABLES `rooms` WRITE;
/*!40000 ALTER TABLE `rooms` DISABLE KEYS */;
INSERT INTO `rooms` VALUES (1,1,'Room B9F0gaJ',100,6,0),(1,2,'Room GmMtF8k',90,10,0),(1,3,'Room pyP9aGC',110,20,1),(1,4,'Room Sh7QB8V',110,9,0),(1,5,'Room guwGyBY',60,8,1),(1,6,'Room kFIxQbT',120,30,1),(1,7,'Room y91GN8l',120,30,1),(1,8,'Room OETgNSG',80,30,1),(1,9,'Room Qn2cwkO',120,6,0),(1,10,'Room mkDBeH7',100,30,0),(2,1,'Room 7KSvJmg',90,30,0),(2,2,'Room 6o9UKtP',60,8,0),(2,3,'Room BpluH6s',90,30,1),(2,4,'Room VWJFisy',110,30,0),(2,5,'Room OU7DnH5',100,5,0),(2,6,'Room 1hHx9KP',110,30,1),(2,7,'Room oyutMGR',70,5,0),(2,8,'Room XOEmYbx',90,8,1),(2,9,'Room dfIv6my',70,30,1),(2,10,'Room 0bBCO7R',120,9,1),(3,1,'Room fTqwz7K',90,8,1),(3,2,'Room Z2OQnq0',110,6,0),(3,3,'Room 8onfwca',110,30,0),(3,4,'Room ZBdviX3',100,30,1),(3,5,'Room p3xIFuB',70,8,1),(3,6,'Room KMV2ryL',80,6,0),(3,7,'Room jwZ8K3N',90,5,1),(3,8,'Room B4Ci0RP',60,10,0),(3,9,'Room WdPo38n',60,6,0),(3,10,'Room yxW5Ra9',70,10,1),(4,1,'Room CiSaUmr',90,30,0),(4,2,'Room GOEz24i',110,5,1),(4,3,'Room SIzAJHj',100,20,1),(4,4,'Room FbyBcNP',90,20,0),(4,5,'Room vWw57yS',80,5,0),(4,6,'Room 8DBlpY9',80,7,1),(4,7,'Room Dsxh7LR',60,5,0),(4,8,'Room gJTrQyR',110,10,0),(4,9,'Room uXlsBxb',120,20,0),(4,10,'Room MUn3Lxv',70,7,0),(5,1,'Room pYbIHXs',100,30,0),(5,2,'Room JKNZyGf',100,6,1),(5,3,'Room Pr7a2qp',90,20,0),(5,4,'Room NWDPtxS',80,10,0),(5,5,'Room ymUp97v',120,9,1),(5,6,'Room piq3Ujn',60,7,0),(5,7,'Room STQvtDj',100,6,0),(5,8,'Room hLSBrJq',120,7,1),(5,9,'Room Qy4CFUs',110,30,0),(5,10,'Room 69w32TG',80,8,0),(6,1,'Room sx8XLAS',90,7,0),(6,2,'Room rqnNZUE',110,9,0),(6,3,'Room 0JBYiZu',60,9,0),(6,4,'Room 2LVhvqQ',70,5,0),(6,5,'Room FIBLvYb',70,5,1),(6,6,'Room ZryWgoz',60,6,0),(6,7,'Room 2EfnS4A',60,8,0),(6,8,'Room 4MFo9dj',100,7,1),(6,9,'Room FCN1XuB',100,30,1),(6,10,'Room mJ4aIHd',70,8,1),(7,1,'Room KOEkaUt',100,7,0),(7,2,'Room mJOUZT9',110,9,1),(7,3,'Room mF5fsdB',110,7,1),(7,4,'Room dGcV0yS',90,10,1),(7,5,'Room sPWv8Ml',60,8,1),(7,6,'Room VSYUMZg',100,20,0),(7,7,'Room 4OyEjZz',80,20,1),(7,8,'Room eZbUjGM',60,20,0),(7,9,'Room ytfXhZo',90,9,0),(7,10,'Room pDbiLc1',100,30,1),(8,1,'Room vl9sVZp',60,5,0),(8,2,'Room 2c4IVjC',60,5,0),(8,3,'Room 7DQTkac',110,8,0),(8,4,'Room e0TuQDf',70,10,1),(8,5,'Room tNEpM4V',90,8,1),(8,6,'Room 67oSRzs',80,8,0),(8,7,'Room vaj2k4W',80,5,0),(8,8,'Room Rim04qK',90,10,0),(8,9,'Room gWTz6PB',70,6,0),(8,10,'Room PtDsIBh',110,9,1),(9,1,'Room eL0FmHW',110,20,1),(9,2,'Room HMNBbx1',90,5,1),(9,3,'Room 9RzixJd',100,30,1),(9,4,'Room A4Hyk8Z',100,5,1),(9,5,'Room AbIRPHg',80,30,1),(9,6,'Room fPdDc5x',100,7,0),(9,7,'Room 1OzNsje',70,8,1),(9,8,'Room BNXQ3P8',70,7,1),(9,9,'Room CwknaDv',80,5,0),(9,10,'Room 0zvpFGX',100,30,0),(10,1,'Room P6JnLby',90,20,0),(10,2,'Room mtlzrjU',60,6,0),(10,3,'Room CdVqPxi',110,5,0),(10,4,'Room CtSTrJ8',90,6,1),(10,5,'Room 2w3tQz7',70,9,0),(10,6,'Room 6mTDKOL',110,5,0),(10,7,'Room wD6TWm2',110,8,1),(10,8,'Room RJloG3Y',90,9,0),(10,9,'Room 2AR4d6I',80,8,0),(10,10,'Room Riue2Hb',70,10,1),(11,1,'Room cUiR5Gm',90,5,1),(11,2,'Room CcUmtO2',100,20,0),(11,3,'Room uSryohA',90,5,1),(11,4,'Room y5kpLYl',60,30,0),(11,5,'Room 1XWHt0C',80,6,0),(11,6,'Room yV687BO',110,20,1),(11,7,'Room kDGVqCZ',90,5,0),(11,8,'Room UwsVDWt',60,8,1),(11,9,'Room Ws264CS',80,7,0),(11,10,'Room twlgCvF',70,5,1),(12,1,'Room n2Oi4es',120,10,0),(12,2,'Room pqT9oF4',80,20,0),(12,3,'Room 2sKR8k0',120,20,1),(12,4,'Room 9rQagw2',80,6,1),(12,5,'Room UVzPxiM',100,8,1),(12,6,'Room dFDjA6b',90,10,0),(12,7,'Room 3EjO1Tw',120,30,0),(12,8,'Room STA35qu',70,10,0),(12,9,'Room 8IjqUPk',100,10,0),(12,10,'Room Jd8fzUg',100,9,0);
/*!40000 ALTER TABLE `rooms` ENABLE KEYS */;
UNLOCK TABLES;

--
-- Table structure for table `seat`
--

DROP TABLE IF EXISTS `seat`;
/*!40101 SET @saved_cs_client     = @@character_set_client */;
/*!50503 SET character_set_client = utf8mb4 */;
CREATE TABLE `seat` (
  `seat_id` int NOT NULL,
  `cinema_id` int NOT NULL,
  `room_id` int NOT NULL,
  `row` int NOT NULL,
  `seat` int NOT NULL,
  `is_accessibility` tinyint(1) NOT NULL,
  PRIMARY KEY (`seat_id`,`cinema_id`),
  KEY `cinema_id` (`cinema_id`,`room_id`),
  CONSTRAINT `seat_ibfk_1` FOREIGN KEY (`cinema_id`, `room_id`) REFERENCES `rooms` (`cinema_id`, `room_id`)
) ENGINE=InnoDB DEFAULT CHARSET=utf8mb3 COLLATE=utf8mb3_unicode_ci;
/*!40101 SET character_set_client = @saved_cs_client */;

--
-- Dumping data for table `seat`
--

LOCK TABLES `seat` WRITE;
/*!40000 ALTER TABLE `seat` DISABLE KEYS */;
INSERT INTO `seat` VALUES (1,1,1,1,1,0),(2,1,1,1,2,1),(3,1,1,1,3,1),(4,1,1,1,4,1),(5,1,1,1,5,0),(6,1,1,1,6,0),(7,1,1,1,7,0),(8,1,1,1,8,0),(9,1,1,2,1,1),(10,1,1,2,2,0),(11,1,1,2,3,0),(12,1,1,2,4,1),(13,1,1,2,5,1),(14,1,1,2,6,1),(15,1,1,2,7,1),(16,1,1,2,8,0),(17,1,1,3,1,1),(18,1,1,3,2,1),(19,1,1,3,3,1),(20,1,1,3,4,0),(21,1,1,3,5,0),(22,1,1,3,6,0),(23,1,1,3,7,0),(24,1,1,3,8,1),(25,1,1,4,1,0),(26,1,1,4,2,1),(27,1,1,4,3,0),(28,1,1,4,4,1),(29,1,1,4,5,1),(30,1,1,4,6,1),(31,1,1,4,7,1),(32,1,1,4,8,1),(33,1,2,1,1,1),(34,1,2,1,2,0),(35,1,2,1,3,0),(36,1,2,1,4,0),(37,1,2,1,5,1),(38,1,2,1,6,0),(39,1,2,1,7,0),(40,1,2,1,8,1),(41,1,2,2,1,1),(42,1,2,2,2,0),(43,1,2,2,3,1),(44,1,2,2,4,0),(45,1,2,2,5,0),(46,1,2,2,6,0),(47,1,2,2,7,0),(48,1,2,2,8,0),(49,1,2,3,1,1),(50,1,2,3,2,1),(51,1,2,3,3,1),(52,1,2,3,4,0),(53,1,2,3,5,1),(54,1,2,3,6,1),(55,1,2,3,7,0),(56,1,2,3,8,1),(57,1,2,4,1,0),(58,1,2,4,2,1),(59,1,2,4,3,0),(60,1,2,4,4,0),(61,1,2,4,5,0),(62,1,2,4,6,0),(63,1,2,4,7,0),(64,1,2,4,8,0),(65,1,3,1,1,0),(66,1,3,1,2,0),(67,1,3,1,3,0),(68,1,3,1,4,1),(69,1,3,1,5,0),(70,1,3,1,6,0),(71,1,3,1,7,0),(72,1,3,1,8,0),(73,1,3,2,1,1),(74,1,3,2,2,1),(75,1,3,2,3,0),(76,1,3,2,4,0),(77,1,3,2,5,0),(78,1,3,2,6,1),(79,1,3,2,7,1),(80,1,3,2,8,0),(81,1,3,3,1,1),(82,1,3,3,2,0),(83,1,3,3,3,0),(84,1,3,3,4,1),(85,1,3,3,5,1),(86,1,3,3,6,1),(87,1,3,3,7,0),(88,1,3,3,8,0),(89,1,3,4,1,1),(90,1,3,4,2,0),(91,1,3,4,3,1),(92,1,3,4,4,0),(93,1,3,4,5,1),(94,1,3,4,6,0),(95,1,3,4,7,0),(96,1,3,4,8,0),(97,1,4,1,1,1),(98,1,4,1,2,1),(99,1,4,1,3,1),(100,1,4,1,4,0),(101,1,4,1,5,0),(102,1,4,1,6,1),(103,1,4,1,7,1),(104,1,4,1,8,0),(105,1,4,2,1,0),(106,1,4,2,2,0),(107,1,4,2,3,1),(108,1,4,2,4,1),(109,1,4,2,5,1),(110,1,4,2,6,1),(111,1,4,2,7,0),(112,1,4,2,8,1),(113,1,4,3,1,1),(114,1,4,3,2,0),(115,1,4,3,3,0),(116,1,4,3,4,0),(117,1,4,3,5,1),(118,1,4,3,6,0),(119,1,4,3,7,1),(120,1,4,3,8,0),(121,1,4,4,1,0),(122,1,4,4,2,1),(123,1,4,4,3,1),(124,1,4,4,4,1),(125,1,4,4,5,0),(126,1,4,4,6,1),(127,1,4,4,7,1),(128,1,4,4,8,1),(129,1,5,1,1,0),(130,1,5,1,2,0),(131,1,5,1,3,1),(132,1,5,1,4,1),(133,1,5,1,5,0),(134,1,5,1,6,0),(135,1,5,1,7,0),(136,1,5,1,8,0),(137,1,5,2,1,0),(138,1,5,2,2,1),(139,1,5,2,3,1),(140,1,5,2,4,1),(141,1,5,2,5,0),(142,1,5,2,6,1),(143,1,5,2,7,0),(144,1,5,2,8,1),(145,1,5,3,1,1),(146,1,5,3,2,1),(147,1,5,3,3,0),(148,1,5,3,4,1),(149,1,5,3,5,0),(150,1,5,3,6,0),(151,1,5,3,7,1),(152,1,5,3,8,0),(153,1,5,4,1,0),(154,1,5,4,2,1),(155,1,5,4,3,1),(156,1,5,4,4,0),(157,1,5,4,5,0),(158,1,5,4,6,1),(159,1,5,4,7,0),(160,1,5,4,8,1),(161,1,6,1,1,0),(162,1,6,1,2,0),(163,1,6,1,3,0),(164,1,6,1,4,0),(165,1,6,1,5,1),(166,1,6,1,6,1),(167,1,6,1,7,0),(168,1,6,1,8,0),(169,1,6,2,1,0),(170,1,6,2,2,1),(171,1,6,2,3,0),(172,1,6,2,4,0),(173,1,6,2,5,0),(174,1,6,2,6,0),(175,1,6,2,7,0),(176,1,6,2,8,0),(177,1,6,3,1,1),(178,1,6,3,2,0),(179,1,6,3,3,1),(180,1,6,3,4,0),(181,1,6,3,5,0),(182,1,6,3,6,0),(183,1,6,3,7,0),(184,1,6,3,8,0),(185,1,6,4,1,0),(186,1,6,4,2,1),(187,1,6,4,3,0),(188,1,6,4,4,1),(189,1,6,4,5,1),(190,1,6,4,6,0),(191,1,6,4,7,0),(192,1,6,4,8,0),(193,2,1,1,1,1),(194,2,1,1,2,1),(195,2,1,1,3,1),(196,2,1,1,4,0),(197,2,1,1,5,0),(198,2,1,1,6,1),(199,2,1,1,7,0),(200,2,1,1,8,1),(201,2,1,2,1,0),(202,2,1,2,2,0),(203,2,1,2,3,0),(204,2,1,2,4,1),(205,2,1,2,5,0),(206,2,1,2,6,0),(207,2,1,2,7,0),(208,2,1,2,8,0),(209,2,1,3,1,1),(210,2,1,3,2,1),(211,2,1,3,3,1),(212,2,1,3,4,1),(213,2,1,3,5,1),(214,2,1,3,6,0),(215,2,1,3,7,0),(216,2,1,3,8,0),(217,2,1,4,1,1),(218,2,1,4,2,1),(219,2,1,4,3,0),(220,2,1,4,4,1),(221,2,1,4,5,0),(222,2,1,4,6,0),(223,2,1,4,7,0),(224,2,1,4,8,1),(225,2,2,1,1,1),(226,2,2,1,2,0),(227,2,2,1,3,1),(228,2,2,1,4,0),(229,2,2,1,5,0),(230,2,2,1,6,1),(231,2,2,1,7,0),(232,2,2,1,8,0),(233,2,2,2,1,1),(234,2,2,2,2,0),(235,2,2,2,3,1),(236,2,2,2,4,1),(237,2,2,2,5,1),(238,2,2,2,6,1),(239,2,2,2,7,1),(240,2,2,2,8,1),(241,2,2,3,1,0),(242,2,2,3,2,0),(243,2,2,3,3,1),(244,2,2,3,4,1),(245,2,2,3,5,0),(246,2,2,3,6,1),(247,2,2,3,7,0),(248,2,2,3,8,0),(249,2,2,4,1,1),(250,2,2,4,2,0),(251,2,2,4,3,1),(252,2,2,4,4,0),(253,2,2,4,5,1),(254,2,2,4,6,0),(255,2,2,4,7,0),(256,2,2,4,8,0),(257,2,3,1,1,0),(258,2,3,1,2,0),(259,2,3,1,3,1),(260,2,3,1,4,1),(261,2,3,1,5,1),(262,2,3,1,6,1),(263,2,3,1,7,1),(264,2,3,1,8,0),(265,2,3,2,1,1),(266,2,3,2,2,1),(267,2,3,2,3,1),(268,2,3,2,4,1),(269,2,3,2,5,0),(270,2,3,2,6,0),(271,2,3,2,7,0),(272,2,3,2,8,1),(273,2,3,3,1,0),(274,2,3,3,2,0),(275,2,3,3,3,1),(276,2,3,3,4,1),(277,2,3,3,5,1),(278,2,3,3,6,1),(279,2,3,3,7,1),(280,2,3,3,8,0),(281,2,3,4,1,0),(282,2,3,4,2,0),(283,2,3,4,3,1),(284,2,3,4,4,0),(285,2,3,4,5,0),(286,2,3,4,6,0),(287,2,3,4,7,0),(288,2,3,4,8,0),(289,2,4,1,1,1),(290,2,4,1,2,0),(291,2,4,1,3,1),(292,2,4,1,4,1),(293,2,4,1,5,0),(294,2,4,1,6,0),(295,2,4,1,7,1),(296,2,4,1,8,0),(297,2,4,2,1,0),(298,2,4,2,2,0),(299,2,4,2,3,0),(300,2,4,2,4,0),(301,2,4,2,5,1),(302,2,4,2,6,1),(303,2,4,2,7,0),(304,2,4,2,8,0),(305,2,4,3,1,1),(306,2,4,3,2,1),(307,2,4,3,3,0),(308,2,4,3,4,0),(309,2,4,3,5,1),(310,2,4,3,6,0),(311,2,4,3,7,0),(312,2,4,3,8,1),(313,2,4,4,1,1),(314,2,4,4,2,0),(315,2,4,4,3,0),(316,2,4,4,4,1),(317,2,4,4,5,0),(318,2,4,4,6,1),(319,2,4,4,7,0),(320,2,4,4,8,0),(321,2,5,1,1,1),(322,2,5,1,2,1),(323,2,5,1,3,0),(324,2,5,1,4,0),(325,2,5,1,5,1),(326,2,5,1,6,1),(327,2,5,1,7,1),(328,2,5,1,8,1),(329,2,5,2,1,0),(330,2,5,2,2,0),(331,2,5,2,3,1),(332,2,5,2,4,0),(333,2,5,2,5,1),(334,2,5,2,6,0),(335,2,5,2,7,0),(336,2,5,2,8,1),(337,2,5,3,1,1),(338,2,5,3,2,0),(339,2,5,3,3,1),(340,2,5,3,4,0),(341,2,5,3,5,0),(342,2,5,3,6,0),(343,2,5,3,7,0),(344,2,5,3,8,1),(345,2,5,4,1,1),(346,2,5,4,2,0),(347,2,5,4,3,1),(348,2,5,4,4,1),(349,2,5,4,5,1),(350,2,5,4,6,0),(351,2,5,4,7,0),(352,2,5,4,8,1),(353,2,6,1,1,0),(354,2,6,1,2,1),(355,2,6,1,3,1),(356,2,6,1,4,1),(357,2,6,1,5,0),(358,2,6,1,6,1),(359,2,6,1,7,0),(360,2,6,1,8,1),(361,2,6,2,1,0),(362,2,6,2,2,1),(363,2,6,2,3,0),(364,2,6,2,4,1),(365,2,6,2,5,0),(366,2,6,2,6,1),(367,2,6,2,7,1),(368,2,6,2,8,0),(369,2,6,3,1,1),(370,2,6,3,2,1),(371,2,6,3,3,0),(372,2,6,3,4,0),(373,2,6,3,5,1),(374,2,6,3,6,1),(375,2,6,3,7,1),(376,2,6,3,8,1),(377,2,6,4,1,1),(378,2,6,4,2,0),(379,2,6,4,3,1),(380,2,6,4,4,1),(381,2,6,4,5,1),(382,2,6,4,6,1),(383,2,6,4,7,1),(384,2,6,4,8,1),(385,3,1,1,1,0),(386,3,1,1,2,0),(387,3,1,1,3,1),(388,3,1,1,4,1),(389,3,1,1,5,0),(390,3,1,1,6,1),(391,3,1,1,7,0),(392,3,1,1,8,0),(393,3,1,2,1,1),(394,3,1,2,2,1),(395,3,1,2,3,1),(396,3,1,2,4,0),(397,3,1,2,5,1),(398,3,1,2,6,1),(399,3,1,2,7,1),(400,3,1,2,8,1),(401,3,1,3,1,1),(402,3,1,3,2,0),(403,3,1,3,3,1),(404,3,1,3,4,1),(405,3,1,3,5,0),(406,3,1,3,6,0),(407,3,1,3,7,0),(408,3,1,3,8,0),(409,3,1,4,1,0),(410,3,1,4,2,0),(411,3,1,4,3,0),(412,3,1,4,4,0),(413,3,1,4,5,1),(414,3,1,4,6,0),(415,3,1,4,7,0),(416,3,1,4,8,1),(417,3,2,1,1,1),(418,3,2,1,2,1),(419,3,2,1,3,0),(420,3,2,1,4,0),(421,3,2,1,5,0),(422,3,2,1,6,1),(423,3,2,1,7,0),(424,3,2,1,8,1),(425,3,2,2,1,0),(426,3,2,2,2,1),(427,3,2,2,3,1),(428,3,2,2,4,1),(429,3,2,2,5,0),(430,3,2,2,6,0),(431,3,2,2,7,1),(432,3,2,2,8,0),(433,3,2,3,1,1),(434,3,2,3,2,1),(435,3,2,3,3,1),(436,3,2,3,4,0),(437,3,2,3,5,1),(438,3,2,3,6,1),(439,3,2,3,7,0),(440,3,2,3,8,1),(441,3,2,4,1,0),(442,3,2,4,2,1),(443,3,2,4,3,0),(444,3,2,4,4,0),(445,3,2,4,5,1),(446,3,2,4,6,1),(447,3,2,4,7,1),(448,3,2,4,8,0),(449,3,3,1,1,1),(450,3,3,1,2,1),(451,3,3,1,3,0),(452,3,3,1,4,0),(453,3,3,1,5,0),(454,3,3,1,6,0),(455,3,3,1,7,1),(456,3,3,1,8,0),(457,3,3,2,1,0),(458,3,3,2,2,1),(459,3,3,2,3,1),(460,3,3,2,4,1),(461,3,3,2,5,1),(462,3,3,2,6,1),(463,3,3,2,7,0),(464,3,3,2,8,0),(465,3,3,3,1,1),(466,3,3,3,2,1),(467,3,3,3,3,0),(468,3,3,3,4,1),(469,3,3,3,5,0),(470,3,3,3,6,1),(471,3,3,3,7,0),(472,3,3,3,8,1),(473,3,3,4,1,0),(474,3,3,4,2,0),(475,3,3,4,3,1),(476,3,3,4,4,1),(477,3,3,4,5,1),(478,3,3,4,6,0),(479,3,3,4,7,1),(480,3,3,4,8,1),(481,3,4,1,1,0),(482,3,4,1,2,0),(483,3,4,1,3,1),(484,3,4,1,4,0),(485,3,4,1,5,0),(486,3,4,1,6,1),(487,3,4,1,7,0),(488,3,4,1,8,1),(489,3,4,2,1,0),(490,3,4,2,2,1),(491,3,4,2,3,0),(492,3,4,2,4,0),(493,3,4,2,5,0),(494,3,4,2,6,0),(495,3,4,2,7,1),(496,3,4,2,8,0),(497,3,4,3,1,0),(498,3,4,3,2,1),(499,3,4,3,3,1),(500,3,4,3,4,1),(501,3,4,3,5,0),(502,3,4,3,6,0),(503,3,4,3,7,0),(504,3,4,3,8,0),(505,3,4,4,1,1),(506,3,4,4,2,0),(507,3,4,4,3,1),(508,3,4,4,4,0),(509,3,4,4,5,0),(510,3,4,4,6,1),(511,3,4,4,7,1),(512,3,4,4,8,0),(513,3,5,1,1,0),(514,3,5,1,2,0),(515,3,5,1,3,1),(516,3,5,1,4,0),(517,3,5,1,5,1),(518,3,5,1,6,1),(519,3,5,1,7,0),(520,3,5,1,8,0),(521,3,5,2,1,0),(522,3,5,2,2,0),(523,3,5,2,3,0),(524,3,5,2,4,0),(525,3,5,2,5,0),(526,3,5,2,6,1),(527,3,5,2,7,0),(528,3,5,2,8,1),(529,3,5,3,1,0),(530,3,5,3,2,0),(531,3,5,3,3,0),(532,3,5,3,4,1),(533,3,5,3,5,1),(534,3,5,3,6,1),(535,3,5,3,7,0),(536,3,5,3,8,1),(537,3,5,4,1,1),(538,3,5,4,2,1),(539,3,5,4,3,0),(540,3,5,4,4,1),(541,3,5,4,5,1),(542,3,5,4,6,0),(543,3,5,4,7,0),(544,3,5,4,8,1),(545,3,6,1,1,1),(546,3,6,1,2,0),(547,3,6,1,3,0),(548,3,6,1,4,1),(549,3,6,1,5,0),(550,3,6,1,6,0),(551,3,6,1,7,1),(552,3,6,1,8,0),(553,3,6,2,1,0),(554,3,6,2,2,1),(555,3,6,2,3,1),(556,3,6,2,4,1),(557,3,6,2,5,0),(558,3,6,2,6,0),(559,3,6,2,7,0),(560,3,6,2,8,0),(561,3,6,3,1,0),(562,3,6,3,2,1),(563,3,6,3,3,1),(564,3,6,3,4,0),(565,3,6,3,5,1),(566,3,6,3,6,1),(567,3,6,3,7,0),(568,3,6,3,8,1),(569,3,6,4,1,1),(570,3,6,4,2,1),(571,3,6,4,3,0),(572,3,6,4,4,1),(573,3,6,4,5,0),(574,3,6,4,6,0),(575,3,6,4,7,1),(576,3,6,4,8,1),(577,4,1,1,1,1),(578,4,1,1,2,0),(579,4,1,1,3,1),(580,4,1,1,4,1),(581,4,1,1,5,1),(582,4,1,1,6,0),(583,4,1,1,7,0),(584,4,1,1,8,0),(585,4,1,2,1,0),(586,4,1,2,2,0),(587,4,1,2,3,0),(588,4,1,2,4,0),(589,4,1,2,5,1),(590,4,1,2,6,0),(591,4,1,2,7,1),(592,4,1,2,8,0),(593,4,1,3,1,0),(594,4,1,3,2,1),(595,4,1,3,3,1),(596,4,1,3,4,1),(597,4,1,3,5,1),(598,4,1,3,6,1),(599,4,1,3,7,0),(600,4,1,3,8,0),(601,4,1,4,1,1),(602,4,1,4,2,1),(603,4,1,4,3,1),(604,4,1,4,4,1),(605,4,1,4,5,0),(606,4,1,4,6,1),(607,4,1,4,7,0),(608,4,1,4,8,1),(609,4,2,1,1,0),(610,4,2,1,2,0),(611,4,2,1,3,0),(612,4,2,1,4,0),(613,4,2,1,5,1),(614,4,2,1,6,1),(615,4,2,1,7,0),(616,4,2,1,8,1),(617,4,2,2,1,0),(618,4,2,2,2,0),(619,4,2,2,3,0),(620,4,2,2,4,1),(621,4,2,2,5,0),(622,4,2,2,6,0),(623,4,2,2,7,0),(624,4,2,2,8,0),(625,4,2,3,1,1),(626,4,2,3,2,0),(627,4,2,3,3,0),(628,4,2,3,4,1),(629,4,2,3,5,0),(630,4,2,3,6,0),(631,4,2,3,7,1),(632,4,2,3,8,1),(633,4,2,4,1,1),(634,4,2,4,2,1),(635,4,2,4,3,1),(636,4,2,4,4,0),(637,4,2,4,5,0),(638,4,2,4,6,1),(639,4,2,4,7,0),(640,4,2,4,8,1),(641,4,3,1,1,0),(642,4,3,1,2,1),(643,4,3,1,3,0),(644,4,3,1,4,1),(645,4,3,1,5,0),(646,4,3,1,6,1),(647,4,3,1,7,0),(648,4,3,1,8,0),(649,4,3,2,1,0),(650,4,3,2,2,0),(651,4,3,2,3,1),(652,4,3,2,4,0),(653,4,3,2,5,0),(654,4,3,2,6,0),(655,4,3,2,7,1),(656,4,3,2,8,1),(657,4,3,3,1,0),(658,4,3,3,2,1),(659,4,3,3,3,1),(660,4,3,3,4,0),(661,4,3,3,5,0),(662,4,3,3,6,1),(663,4,3,3,7,0),(664,4,3,3,8,1),(665,4,3,4,1,0),(666,4,3,4,2,0),(667,4,3,4,3,1),(668,4,3,4,4,0),(669,4,3,4,5,0),(670,4,3,4,6,0),(671,4,3,4,7,0),(672,4,3,4,8,1),(673,4,4,1,1,1),(674,4,4,1,2,1),(675,4,4,1,3,0),(676,4,4,1,4,1),(677,4,4,1,5,0),(678,4,4,1,6,1),(679,4,4,1,7,0),(680,4,4,1,8,0),(681,4,4,2,1,1),(682,4,4,2,2,0),(683,4,4,2,3,1),(684,4,4,2,4,1),(685,4,4,2,5,0),(686,4,4,2,6,0),(687,4,4,2,7,0),(688,4,4,2,8,1),(689,4,4,3,1,1),(690,4,4,3,2,0),(691,4,4,3,3,0),(692,4,4,3,4,1),(693,4,4,3,5,1),(694,4,4,3,6,1),(695,4,4,3,7,1),(696,4,4,3,8,1),(697,4,4,4,1,0),(698,4,4,4,2,1),(699,4,4,4,3,1),(700,4,4,4,4,0),(701,4,4,4,5,0),(702,4,4,4,6,1),(703,4,4,4,7,1),(704,4,4,4,8,0),(705,4,5,1,1,1),(706,4,5,1,2,0),(707,4,5,1,3,1),(708,4,5,1,4,0),(709,4,5,1,5,1),(710,4,5,1,6,1),(711,4,5,1,7,1),(712,4,5,1,8,0),(713,4,5,2,1,1),(714,4,5,2,2,0),(715,4,5,2,3,1),(716,4,5,2,4,1),(717,4,5,2,5,0),(718,4,5,2,6,1),(719,4,5,2,7,0),(720,4,5,2,8,1),(721,4,5,3,1,1),(722,4,5,3,2,0),(723,4,5,3,3,1),(724,4,5,3,4,0),(725,4,5,3,5,1),(726,4,5,3,6,0),(727,4,5,3,7,1),(728,4,5,3,8,0),(729,4,5,4,1,0),(730,4,5,4,2,0),(731,4,5,4,3,0),(732,4,5,4,4,0),(733,4,5,4,5,0),(734,4,5,4,6,0),(735,4,5,4,7,1),(736,4,5,4,8,1),(737,4,6,1,1,1),(738,4,6,1,2,1),(739,4,6,1,3,0),(740,4,6,1,4,1),(741,4,6,1,5,0),(742,4,6,1,6,0),(743,4,6,1,7,0),(744,4,6,1,8,1),(745,4,6,2,1,1),(746,4,6,2,2,0),(747,4,6,2,3,0),(748,4,6,2,4,1),(749,4,6,2,5,0),(750,4,6,2,6,0),(751,4,6,2,7,1),(752,4,6,2,8,1),(753,4,6,3,1,1),(754,4,6,3,2,1),(755,4,6,3,3,0),(756,4,6,3,4,1),(757,4,6,3,5,0),(758,4,6,3,6,1),(759,4,6,3,7,1),(760,4,6,3,8,1),(761,4,6,4,1,1),(762,4,6,4,2,1),(763,4,6,4,3,0),(764,4,6,4,4,0),(765,4,6,4,5,1),(766,4,6,4,6,1),(767,4,6,4,7,1),(768,4,6,4,8,0),(769,5,1,1,1,1),(770,5,1,1,2,0),(771,5,1,1,3,1),(772,5,1,1,4,1),(773,5,1,1,5,1),(774,5,1,1,6,0),(775,5,1,1,7,0),(776,5,1,1,8,1),(777,5,1,2,1,1),(778,5,1,2,2,0),(779,5,1,2,3,1),(780,5,1,2,4,0),(781,5,1,2,5,1),(782,5,1,2,6,0),(783,5,1,2,7,0),(784,5,1,2,8,0),(785,5,1,3,1,0),(786,5,1,3,2,1),(787,5,1,3,3,0),(788,5,1,3,4,1),(789,5,1,3,5,0),(790,5,1,3,6,1),(791,5,1,3,7,0),(792,5,1,3,8,1),(793,5,1,4,1,0),(794,5,1,4,2,0),(795,5,1,4,3,0),(796,5,1,4,4,1),(797,5,1,4,5,0),(798,5,1,4,6,1),(799,5,1,4,7,1),(800,5,1,4,8,0),(801,5,2,1,1,0),(802,5,2,1,2,0),(803,5,2,1,3,0),(804,5,2,1,4,1),(805,5,2,1,5,1),(806,5,2,1,6,0),(807,5,2,1,7,1),(808,5,2,1,8,1),(809,5,2,2,1,0),(810,5,2,2,2,1),(811,5,2,2,3,1),(812,5,2,2,4,1),(813,5,2,2,5,1),(814,5,2,2,6,1),(815,5,2,2,7,0),(816,5,2,2,8,1),(817,5,2,3,1,1),(818,5,2,3,2,1),(819,5,2,3,3,1),(820,5,2,3,4,0),(821,5,2,3,5,0),(822,5,2,3,6,0),(823,5,2,3,7,1),(824,5,2,3,8,0),(825,5,2,4,1,0),(826,5,2,4,2,0),(827,5,2,4,3,0),(828,5,2,4,4,0),(829,5,2,4,5,0),(830,5,2,4,6,0),(831,5,2,4,7,1),(832,5,2,4,8,0),(833,5,3,1,1,1),(834,5,3,1,2,1),(835,5,3,1,3,1),(836,5,3,1,4,1),(837,5,3,1,5,1),(838,5,3,1,6,1),(839,5,3,1,7,0),(840,5,3,1,8,0),(841,5,3,2,1,1),(842,5,3,2,2,0),(843,5,3,2,3,0),(844,5,3,2,4,1),(845,5,3,2,5,1),(846,5,3,2,6,0),(847,5,3,2,7,0),(848,5,3,2,8,0),(849,5,3,3,1,0),(850,5,3,3,2,0),(851,5,3,3,3,0),(852,5,3,3,4,1),(853,5,3,3,5,0),(854,5,3,3,6,0),(855,5,3,3,7,0),(856,5,3,3,8,1),(857,5,3,4,1,1),(858,5,3,4,2,1),(859,5,3,4,3,0),(860,5,3,4,4,0),(861,5,3,4,5,0),(862,5,3,4,6,0),(863,5,3,4,7,0),(864,5,3,4,8,0),(865,5,4,1,1,0),(866,5,4,1,2,1),(867,5,4,1,3,1),(868,5,4,1,4,1),(869,5,4,1,5,0),(870,5,4,1,6,1),(871,5,4,1,7,1),(872,5,4,1,8,1),(873,5,4,2,1,1),(874,5,4,2,2,0),(875,5,4,2,3,1),(876,5,4,2,4,1),(877,5,4,2,5,0),(878,5,4,2,6,0),(879,5,4,2,7,1),(880,5,4,2,8,1),(881,5,4,3,1,1),(882,5,4,3,2,1),(883,5,4,3,3,1),(884,5,4,3,4,1),(885,5,4,3,5,1),(886,5,4,3,6,1),(887,5,4,3,7,1),(888,5,4,3,8,1),(889,5,4,4,1,0),(890,5,4,4,2,1),(891,5,4,4,3,1),(892,5,4,4,4,0),(893,5,4,4,5,0),(894,5,4,4,6,0),(895,5,4,4,7,1),(896,5,4,4,8,1),(897,5,5,1,1,1),(898,5,5,1,2,1),(899,5,5,1,3,0),(900,5,5,1,4,1),(901,5,5,1,5,1),(902,5,5,1,6,0),(903,5,5,1,7,1),(904,5,5,1,8,1),(905,5,5,2,1,0),(906,5,5,2,2,1),(907,5,5,2,3,1),(908,5,5,2,4,0),(909,5,5,2,5,0),(910,5,5,2,6,0),(911,5,5,2,7,1),(912,5,5,2,8,1),(913,5,5,3,1,0),(914,5,5,3,2,1),(915,5,5,3,3,0),(916,5,5,3,4,0),(917,5,5,3,5,1),(918,5,5,3,6,1),(919,5,5,3,7,0),(920,5,5,3,8,0),(921,5,5,4,1,1),(922,5,5,4,2,1),(923,5,5,4,3,0),(924,5,5,4,4,0),(925,5,5,4,5,1),(926,5,5,4,6,1),(927,5,5,4,7,1),(928,5,5,4,8,1),(929,5,6,1,1,1),(930,5,6,1,2,1),(931,5,6,1,3,1),(932,5,6,1,4,1),(933,5,6,1,5,0),(934,5,6,1,6,1),(935,5,6,1,7,0),(936,5,6,1,8,1),(937,5,6,2,1,0),(938,5,6,2,2,1),(939,5,6,2,3,1),(940,5,6,2,4,0),(941,5,6,2,5,0),(942,5,6,2,6,1),(943,5,6,2,7,1),(944,5,6,2,8,0),(945,5,6,3,1,0),(946,5,6,3,2,0),(947,5,6,3,3,0),(948,5,6,3,4,1),(949,5,6,3,5,1),(950,5,6,3,6,1),(951,5,6,3,7,1),(952,5,6,3,8,0),(953,5,6,4,1,1),(954,5,6,4,2,1),(955,5,6,4,3,0),(956,5,6,4,4,1),(957,5,6,4,5,0),(958,5,6,4,6,0),(959,5,6,4,7,0),(960,5,6,4,8,0),(961,6,1,1,1,1),(962,6,1,1,2,0),(963,6,1,1,3,0),(964,6,1,1,4,1),(965,6,1,1,5,0),(966,6,1,1,6,1),(967,6,1,1,7,0),(968,6,1,1,8,1),(969,6,1,2,1,0),(970,6,1,2,2,0),(971,6,1,2,3,1),(972,6,1,2,4,1),(973,6,1,2,5,0),(974,6,1,2,6,0),(975,6,1,2,7,0),(976,6,1,2,8,0),(977,6,1,3,1,1),(978,6,1,3,2,1),(979,6,1,3,3,1),(980,6,1,3,4,0),(981,6,1,3,5,1),(982,6,1,3,6,0),(983,6,1,3,7,1),(984,6,1,3,8,0),(985,6,1,4,1,1),(986,6,1,4,2,1),(987,6,1,4,3,1),(988,6,1,4,4,1),(989,6,1,4,5,0),(990,6,1,4,6,0),(991,6,1,4,7,0),(992,6,1,4,8,1),(993,6,2,1,1,0),(994,6,2,1,2,1),(995,6,2,1,3,0),(996,6,2,1,4,1),(997,6,2,1,5,0),(998,6,2,1,6,0),(999,6,2,1,7,0),(1000,6,2,1,8,0),(1001,6,2,2,1,1),(1002,6,2,2,2,0),(1003,6,2,2,3,0),(1004,6,2,2,4,1),(1005,6,2,2,5,0),(1006,6,2,2,6,1),(1007,6,2,2,7,0),(1008,6,2,2,8,1),(1009,6,2,3,1,1),(1010,6,2,3,2,1),(1011,6,2,3,3,1),(1012,6,2,3,4,0),(1013,6,2,3,5,0),(1014,6,2,3,6,1),(1015,6,2,3,7,1),(1016,6,2,3,8,1),(1017,6,2,4,1,0),(1018,6,2,4,2,0),(1019,6,2,4,3,0),(1020,6,2,4,4,1),(1021,6,2,4,5,1),(1022,6,2,4,6,1),(1023,6,2,4,7,1),(1024,6,2,4,8,1),(1025,6,3,1,1,0),(1026,6,3,1,2,1),(1027,6,3,1,3,0),(1028,6,3,1,4,0),(1029,6,3,1,5,0),(1030,6,3,1,6,1),(1031,6,3,1,7,1),(1032,6,3,1,8,1),(1033,6,3,2,1,1),(1034,6,3,2,2,1),(1035,6,3,2,3,0),(1036,6,3,2,4,0),(1037,6,3,2,5,1),(1038,6,3,2,6,0),(1039,6,3,2,7,1),(1040,6,3,2,8,1),(1041,6,3,3,1,0),(1042,6,3,3,2,1),(1043,6,3,3,3,0),(1044,6,3,3,4,1),(1045,6,3,3,5,1),(1046,6,3,3,6,0),(1047,6,3,3,7,1),(1048,6,3,3,8,1),(1049,6,3,4,1,1),(1050,6,3,4,2,0),(1051,6,3,4,3,1),(1052,6,3,4,4,0),(1053,6,3,4,5,0),(1054,6,3,4,6,0),(1055,6,3,4,7,1),(1056,6,3,4,8,1),(1057,6,4,1,1,0),(1058,6,4,1,2,0),(1059,6,4,1,3,0),(1060,6,4,1,4,0),(1061,6,4,1,5,1),(1062,6,4,1,6,0),(1063,6,4,1,7,1),(1064,6,4,1,8,1),(1065,6,4,2,1,1),(1066,6,4,2,2,0),(1067,6,4,2,3,0),(1068,6,4,2,4,1),(1069,6,4,2,5,1),(1070,6,4,2,6,1),(1071,6,4,2,7,1),(1072,6,4,2,8,1),(1073,6,4,3,1,0),(1074,6,4,3,2,0),(1075,6,4,3,3,0),(1076,6,4,3,4,1),(1077,6,4,3,5,0),(1078,6,4,3,6,1),(1079,6,4,3,7,1),(1080,6,4,3,8,0),(1081,6,4,4,1,0),(1082,6,4,4,2,0),(1083,6,4,4,3,1),(1084,6,4,4,4,0),(1085,6,4,4,5,0),(1086,6,4,4,6,0),(1087,6,4,4,7,1),(1088,6,4,4,8,0),(1089,6,5,1,1,0),(1090,6,5,1,2,0),(1091,6,5,1,3,1),(1092,6,5,1,4,0),(1093,6,5,1,5,1),(1094,6,5,1,6,1),(1095,6,5,1,7,1),(1096,6,5,1,8,0),(1097,6,5,2,1,1),(1098,6,5,2,2,1),(1099,6,5,2,3,0),(1100,6,5,2,4,1),(1101,6,5,2,5,1),(1102,6,5,2,6,1),(1103,6,5,2,7,1),(1104,6,5,2,8,0),(1105,6,5,3,1,0),(1106,6,5,3,2,1),(1107,6,5,3,3,1),(1108,6,5,3,4,1),(1109,6,5,3,5,0),(1110,6,5,3,6,1),(1111,6,5,3,7,0),(1112,6,5,3,8,0),(1113,6,5,4,1,0),(1114,6,5,4,2,0),(1115,6,5,4,3,1),(1116,6,5,4,4,1),(1117,6,5,4,5,1),(1118,6,5,4,6,1),(1119,6,5,4,7,1),(1120,6,5,4,8,1),(1121,6,6,1,1,1),(1122,6,6,1,2,0),(1123,6,6,1,3,0),(1124,6,6,1,4,1),(1125,6,6,1,5,1),(1126,6,6,1,6,0),(1127,6,6,1,7,1),(1128,6,6,1,8,1),(1129,6,6,2,1,1),(1130,6,6,2,2,1),(1131,6,6,2,3,0),(1132,6,6,2,4,1),(1133,6,6,2,5,0),(1134,6,6,2,6,1),(1135,6,6,2,7,0),(1136,6,6,2,8,0),(1137,6,6,3,1,0),(1138,6,6,3,2,0),(1139,6,6,3,3,1),(1140,6,6,3,4,1),(1141,6,6,3,5,0),(1142,6,6,3,6,0),(1143,6,6,3,7,0),(1144,6,6,3,8,1),(1145,6,6,4,1,0),(1146,6,6,4,2,1),(1147,6,6,4,3,0),(1148,6,6,4,4,0),(1149,6,6,4,5,0),(1150,6,6,4,6,0),(1151,6,6,4,7,0),(1152,6,6,4,8,0);
/*!40000 ALTER TABLE `seat` ENABLE KEYS */;
UNLOCK TABLES;

--
-- Table structure for table `seller_order`
--

DROP TABLE IF EXISTS `seller_order`;
/*!40101 SET @saved_cs_client     = @@character_set_client */;
/*!50503 SET character_set_client = utf8mb4 */;
CREATE TABLE `seller_order` (
  `i_d` int NOT NULL,
  `order_number` int NOT NULL,
  PRIMARY KEY (`i_d`,`order_number`),
  KEY `order_number` (`order_number`),
  CONSTRAINT `seller_order_ibfk_1` FOREIGN KEY (`i_d`) REFERENCES `sellers` (`i_d`),
  CONSTRAINT `seller_order_ibfk_2` FOREIGN KEY (`order_number`) REFERENCES `orders` (`order_number`)
) ENGINE=InnoDB DEFAULT CHARSET=utf8mb3 COLLATE=utf8mb3_unicode_ci;
/*!40101 SET character_set_client = @saved_cs_client */;

--
-- Dumping data for table `seller_order`
--

LOCK TABLES `seller_order` WRITE;
/*!40000 ALTER TABLE `seller_order` DISABLE KEYS */;
INSERT INTO `seller_order` VALUES (144740896,1234),(174002974,1234),(176091458,100632),(331180729,100632),(333420194,100632),(344357346,100632),(362902586,100660),(183778218,100916),(197437623,100916),(337047275,100916),(144771327,102474),(192526971,102474),(344357346,102474),(388143937,102710),(164306495,102785),(180612865,105275),(313362340,105275),(382317789,105275),(123642831,105571),(156099833,105571),(156386379,105571),(379632724,105571),(387060898,105571),(145802062,106354),(362902586,106354),(399963371,106354),(188848194,106538),(333420194,106538),(301764095,107043),(328995224,107043),(105531205,107245),(113318226,107593),(198253607,107593),(360494381,107593),(170414112,107641),(157828323,108263),(310241859,108263),(331180729,108263),(384554553,108263),(139528022,108737),(333524226,108737),(130011167,110562),(188351742,110562),(111731496,113022),(159394560,113022),(393218026,113022),(124366603,113181),(128130901,113181),(136233697,113181),(304197605,113181),(319475956,113181),(334386058,113181),(357860506,113181),(386841575,113181),(154027265,113750),(301857318,113750),(313095074,113750),(313749287,113750),(372617019,114414),(115245986,114745),(146897030,114745),(339890779,114958),(368466299,114958),(138860298,117062),(163213971,117777),(322550618,117777),(380586304,117777),(126730511,118002),(145645895,118002),(302977354,118002),(319793972,118002),(358865948,118043),(392291126,118043),(109831781,120181),(136797975,120181),(370548631,120181),(396705518,120181),(153211370,120720),(182155282,120720),(384269898,120720),(108641553,122147),(114147711,122147),(175806822,123264),(182288339,123264),(386688489,123264),(117342424,124035),(117728234,124035),(160965399,124035),(325417101,124035),(142729895,126800),(332661732,126800),(362997744,126800),(391944473,126800),(141412252,127065),(196675989,127065),(180612865,128502),(123493946,128521),(132612964,128521),(153100090,128521),(343197985,128521),(392025251,128521),(111355941,128645),(189411397,128645),(344997857,128645),(364704237,128645),(381923658,128645),(176498729,129462),(333524226,129462),(357962817,129462),(365195061,129462),(319793972,131898),(164124518,132235),(181368016,132235),(339720873,132235),(386995884,132235),(126730511,133994),(157990786,133994),(349879784,133994),(360494381,133994),(305237204,134771),(307467133,134771),(322001007,135641),(376424542,135641),(305444841,136035),(368466299,136035),(394661239,136035),(397265616,136035),(358865948,136317),(104565695,136542),(114923740,136542),(152101090,136542),(157543342,136542),(319077988,136542),(321076719,136542),(362055786,136737),(117150684,139127),(121144806,139127),(332225543,139127),(132261910,139152),(394662542,139152),(101894796,139688),(126464225,139688),(150877060,139688),(154336997,140475),(348662578,140475),(142732323,140595),(124500828,142527),(334386058,142527),(386688489,142527),(391944473,142527),(399963371,142527),(309430328,144665),(313362340,144665),(132261910,145365),(195974795,145365),(320728056,145365),(375808690,145365),(363337802,145711),(364780007,145711),(397114093,145711),(330972891,149865),(113318226,150544),(320825560,150544),(387245527,150544),(137173850,151968),(141271478,151989),(153211370,151989),(183005503,151989),(198726786,152950),(121609806,153478),(160965399,153478),(320573925,153478),(349879784,153478),(151146302,155056),(324338833,155056),(100467229,156963),(103062579,156963),(151146302,156963),(330589034,156963),(331091160,156963),(119961569,157504),(310573158,157504),(339880256,157504),(100630347,160202),(377027215,160202),(395104512,160202),(325417101,161057),(331180729,161057),(392545732,161057),(160888490,161579),(179453236,161579),(307997036,161579),(332661732,161579),(346451291,161579),(382317789,161708),(165760798,161764),(305121317,161764),(371528452,161764),(128130901,162441),(141850737,162441),(347020998,164111),(384166040,164111),(105531205,164946),(157023092,164946),(157543342,164946),(141473494,165596),(332959340,165596),(394662542,165596),(141850737,165690),(381422341,165690),(127145930,166229),(305121317,166229),(324666816,166229),(339880256,166229),(154336997,166265),(371528452,166265),(104559329,166291),(116552092,166291),(319077988,166291),(380674207,166291),(124500828,166653),(165760798,166653),(346759743,166653),(112412134,167725),(310241859,168042),(132612964,171463),(154016023,171543),(165016379,171543),(180365014,171543),(198347349,171543),(309430328,171543),(318334839,171543),(380988861,171543),(117728234,172309),(126730511,172309),(330589034,172309),(356024759,172309),(366407749,172309),(180612865,172414),(380698198,172414),(152657247,173214),(195200945,173214),(152101090,174336),(176498729,174336),(319199116,174336),(359659097,174336),(362055786,174336),(370482484,174336),(169665629,174464),(319475956,174464),(370115725,174746),(186999337,175156),(333420194,175615),(381422341,175615),(387365178,175615),(392025251,175615),(115245986,176645),(333574423,176645),(385024435,176645),(362055786,177404),(154231127,177588),(387060898,177588),(345567695,178105),(119961569,178269),(105531205,178570),(113740853,178570),(180612865,178570),(301764095,178570),(346571876,178570),(115522920,179415),(376424542,179415),(142344765,179753),(309004569,179753),(362055786,179753),(365961245,179753),(132261910,180468),(308344740,180468),(114923740,181254),(123181003,181254),(146930935,181254),(117342424,182028),(122218031,182028),(171486296,182028),(187123695,182028),(141473494,182259),(157828323,182259),(388829554,182259),(394365969,182259),(399437340,182259),(176498729,182662),(176721630,182662),(335204904,182662),(377937107,182662),(117728234,184034),(137173850,184034),(336910980,184034),(374785031,184034),(167641274,184247),(320825560,184247),(335949143,184247),(357962817,184247),(358865948,184247),(375808690,184247),(390256690,184247),(164306495,184626),(320825560,184626),(387365178,184626),(152949347,184662),(313362340,184662),(123493946,185060),(342889538,185060),(356229527,185299),(151676396,185893),(189661287,185893),(194975030,185893),(374035823,185893),(115522920,185958),(331149335,185958),(113740853,185972),(181343427,185972),(383986136,186812),(397265616,186812),(177240557,187420),(366407749,187420),(109831722,187478),(126415630,187478),(142729895,187478),(344997857,187478),(113740853,189113),(153100090,189113),(358312063,189113),(126415630,189218),(126464225,189218),(318334839,189218),(354931413,189218),(394365969,189218),(180612865,189385),(311211138,189385),(162749878,189939),(176091458,190101),(359687760,190101),(144740896,190578),(192896137,190578),(121609806,190751),(195963973,190751),(151146302,190830),(300090278,190830),(339890779,190830),(117728234,191636),(324666816,191636),(331091160,191636),(336438810,191636),(127405950,193203),(188274898,193203),(307467133,193203),(334386058,193203),(333420194,194027),(136233697,194100),(112412134,194369),(323387061,194369),(380442660,194369),(182288339,196257),(313362340,196257),(322001007,196257),(128683059,197194),(382317789,197194),(189661287,197564),(339259788,197564),(374035823,197564),(125869360,198853),(146230202,198853),(399383416,198853),(109831781,198927),(198032585,198927),(301401719,198927),(109831781,1009161),(118395455,1009161),(157990786,1009161),(139528022,1024741),(195200945,1024741),(198253607,1024741),(185261552,1063541),(319077988,1063541),(111731496,1072451),(115245986,1072451),(312371784,1087371),(380988861,1087371),(117254707,1131811),(125869360,1131811),(355457306,1131811),(384269898,1131811),(125869360,1137501),(125869360,1147451),(176721630,1147451),(125869360,1170621),(178764151,1170621),(193070552,1180021),(198506363,1180021),(347976630,1180021),(123493946,1285021),(154336997,1285021),(122218031,1318981),(165139407,1318981),(328995224,1318981),(332211665,1318981),(391759432,1322351),(104258972,1339941),(110889911,1339941),(115245986,1339941),(119424657,1339941),(142906530,1339941),(151194564,1339941),(160965399,1339941),(327588465,1356411),(351553215,1356411),(389463983,1356411),(119424657,1367371),(139604066,1367371),(145645895,1367371),(399963371,1367371),(181368016,1389191),(380988861,1389191),(112509010,1391271),(122218031,1391271),(146897030,1391271),(157678631,1391271),(159394560,1391271),(336910980,1391271),(365195061,1391271),(185261552,1529501),(130225519,1569631),(147226631,1569631),(175438221,1569631),(346571876,1569631),(131594217,1575041),(183005503,1575041),(154336997,1610578),(192570389,1610578),(151251649,1617081),(188274898,1624411),(329369707,1624411),(126331172,1627211),(162252113,1627211),(315095377,1627211),(171846103,1651311),(172361618,1651311),(183005503,1651311),(311284961,1651311),(325262017,1651311),(333524226,1651311),(367462329,1651311),(154027265,1655961),(157828323,1655961),(195200945,1655961),(382317789,1655961),(113740853,1666531),(144859688,1666531),(180612865,1666531),(184481810,1666531),(306965464,1666531),(335672258,1666531),(192526971,1672521),(331091160,1672521),(386841575,1672521),(113318226,1724141),(122053339,1724141),(142732323,1724141),(174226970,1724141),(346759743,1756151),(387365178,1756151),(308749441,1766451),(320825560,1766451),(331180729,1766451),(387060898,1766451),(161181136,1782691),(302068586,1782691),(120621810,1820281),(305237204,1820281),(376424542,1820281),(101894796,1822591),(127380708,1822591),(175923678,1822591),(345567695,1822591),(361951328,1822591),(327588465,1842471),(356126881,1842471),(157085385,1846261),(158267229,1846261),(182155282,1846261),(344357346,1846261),(187549097,1846621),(121749863,1850601),(101894796,1902121),(152813576,1907511),(174226970,1908301),(174002974,1916361),(320728056,1916361),(332225543,1916361),(114599378,1943691),(305444841,1943691);
/*!40000 ALTER TABLE `seller_order` ENABLE KEYS */;
UNLOCK TABLES;

--
-- Table structure for table `sellers`
--

DROP TABLE IF EXISTS `sellers`;
/*!40101 SET @saved_cs_client     = @@character_set_client */;
/*!50503 SET character_set_client = utf8mb4 */;
CREATE TABLE `sellers` (
  `i_d` int NOT NULL,
  `salary` int NOT NULL,
  PRIMARY KEY (`i_d`),
  CONSTRAINT `sellers_ibfk_1` FOREIGN KEY (`i_d`) REFERENCES `workers` (`i_d`)
) ENGINE=InnoDB DEFAULT CHARSET=utf8mb3 COLLATE=utf8mb3_unicode_ci;
/*!40101 SET character_set_client = @saved_cs_client */;

--
-- Dumping data for table `sellers`
--

LOCK TABLES `sellers` WRITE;
/*!40000 ALTER TABLE `sellers` DISABLE KEYS */;
INSERT INTO `sellers` VALUES (0,99999),(111,5555),(2222,2000),(44444,333333),(65432,99999),(546444,5000),(5555555,11111),(100272768,99999),(100467229,10420),(100630347,11422),(101290778,6720),(101894796,10021),(101942825,10772),(102283663,9997),(103062579,11553),(103091739,9127),(104258972,11842),(104559329,9186),(104565695,6035),(104690906,11405),(104945224,8860),(105132654,7491),(105531205,8341),(106655976,10058),(106666750,7031),(107042199,8033),(107208918,10035),(108641553,6804),(109036546,9869),(109273298,9992),(109538436,6262),(109831722,7074),(109831781,7845),(110889911,8978),(111127685,8735),(111355941,10289),(111731496,7647),(111951402,8174),(112047519,5975),(112412134,7775),(112509010,9408),(113295870,11413),(113318226,8256),(113740853,7087),(114147711,11731),(114166987,11332),(114599378,7515),(114759049,8518),(114796389,8967),(114923740,7420),(114956485,9640),(115245986,8185),(115522920,11720),(115647143,9221),(115966682,10380),(116409344,8854),(116552092,5866),(116653791,6339),(116788967,7221),(117032907,11542),(117150684,8518),(117254707,6888),(117342424,6536),(117728234,9294),(118181666,5827),(118395455,9576),(119424657,9686),(119961569,6160),(120077151,8122),(120328516,6238),(120621810,5867),(121008917,6101),(121144806,7949),(121609806,11372),(121749863,8084),(122053339,8857),(122136089,7538),(122218031,10338),(122853932,11995),(123181003,10797),(123493946,11339),(123642831,10508),(124366603,6258),(124500828,10554),(125264756,11004),(125869360,10795),(125992336,11259),(126331172,10979),(126415630,7882),(126464225,9797),(126730511,5481),(127145930,5389),(127380708,7644),(127405950,7193),(127676629,7242),(128130901,6330),(128683059,9917),(129548251,6646),(130011167,8625),(130225519,9472),(131594217,9889),(132137866,5230),(132261910,5762),(132612964,7046),(133541440,10666),(133757697,7787),(135167889,10529),(135777374,8388),(136233697,9274),(136267339,11464),(136797975,5084),(136810208,6899),(136847151,10304),(137173850,8849),(137490274,8203),(137845366,8494),(138168343,11055),(138860298,8286),(139463922,8860),(139528022,6282),(139604066,6188),(140627498,11634),(141067384,10796),(141271478,8366),(141283488,6786),(141412252,6607),(141473494,10630),(141850737,10907),(142344765,9077),(142729879,11066),(142729895,9834),(142732323,8194),(142906530,7601),(143768381,5295),(144740896,9682),(144771327,8936),(144859688,6464),(145427856,11464),(145569813,5958),(145645895,11019),(145802062,9642),(146230202,8266),(146892585,11369),(146897030,6678),(146930935,9135),(147226631,6479),(147264523,7227),(147336514,9849),(148753448,7136),(149466684,7641),(149551697,5041),(149978815,6467),(150287709,8557),(150877060,10542),(150930054,9725),(151146302,6723),(151194564,5906),(151251649,10329),(151470098,9146),(151676396,8709),(152101090,6451),(152657247,8313),(152813576,7743),(152949347,11830),(153100090,8696),(153211370,10399),(153666325,9794),(154016023,5202),(154027265,7439),(154231127,8462),(154336997,5212),(154830029,11623),(155182252,8459),(156099833,11128),(156386379,7670),(157008925,9529),(157023092,7831),(157085385,7273),(157543342,8162),(157678631,11819),(157828323,8832),(157859631,7778),(157990786,7643),(158018569,10257),(158094832,7065),(158267229,6264),(159394560,5437),(159665877,11622),(160221975,9950),(160477446,5096),(160888490,10394),(160940437,5769),(160965399,9726),(161181136,11404),(161332409,9349),(162252113,7447),(162749878,6679),(163213971,11571),(163638408,11522),(164124518,6731),(164306495,8869),(165016379,6496),(165139407,11848),(165760798,5962),(166368097,7912),(166556885,10899),(166605831,9008),(167317533,7624),(167641274,10665),(168570767,6887),(169665629,11049),(170029938,10042),(170414112,6438),(170425157,7935),(171486296,7835),(171846103,6629),(172361618,9000),(172725229,7886),(174002974,9022),(174226970,7109),(174487516,11877),(175438221,11224),(175806822,11848),(175923678,7348),(176091458,6896),(176498729,6068),(176721630,8159),(177240557,5105),(178764151,6161),(179453236,5076),(180150922,8352),(180365014,11903),(180612865,9853),(181343427,6165),(181368016,10719),(182155282,8588),(182288339,5337),(183005503,5406),(183416342,5654),(183778218,7391),(184292923,7808),(184481810,5031),(185261552,7713),(186344435,6517),(186541228,11891),(186762107,7726),(186958452,8639),(186999337,8824),(187123695,9075),(187229307,6374),(187448001,10665),(187549097,6772),(188189503,7050),(188274898,10205),(188351742,5593),(188435062,5293),(188848194,10071),(189411397,6443),(189649816,7605),(189661287,5345),(190580424,9203),(190950588,10706),(191966657,6626),(192526971,5248),(192570389,9648),(192896137,7371),(193070552,7263),(194436116,8384),(194975030,5630),(194997699,9485),(195200945,10954),(195464216,11293),(195963973,10713),(195974795,9643),(196675989,6291),(196820433,5944),(197222791,8312),(197397613,11319),(197437623,8073),(197726055,5381),(198032585,10928),(198253607,6871),(198307047,11313),(198347349,9955),(198506363,10427),(198726786,7077),(199247689,5550),(199972537,9183),(300090278,9981),(300617601,11860),(301401719,7547),(301764095,8992),(301834639,8842),(301857318,5093),(302068586,7759),(302340576,10774),(302362359,11540),(302893647,10840),(302977354,11948),(304022853,8497),(304073596,8505),(304197605,11492),(304487355,7402),(305121317,11307),(305237204,8296),(305444841,11113),(305689864,6949),(306965464,5613),(307467133,10822),(307997036,10849),(308344740,11086),(308749441,8675),(309004569,9062),(309430328,8275),(310241859,11951),(310573158,6823),(311211138,9874),(311284961,11319),(312082193,9090),(312165255,6125),(312371784,6866),(313095074,5004),(313362340,11279),(313424990,8944),(313749287,6956),(314928312,9947),(315095377,9992),(318283063,5058),(318334839,11543),(318388230,11154),(318799690,8375),(319077988,9374),(319199116,9543),(319475956,8854),(319552747,8378),(319609752,7766),(319793972,9600),(320303662,5324),(320573925,10428),(320728056,8658),(320825560,11975),(321076719,8505),(321488558,6097),(321938820,5408),(322001007,8363),(322550618,5536),(322562694,7401),(323387061,9429),(324338833,11111),(324666816,5355),(324667383,11034),(325262017,10882),(325417101,6882),(326546415,5868),(327588465,7412),(328894781,9659),(328995224,7965),(329369707,5648),(329745005,10215),(330193651,6619),(330589034,9049),(330972891,8941),(331091160,11747),(331149335,9153),(331180729,7568),(332211665,11981),(332225543,9349),(332360229,11057),(332661732,6595),(332959340,11669),(332966563,9381),(333420194,5495),(333524226,11388),(333574423,10467),(334386058,11911),(334917105,8031),(335204904,11325),(335672258,5857),(335949143,9034),(336438810,5907),(336910980,5378),(337047275,11603),(339136174,5745),(339259788,8649),(339720873,9300),(339880256,10858),(339890779,7200),(339999501,10960),(342889538,8702),(343197985,5034),(344119584,6396),(344357346,11131),(344997857,7303),(345567695,10660),(346451291,8236),(346571876,7337),(346759743,8878),(347020998,9577),(347976630,11344),(348591330,5188),(348662578,7228),(348702377,11206),(349879784,8660),(351484927,10500),(351553215,5078),(354931413,8276),(355457306,8757),(356024759,11225),(356126881,10270),(356229527,10644),(357057348,6132),(357681158,5454),(357860506,6784),(357962817,11885),(358312063,5853),(358777503,5272),(358865948,11516),(359659097,8739),(359687760,6541),(360494381,5900),(361951328,5091),(362055786,5524),(362902586,10413),(362997744,9336),(363337802,6216),(364704237,7885),(364780007,7695),(365081208,7189),(365195061,6177),(365887939,7403),(365961245,9044),(365983819,7410),(366407749,6802),(367250649,8140),(367462329,5530),(368466299,6531),(368498761,6308),(369424654,8420),(370115725,9248),(370482484,10432),(370548631,8875),(370836576,6165),(371036437,7584),(371503316,10561),(371528452,7307),(371530908,10843),(371610794,11224),(372617019,6196),(374035823,5309),(374679634,6677),(374785031,7124),(375808690,8988),(376044465,6267),(376424542,6617),(377027215,6388),(377228555,5194),(377937107,7483),(378731879,9362),(379632724,7083),(380347207,6166),(380442660,5246),(380586304,6260),(380674207,10735),(380698198,11234),(380792778,8098),(380988861,7144),(381422341,7347),(381923658,11869),(382317789,6023),(382515493,11997),(383986136,11514),(384166040,8422),(384269898,11054),(384554553,8540),(384710322,11060),(385024435,5692),(385178161,9640),(385697301,7710),(386688489,10405),(386841575,10534),(386995884,7243),(387060898,5351),(387245527,10243),(387365178,11676),(388143937,6197),(388743846,6894),(388829554,7588),(389463983,7440),(390256690,10963),(391759432,11530),(391944473,7389),(392025251,9537),(392291126,11225),(392545732,11163),(392952603,7227),(393218026,8377),(394153310,10829),(394365969,10800),(394661239,11663),(394662542,9803),(395104512,11696),(396148011,7490),(396364781,9484),(396390439,8975),(396561441,9634),(396705518,8676),(397114093,8745),(397184968,5012),(397265616,5279),(399383416,10884),(399437340,9946),(399963371,11630),(555555555,66666);
/*!40000 ALTER TABLE `sellers` ENABLE KEYS */;
UNLOCK TABLES;

--
-- Table structure for table `supplier_product`
--

DROP TABLE IF EXISTS `supplier_product`;
/*!40101 SET @saved_cs_client     = @@character_set_client */;
/*!50503 SET character_set_client = utf8mb4 */;
CREATE TABLE `supplier_product` (
  `i_d` int NOT NULL,
  `product_code` varchar(20) COLLATE utf8mb3_unicode_ci NOT NULL,
  PRIMARY KEY (`product_code`,`i_d`),
  KEY `i_d` (`i_d`),
  CONSTRAINT `supplier_product_ibfk_1` FOREIGN KEY (`product_code`) REFERENCES `product` (`product_code`),
  CONSTRAINT `supplier_product_ibfk_2` FOREIGN KEY (`i_d`) REFERENCES `suppliers` (`i_d`)
) ENGINE=InnoDB DEFAULT CHARSET=utf8mb3 COLLATE=utf8mb3_unicode_ci;
/*!40101 SET character_set_client = @saved_cs_client */;

--
-- Dumping data for table `supplier_product`
--

LOCK TABLES `supplier_product` WRITE;
/*!40000 ALTER TABLE `supplier_product` DISABLE KEYS */;
INSERT INTO `supplier_product` VALUES (500171425,'DK-391'),(500171425,'EM-100'),(500343251,'XS-155'),(501016716,'PR-361'),(501016716,'TG-108'),(501166920,'SV-319'),(502352239,'OU-136'),(502352239,'VL-111'),(502399220,'NN-143'),(502784835,'TX-130'),(502926953,'VF-356'),(504519245,'ZY-179'),(505244185,'KY-385'),(505883491,'RG-168'),(505943930,'GG-115'),(506810930,'UH-138'),(507253123,'SZ-124'),(507253123,'XC-117'),(507277342,'JK-133'),(507488486,'LN-159'),(508277318,'QB-155'),(508769863,'WN-110'),(509595867,'SV-319'),(509639066,'KZ-379'),(509656758,'IY-162'),(510148321,'KA-178'),(510587744,'AU-372'),(510923715,'DV-362'),(510923715,'EU-312'),(512407051,'HB-136'),(513026973,'AE-129'),(513026973,'JR-189'),(513206613,'WK-164'),(513752114,'HN-165'),(513752114,'LP-377'),(515219499,'QU-380'),(515219499,'ZD-122'),(515243081,'MA-349'),(515377516,'AA-174'),(515700239,'DN-124'),(515700239,'HJ-396'),(515700239,'KL-363'),(515700239,'TS-199'),(515850365,'AS-102'),(515850365,'YN-160'),(516062777,'BT-393'),(516498029,'AG-148'),(517841736,'VM-374'),(519869744,'AA-309'),(519869744,'CI-345'),(520298811,'AI-104'),(521289473,'EA-189'),(521289473,'EM-127'),(522156290,'FV-106'),(522299770,'ZT-152'),(525319631,'FH-336'),(525503342,'QA-301'),(527135850,'KV-157'),(527390821,'TS-199'),(527510457,'FO-169'),(528836009,'NM-135'),(528859838,'QK-148'),(528859838,'ZG-116'),(529056914,'JK-133'),(529952924,'TN-152'),(530135262,'KU-125'),(530640362,'PP-184'),(530787116,'HX-124'),(531661749,'BC-198'),(531911195,'CI-345'),(532238150,'RI-177'),(533742944,'JK-133'),(534113751,'AS-102'),(534113751,'WI-149'),(534388624,'GP-368'),(534388624,'LD-150'),(534855139,'RD-185'),(534933709,'MG-179'),(535585279,'KL-363'),(536014287,'MD-138'),(536090989,'TJ-107'),(536376854,'ZF-329'),(537081713,'EM-100'),(537081713,'GV-333'),(539438406,'KA-105'),(539768338,'XC-117'),(540056480,'KL-363'),(540728959,'QG-170'),(542120084,'RG-168'),(542291265,'KA-190'),(542617507,'PC-176'),(544154223,'QC-135'),(544849860,'AG-385'),(544849860,'AW-379'),(545019875,'IU-340'),(545442564,'XD-393'),(545456077,'JX-327'),(545456077,'MO-325'),(546008362,'SA-317'),(547540863,'BF-337'),(547887326,'FV-106'),(547887326,'RJ-123'),(548620379,'ZF-337'),(549000476,'PR-361'),(549000476,'TG-108'),(549567664,'KA-105'),(549987701,'VV-384'),(550274342,'ZU-377'),(550510398,'AZ-366'),(550510398,'II-111'),(550792054,'GZ-161'),(550792054,'IW-183'),(551187866,'PP-184'),(551209752,'DU-319'),(552020664,'DK-187'),(552020664,'HA-180'),(552020664,'HG-105'),(552065115,'LQ-388'),(552498776,'FO-169'),(553627784,'OQ-113'),(553956399,'BC-175'),(554036944,'BO-132'),(554036944,'IK-327'),(554036944,'IU-154'),(554745654,'IM-145'),(555475674,'RG-130'),(555618517,'WK-359'),(556153555,'QA-182'),(557301851,'IU-154'),(558025423,'IM-145'),(559448525,'ZR-348'),(559597139,'AS-102'),(559597139,'AS-153'),(559607215,'YC-113'),(559962497,'KA-190'),(561573976,'ZH-194'),(563041580,'HN-165'),(563278595,'MS-355'),(565600541,'QM-196'),(565853864,'WU-136'),(566285602,'NO-104'),(567159574,'QE-147'),(567223748,'JX-327'),(567956894,'UJ-146'),(568098066,'JR-189'),(568144440,'MO-325'),(568169613,'JW-173'),(568169613,'LP-382'),(568169613,'LQ-162'),(568935296,'HS-144'),(570151678,'PC-176'),(570151678,'WI-149'),(570817102,'SZ-124'),(571586861,'TW-174'),(571586861,'ZZ-142'),(571772182,'KF-140'),(572573712,'ZZ-369'),(572878629,'AZ-366'),(573340374,'FJ-153'),(574154678,'GU-385'),(574154678,'UA-174'),(574734889,'CL-188'),(575150087,'AA-309'),(575150087,'AW-379'),(576701241,'AB-116'),(576701241,'UG-153'),(576812260,'DV-362'),(577125969,'ZK-144'),(577228787,'EL-169'),(577629068,'SZ-124'),(578232830,'IH-121'),(578290489,'CH-138'),(578290489,'PF-343'),(578830097,'PB-300'),(578830097,'YN-160'),(580423773,'GV-141'),(580924008,'LI-171'),(580924008,'UA-174'),(581431760,'FH-336'),(582425342,'PL-138'),(585587598,'EA-350'),(585651988,'NO-312'),(585651988,'QR-129'),(585849225,'JR-189'),(585849225,'NN-143'),(587090871,'UI-168'),(587199605,'PE-133'),(588806864,'SU-389'),(589120551,'GP-368'),(589713764,'GE-145'),(589902188,'GN-388'),(590289938,'TS-199'),(591157969,'IK-327'),(592271485,'EZ-186'),(593669056,'AW-121'),(594030530,'RZ-119'),(594304711,'BI-139'),(594519187,'RA-186'),(594721001,'ER-363'),(595422843,'BB-151'),(595794657,'HG-191'),(596082137,'VM-374'),(596174268,'AB-118'),(596682027,'LQ-388'),(597525440,'DN-124'),(597525440,'UG-153'),(599594662,'AB-118'),(700293387,'NN-143'),(700293387,'VM-374'),(701238067,'OF-360'),(701460123,'JO-136'),(701518077,'PR-361'),(702848366,'VM-306'),(703457494,'CG-317'),(703457494,'GP-368'),(704014091,'PF-199'),(704014091,'UA-174'),(704701496,'IP-194'),(704701496,'YL-189'),(704799008,'UX-110'),(705926243,'BX-193'),(707193575,'UA-174'),(708550681,'AZ-366'),(708810074,'TP-163'),(709040323,'TI-131'),(709983329,'OQ-187'),(710251638,'XS-155'),(710680627,'AR-333'),(711693989,'JB-141'),(711718516,'HG-184'),(712134138,'KB-122'),(712319444,'NU-174'),(712622059,'BM-102'),(713385711,'HA-180'),(713385711,'RD-390'),(713385711,'YO-117'),(713675989,'NO-312'),(713879276,'LU-124'),(713879276,'NM-135'),(713902162,'PU-104'),(714072748,'FH-336'),(714165698,'HB-136'),(714165698,'YS-330'),(714735604,'BT-393'),(714735604,'VV-384'),(714735604,'ZU-312'),(715543597,'WU-136'),(715750631,'QP-132'),(715772189,'AA-309'),(715772189,'CR-321'),(715772189,'MA-349'),(716171178,'FE-138'),(716405880,'VE-184'),(716951986,'JK-340'),(718235026,'BF-337'),(718982606,'KB-122'),(718982606,'YR-157'),(719137481,'EZ-384'),(719953951,'XD-393'),(720492303,'JW-173'),(720667542,'DK-187'),(720667542,'VL-111'),(720937179,'SB-104'),(721146536,'PU-104'),(721146536,'VB-382'),(721684313,'WI-105'),(721796074,'AS-153'),(723147548,'KN-133'),(723368002,'IU-340'),(723368002,'NM-135'),(723656413,'FJ-153'),(723929752,'JO-314'),(724610063,'BT-393'),(725405486,'GG-115'),(725792960,'ND-158'),(726087567,'QM-196'),(728516007,'HY-106'),(728516007,'IA-362'),(728516007,'ZZ-164'),(729077937,'AQ-103'),(729077937,'OK-100'),(729949532,'YN-160'),(731419855,'UG-334'),(731565708,'EM-127'),(732409759,'VV-384'),(732699114,'EE-301'),(732942413,'MA-194'),(733092553,'PP-184'),(733664534,'XB-147'),(733664534,'XU-163'),(733685304,'HF-142'),(734984578,'BB-151'),(735529918,'FW-103'),(735761007,'OU-136'),(736450413,'OO-381'),(736706797,'GS-326'),(736730873,'KE-336'),(736819816,'BF-337'),(736819816,'OD-142'),(738361552,'IO-175'),(738361552,'ZC-320'),(738592902,'LQ-174'),(739550852,'EL-189'),(742218501,'QJ-371'),(742617580,'OH-115'),(743492418,'BT-393'),(744623170,'TN-194'),(746601760,'ZT-152'),(746931927,'HM-177'),(746931927,'LQ-115'),(747754670,'KL-363'),(748773454,'TM-192'),(751220041,'QS-111'),(753074567,'LI-171'),(753256365,'NM-135'),(753575762,'BT-393'),(754484258,'GZ-161'),(754484258,'YO-117'),(755217725,'JI-116'),(755217725,'QU-380'),(755217725,'UH-181'),(755865069,'GX-197'),(756684861,'UZ-395'),(757704012,'FV-166'),(757963332,'RD-185'),(758631554,'FP-159'),(758631554,'ZZ-164'),(759817397,'UA-171'),(760249234,'FF-151'),(760249234,'FG-146'),(760383471,'EA-350'),(760383471,'SY-131'),(761072604,'AG-385'),(762020489,'AR-333'),(762020489,'YS-330'),(762048326,'EZ-186'),(762465223,'CK-102'),(762465223,'FB-173'),(763916963,'AE-120'),(764216048,'VR-187'),(765484547,'BS-321'),(765550870,'AW-134'),(766681370,'KB-122'),(766925921,'NE-140'),(766925921,'OQ-187'),(767060516,'MD-138'),(767060516,'ZI-111'),(767583094,'EU-100'),(767583094,'MI-122'),(767583094,'XF-109'),(767894728,'EL-169'),(767894728,'HG-184'),(768034893,'XC-117'),(768144564,'ND-148'),(768166611,'IR-148'),(768166611,'LO-121'),(769471511,'TF-131'),(769508436,'MA-349'),(769508436,'PE-133'),(770029641,'XB-191'),(770135723,'JO-136'),(773609938,'GG-115'),(773609938,'WS-120'),(776285000,'UI-153'),(776310218,'AW-134'),(776734307,'GP-368'),(776734307,'RD-390'),(776879358,'JK-133'),(776879358,'SU-389'),(777437929,'OD-142'),(778181348,'AJ-161'),(778764250,'AA-309'),(778764250,'NM-135'),(779074257,'HM-177'),(779339633,'ZH-142'),(779360175,'MA-194'),(781624757,'FP-159'),(783736024,'DW-386'),(784078230,'EA-350'),(784214686,'MG-332'),(784938919,'AA-174'),(784968999,'QA-331'),(785381611,'RJ-187'),(785877682,'DF-353'),(785877682,'RM-191'),(785952187,'XD-393'),(786721590,'AE-129'),(786721590,'MI-122'),(787701925,'FZ-357'),(788109886,'DG-305'),(788109886,'KE-336'),(788109886,'TG-108'),(788466362,'GG-115'),(788466362,'JB-141'),(788466362,'WD-152'),(789345056,'VL-111'),(789540033,'WO-150'),(789590239,'TJ-107'),(789590239,'XD-393'),(790314305,'TJ-107'),(790314305,'WS-120'),(791873907,'DG-305'),(791873907,'JU-176'),(792936165,'GV-333'),(794834973,'DG-305'),(796382040,'SX-393'),(796941493,'DP-398'),(797137977,'HN-165'),(797137977,'QP-132'),(797489520,'AR-120'),(797489520,'VE-154'),(797788429,'VM-374'),(799468392,'NM-102');
/*!40000 ALTER TABLE `supplier_product` ENABLE KEYS */;
UNLOCK TABLES;

--
-- Table structure for table `suppliers`
--

DROP TABLE IF EXISTS `suppliers`;
/*!40101 SET @saved_cs_client     = @@character_set_client */;
/*!50503 SET character_set_client = utf8mb4 */;
CREATE TABLE `suppliers` (
  `i_d` int NOT NULL,
  `seniority` int NOT NULL,
  `phone_number` varchar(20) COLLATE utf8mb3_unicode_ci NOT NULL,
  `first_name` varchar(20) COLLATE utf8mb3_unicode_ci NOT NULL,
  `last_name` varchar(20) COLLATE utf8mb3_unicode_ci NOT NULL,
  PRIMARY KEY (`i_d`)
) ENGINE=InnoDB DEFAULT CHARSET=utf8mb3 COLLATE=utf8mb3_unicode_ci;
/*!40101 SET character_set_client = @saved_cs_client */;

--
-- Dumping data for table `suppliers`
--

LOCK TABLES `suppliers` WRITE;
/*!40000 ALTER TABLE `suppliers` DISABLE KEYS */;
INSERT INTO `suppliers` VALUES (500171425,40,'050-6395926','Latin','Hampton'),(500343251,11,'050-6042738','Lance','Donelly'),(500751871,39,'050-6797112','Vendetta','Lange'),(500870305,39,'050-6889293','Benjamin','Kattan'),(501016716,20,'050-6025025','Eddie','Cromwell'),(501120487,33,'050-6103599','Merrill','Michaels'),(501166920,38,'050-6246295','Vince','Hughes'),(502045358,35,'050-6639608','Clive','Peterson'),(502159030,31,'050-6473897','Josh','Gugino'),(502284416,48,'050-6572041','Gordie','Venora'),(502352239,1,'050-6866882','Ray','Gill'),(502399220,0,'050-6890146','Gino','Trevino'),(502784835,42,'050-6683293','Cheech','Street'),(502801649,35,'050-6574275','Rascal','Benet'),(502926953,5,'050-6002903','Ricardo','Uggams'),(503669225,38,'050-6264333','Roy','Bean'),(504519245,44,'050-6796547','Chubby','Ramirez'),(505130821,25,'050-6376344','Remy','Carlisle'),(505211596,0,'050-6493035','Wang','Matarazzo'),(505244185,46,'050-6915899','Ani','Sheen'),(505883491,12,'050-6223184','Bebe','Heche'),(505892917,37,'050-6378281','Beverley','Campbell'),(505943930,2,'050-6463139','John','Chan'),(506275510,38,'050-6427251','Merrilee','Purefoy'),(506602582,41,'050-6965450','Kim','Snipes'),(506810930,27,'050-6236198','Tara','King'),(507253123,8,'050-6035086','Kurt','Kotto'),(507277342,20,'050-6688208','Tracy','O\'Donnell'),(507452218,21,'050-6203256','Juliette','Rhodes'),(507488486,39,'050-6912834','Mia','Shepherd'),(507840405,17,'050-6627000','Aaron','Lillard'),(508038763,33,'050-6615937','Rory','Mueller-Stahl'),(508277318,31,'050-6834524','Kylie','Lindo'),(508462523,22,'050-6649124','Chubby','Renfro'),(508769863,5,'050-6835399','Anjelica','Miller'),(509595867,34,'050-6154936','Mary-Louise','Roberts'),(509639066,29,'050-6317145','Joe','Rodgers'),(509656758,5,'050-6667643','Juan','Shelton'),(510118861,47,'050-6617940','Olga','Burke'),(510148321,20,'050-6991732','Christmas','Mitra'),(510587744,21,'050-6999526','Cledus','Reeve'),(510863391,14,'050-6517827','Laurence','Ellis'),(510923715,15,'050-6662272','Darren','urban'),(511580531,19,'050-6037472','Greg','Finney'),(511666503,30,'050-6251921','Emm','Oakenfold'),(511690673,38,'050-6469203','Thomas','Tomlin'),(511775521,4,'050-6133214','Ceili','Holy'),(512206041,49,'050-6621317','Vertical','Benet'),(512407051,4,'050-6575284','Thora','Flatts'),(512446426,10,'050-6000492','Owen','Weston'),(512457523,31,'050-6163558','Ani','Busey'),(512510317,45,'050-6445757','Kevn','Diggs'),(512707322,38,'050-6314173','Carrie','Barrymore'),(513026973,36,'050-6267454','Shannyn','Chan'),(513206613,20,'050-6666584','Jena','Hagar'),(513389795,31,'050-6412479','Karon','Costello'),(513446940,30,'050-6638141','Gord','Vince'),(513477110,34,'050-6308657','Ed','Gosdin'),(513519818,40,'050-6162667','Cesar','Ojeda'),(513738840,50,'050-6925961','Andre','Weisz'),(513752114,41,'050-6739295','Chaka','Bonham'),(513841993,31,'050-6733743','John','Schiff'),(514239147,2,'050-6886567','James','Alexander'),(514729393,28,'050-6098343','Gin','Secada'),(514869095,37,'050-6434557','Miki','Mohr'),(515079847,48,'050-6898413','Fiona','Moore'),(515219499,48,'050-6062653','Lou','Travolta'),(515243081,14,'050-6726571','Delbert','Ferry'),(515377516,14,'050-6750713','Manu','Witherspoon'),(515700239,2,'050-6422247','France','Hawkins'),(515850365,43,'050-6830909','Delroy','Frakes'),(515975798,31,'050-6897877','Luis','Quinones'),(516062777,32,'050-6633223','Terri','Paymer'),(516377586,39,'050-6208489','Wally','Plimpton'),(516395830,47,'050-6021768','Roscoe','Johansen'),(516498029,19,'050-6908919','Rawlins','Kurtz'),(516549338,34,'050-6124743','Marlon','Farrell'),(516770181,34,'050-6131656','Sheryl','Chandler'),(517221137,33,'050-6598568','Marianne','Beck'),(517376232,39,'050-6842424','Roy','Tate'),(517818161,47,'050-6051867','Jimmie','Danger'),(517841736,1,'050-6919590','Darius','Walker'),(518375280,6,'050-6357249','Yolanda','Guinness'),(518970360,5,'050-6785169','Thora','Witt'),(519380215,45,'050-6757202','Steve','Tennison'),(519491927,32,'050-6952065','Will','McKean'),(519578950,35,'050-6634575','Ellen','Fehr'),(519841838,32,'050-6816104','Ossie','Apple'),(519869744,17,'050-6920037','Breckin','Balaban'),(520298811,39,'050-6262345','Ray','Playboys'),(520362453,41,'050-6809335','Gavin','Kelly'),(521089276,4,'050-6815893','Kimberly','Capshaw'),(521289473,35,'050-6750452','Demi','Albright'),(521324056,29,'050-6260726','Claire','Marx'),(521904827,9,'050-6153234','Rascal','Sossamon'),(522101791,25,'050-6695096','Bradley','Satriani'),(522156290,37,'050-6581590','Nils','Hewitt'),(522232678,32,'050-6191640','Leelee','Bacharach'),(522299770,28,'050-6620015','Celia','Spine'),(522785382,10,'050-6882732','Nicky','LaPaglia'),(523119158,24,'050-6775747','Elijah','Duncan'),(523163440,36,'050-6540904','Leo','Lloyd'),(523329061,18,'050-6986521','Lennie','Cage'),(523888523,45,'050-6989768','Laura','Getty'),(524225543,15,'050-6428417','Franz','Colin Young'),(524342820,29,'050-6950794','Debi','Biggs'),(524409747,44,'050-6265607','Ossie','Visnjic'),(524513778,39,'050-6214231','Jeanne','Favreau'),(524872508,0,'050-6604518','Chad','Arquette'),(525187733,24,'050-6356374','Veruca','DeLuise'),(525319631,48,'050-6780114','Taye','Hawn'),(525460016,22,'050-6316236','Isaac','Feore'),(525503342,5,'050-6869655','Janice','Evett'),(525673558,46,'050-6767446','King','Lloyd'),(526523417,30,'050-6845106','Leo','Browne'),(527135850,38,'050-6419043','Pamela','Lang'),(527390821,27,'050-6070436','Caroline','Mewes'),(527510457,4,'050-6882735','Vendetta','Barkin'),(527516651,16,'050-6244088','Patricia','Minogue'),(527797047,8,'050-6905741','Daryl','Dunst'),(527911592,14,'050-6634072','Taryn','Ponce'),(528019596,24,'050-6643303','Trick','Gilliam'),(528263867,42,'050-6425054','Kirk','Manning'),(528376087,34,'050-6025591','Jeff','Jovovich'),(528836009,23,'050-6776554','Chris','Pantoliano'),(528859838,15,'050-6223552','Patty','Preston'),(528907035,40,'050-6785061','Bryan','Elizabeth'),(529056914,16,'050-6558988','Dom','Domino'),(529265910,5,'050-6312541','Cheech','Cagle'),(529952924,45,'050-6553861','Julio','McCracken'),(530135262,46,'050-6134302','Chris','Cusack'),(530266490,3,'050-6467095','Cameron','Lauper'),(530356121,27,'050-6662055','Dar','Marx'),(530519543,23,'050-6277883','Carl','Paquin'),(530640362,49,'050-6806362','Liv','Snider'),(530787116,37,'050-6514479','Kimberly','Def'),(530905293,9,'050-6659485','Rupert','Leachman'),(531598699,6,'050-6120389','Angie','Drive'),(531633468,20,'050-6704187','Kevin','Mitchell'),(531661749,28,'050-6180311','Freda','Sledge'),(531911195,14,'050-6231792','Andre','Shocked'),(532238150,38,'050-6306578','Collective','Kinney'),(533161097,12,'050-6777171','Edgar','Springfield'),(533276410,38,'050-6654872','Peabo','Patrick'),(533722692,7,'050-6862584','Carolyn','McConaughey'),(533742944,39,'050-6141350','Allison','Harmon'),(533875595,24,'050-6490304','Elisabeth','Shatner'),(534113751,9,'050-6915630','Maury','Harry'),(534388624,45,'050-6378424','Emilio','Carrack'),(534507500,38,'050-6106665','Cole','Greene'),(534563557,6,'050-6498988','Xander','Carlton'),(534740033,21,'050-6500175','Lila','Whitley'),(534855139,9,'050-6069693','Laurie','Penn'),(534933709,22,'050-6571230','Lara','Berkley'),(535585279,22,'050-6693105','Demi','Arnold'),(535824035,3,'050-6973075','Liev','Farris'),(535847417,8,'050-6059038','Chazz','Hamilton'),(536014287,50,'050-6204757','Howard','Connick'),(536090989,14,'050-6806946','Chant','Mars'),(536376854,2,'050-6441005','Garth','Kretschmann'),(536652924,20,'050-6712200','Dean','Glenn'),(536807598,28,'050-6016093','Halle','Gore'),(537081713,11,'050-6213338','Belinda','Getty'),(537128895,43,'050-6891354','Stewart','Caine'),(537403943,0,'050-6269156','Pamela','McBride'),(538113155,12,'050-6869427','Elisabeth','Glenn'),(538371818,36,'050-6658207','Parker','Barry'),(538720477,8,'050-6586174','Burt','McBride'),(539438406,14,'050-6044819','Dabney','Close'),(539486344,35,'050-6081920','Patti','Jeffreys'),(539710842,10,'050-6163205','Debbie','Meniketti'),(539768338,1,'050-6026563','Natalie','Conners'),(540056480,6,'050-6495338','Kevin','Kurtz'),(540728959,22,'050-6224206','Halle','Checker'),(540815834,27,'050-6451177','Judi','Curfman'),(541181901,27,'050-6949515','Lari','Place'),(541729338,10,'050-6235002','Willem','Fiorentino'),(541733741,9,'050-6300882','Dionne','McCready'),(541815680,41,'050-6926334','Chloe','Lemmon'),(542120084,2,'050-6630990','Yaphet','Plummer'),(542291265,7,'050-6157322','Tilda','Robinson'),(542570462,2,'050-6104108','Tilda','Begley'),(542617507,19,'050-6551070','Gladys','Carmen'),(542979930,22,'050-6221509','Queen','Culkin'),(543373085,27,'050-6716744','Victor','Heald'),(543434314,36,'050-6780176','Annie','Zellweger'),(543748846,32,'050-6212007','Jeff','Wincott'),(544154223,41,'050-6058096','Taryn','Teng'),(544374341,50,'050-6000316','Oro','Rifkin'),(544849860,13,'050-6038651','Rod','Unger'),(545019875,18,'050-6468428','Terry','Mohr'),(545218612,29,'050-6015968','Catherine','Reynolds'),(545316050,34,'050-6090256','Pam','Molina'),(545442564,36,'050-6622986','Jessica','Krieger'),(545456077,35,'050-6901381','Udo','McCann'),(545812338,46,'050-6367345','Jose','Westerberg'),(545907285,16,'050-6590494','Ewan','Kotto'),(546008362,27,'050-6745716','Kevn','Cantrell'),(546010061,40,'050-6636194','Kasey','Sarsgaard'),(546242445,6,'050-6662121','Veruca','Matheson'),(546746227,32,'050-6370211','Ray','Vaughan'),(547250407,21,'050-6712389','Allison','Stanley'),(547540863,46,'050-6342763','Bette','Duchovny'),(547608733,25,'050-6205379','Cathy','Ferrer'),(547887326,22,'050-6808843','Goran','Payton'),(547898232,12,'050-6074623','Tea','Kudrow'),(547960006,15,'050-6722265','Deborah','Duvall'),(548620379,45,'050-6091426','Alan','Kurtz'),(548918215,40,'050-6244030','Micky','Kennedy'),(549000476,33,'050-6311574','Sylvester','MacDonald'),(549101117,14,'050-6033560','Lucy','Rebhorn'),(549238587,27,'050-6773327','Alana','Griffith'),(549567664,2,'050-6453087','Lindsey','Bergen'),(549849502,48,'050-6618594','Elvis','Lineback'),(549987701,3,'050-6532672','Suzanne','Bale'),(550270553,26,'050-6718583','Linda','Gellar'),(550274342,15,'050-6293455','Johnny','Pigott-Smith'),(550510398,35,'050-6639571','Claire','Winwood'),(550780900,16,'050-6490047','Rascal','Randal'),(550792054,36,'050-6516917','Joaquin','Dillane'),(550829024,5,'050-6221612','Roddy','MacIsaac'),(550996136,47,'050-6771676','Donal','McCormack'),(551187866,8,'050-6169175','Fiona','Gill'),(551209752,19,'050-6436872','Emmylou','Costa'),(551491526,40,'050-6414978','Larry','Northam'),(552020664,41,'050-6699128','Campbell','Shocked'),(552065115,31,'050-6709453','Balthazar','Tucker'),(552216468,18,'050-6968199','Russell','Wilder'),(552498776,49,'050-6734652','Owen','Saxon'),(552615893,12,'050-6285901','Tamala','Orton'),(553326051,23,'050-6038178','Heather','Krumholtz'),(553572775,18,'050-6421311','Meryl','Buckingham'),(553627784,2,'050-6218893','Jody','Vannelli'),(553956399,41,'050-6511361','Samuel','Cassidy'),(554036944,11,'050-6327087','Kenneth','Myers'),(554529511,25,'050-6046047','Lea','Burmester'),(554745654,43,'050-6466222','Emily','Mathis'),(554922790,8,'050-6652545','Cuba','Pony'),(554979677,40,'050-6942190','Famke','Page'),(555475674,38,'050-6450639','Angela','Orbit'),(555618517,28,'050-6115219','Carrie-Anne','Bugnon'),(556153555,19,'050-6470255','Roger','Kier'),(556923316,18,'050-6900904','Holland','Thewlis'),(557145960,10,'050-6070700','Nina','Nivola'),(557301851,7,'050-6082568','Miki','Pleasure'),(557905435,11,'050-6220507','CeCe','Klugh'),(557924748,6,'050-6901583','Annie','Hopper'),(558025423,46,'050-6983597','Clint','Clarkson'),(558557218,40,'050-6128085','Bette','Shelton'),(559210388,46,'050-6538200','Joy','Williamson'),(559360639,49,'050-6689895','Lin','Browne'),(559448525,20,'050-6844063','Clea','Bratt'),(559597139,34,'050-6534559','Miko','Yorn'),(559607215,22,'050-6672298','April','Baker'),(559894502,24,'050-6416052','Ewan','Stanley'),(559962497,25,'050-6219600','Roscoe','O\'Connor'),(560417119,20,'050-6567581','Chi','Rapaport'),(560565730,34,'050-6934152','Emilio','Collette'),(561198814,34,'050-6794424','Fisher','Douglas'),(561463567,20,'050-6974415','Etta','O\'Hara'),(561573976,17,'050-6704160','Red','Neuwirth'),(562234882,7,'050-6674924','Trick','Matarazzo'),(562626318,9,'050-6913091','George','Bogguss'),(562876334,25,'050-6233722','Tyrone','Root'),(563041580,28,'050-6191954','Debi','Feuerstein'),(563126987,19,'050-6389635','Meryl','Miller'),(563278595,4,'050-6941798','Natacha','Mollard'),(563357303,39,'050-6465662','Al','Borgnine'),(563961585,22,'050-6763796','Jake','Myles'),(564071341,4,'050-6186974','Christine','Sheen'),(564419038,22,'050-6766348','Jimmy','Byrd'),(564716451,3,'050-6286832','Horace','Mason'),(565356181,47,'050-6132702','Goldie','Torres'),(565600541,27,'050-6737234','Tal','Scheider'),(565721087,43,'050-6231895','Joe','Sledge'),(565842400,1,'050-6386920','Nile','Dempsey'),(565853864,33,'050-6746921','Kylie','Oldman'),(565926355,21,'050-6224495','Isaac','Applegate'),(566226505,29,'050-6747426','Gin','Peet'),(566285602,34,'050-6448417','Kris','Harmon'),(566423889,29,'050-6701849','Lari','Lange'),(566506857,29,'050-6445507','Lin','McIntosh'),(567040458,14,'050-6807356','Mena','Evanswood'),(567077716,7,'050-6319419','Hex','Ramis'),(567159574,3,'050-6610438','Sara','Gallant'),(567223748,18,'050-6193232','Juliette','Springfield'),(567437734,7,'050-6549619','Harris','Stormare'),(567761895,35,'050-6439479','Andrew','Mathis'),(567956894,20,'050-6534565','Denis','Ali'),(568098066,23,'050-6147199','Hugo','Cantrell'),(568144440,36,'050-6244928','Marianne','Stevens'),(568169613,16,'050-6774703','Stanley','Ward'),(568888900,41,'050-6051277','Armin','Myles'),(568935296,3,'050-6229743','Latin','Austin'),(569317311,43,'050-6757512','Brothers','Brickell'),(569332944,2,'050-6245410','Neil','Wheel'),(570151678,47,'050-6270486','Lois','Copeland'),(570262666,22,'050-6620216','Bo','Mason'),(570553740,0,'050-6439005','Halle','Paquin'),(570695928,3,'050-6934529','Cameron','Winstone'),(570817102,8,'050-6627781','Boz','Bryson'),(570983025,17,'050-6368788','Nicole','Gertner'),(571586861,8,'050-6113567','Gilbert','Galecki'),(571772182,2,'050-6551080','Talvin','Mould'),(572063704,22,'050-6274718','Mika','Parish'),(572396926,30,'050-6842465','Rhys','Hingle'),(572544184,44,'050-6978570','Merillee','Rossellini'),(572573712,47,'050-6627391','Juliette','Diesel'),(572746040,27,'050-6603407','Holland','Diddley'),(572878629,38,'050-6737392','Sarah','Sanders'),(573178021,35,'050-6066322','Rob','Leguizamo'),(573340374,6,'050-6962694','Rod','Carrere'),(573831984,45,'050-6068867','Oro','Burmester'),(574154678,2,'050-6572364','Jose','Rea'),(574734889,15,'050-6936780','Hilary','Cohn'),(575006417,7,'050-6383637','Jeffery','Berkley'),(575029590,13,'050-6689147','Aimee','Stewart'),(575150087,17,'050-6791944','Janice','Swayze'),(575173133,37,'050-6464365','Stellan','DiBiasio'),(575439594,16,'050-6215505','Chazz','Eder'),(576701241,12,'050-6731009','Sheryl','Adkins'),(576812260,25,'050-6391538','Tzi','Tyler'),(577125969,28,'050-6513510','Sheena','Reid'),(577228787,4,'050-6561510','Night','McLean'),(577629068,8,'050-6746997','Woody','Lyonne'),(577978359,48,'050-6686486','Diane','O\'Keefe'),(578067778,41,'050-6282485','Geraldine','Adams'),(578232830,41,'050-6887571','Mary','Zane'),(578290489,31,'050-6666921','Chi','Scheider'),(578830097,41,'050-6783613','Powers','Gibbons'),(579150748,49,'050-6170491','Demi','Tucker'),(579276038,35,'050-6858389','Geena','Ripley'),(579672256,12,'050-6567118','Natalie','Uggams'),(580423773,49,'050-6206478','Demi','Magnuson'),(580924008,48,'050-6892383','Junior','Kretschmann'),(581163156,1,'050-6301355','Clint','Cattrall'),(581311532,29,'050-6631155','Rob','Stiller'),(581431760,47,'050-6535053','Lou','Curtis'),(581772090,0,'050-6222982','Chad','Connelly'),(581839572,44,'050-6346488','Michael','Clark'),(582228447,16,'050-6387271','Colleen','Hersh'),(582425342,39,'050-6154270','Domingo','Franks'),(582530694,11,'050-6390791','Terri','Hopper'),(582611234,44,'050-6679441','Mykelti','Rucker'),(582770309,28,'050-6565788','Kid','Yulin'),(583355793,31,'050-6005651','Mira','Costello'),(583402900,7,'050-6705981','Walter','Bryson'),(584581644,3,'050-6720037','Karen','Parsons'),(584747274,10,'050-6489252','Lily','Tierney'),(585374745,21,'050-6602579','Fiona','Stiles'),(585570416,39,'050-6673087','Tara','Kidman'),(585587598,35,'050-6563105','Pablo','Harary'),(585651988,8,'050-6343482','Dermot','Maxwell'),(585815115,26,'050-6147019','Robin','Eder'),(585849225,12,'050-6600489','Geggy','Everett'),(586112944,24,'050-6844092','Kelli','Trejo'),(586317066,8,'050-6826455','Jennifer','Furtado'),(587090871,33,'050-6597990','William','Branagh'),(587114224,24,'050-6642269','Wallace','Clarkson'),(587199605,27,'050-6611199','Dustin','Weaving'),(588076465,22,'050-6368391','Sara','Martinez'),(588079186,2,'050-6943532','Ron','Azaria'),(588806864,48,'050-6570748','Azucar','Guzman'),(588833592,30,'050-6276848','Meg','Cox'),(589102498,46,'050-6179418','Clea','Dench'),(589120551,3,'050-6776736','Chalee','Dunaway'),(589713764,6,'050-6470061','Elle','McPherson'),(589902188,17,'050-6194913','Lou','Dale'),(590199480,20,'050-6928058','Jim','Preston'),(590289938,23,'050-6822768','Rodney','Duvall'),(590493445,13,'050-6303292','Marley','Pitt'),(591157969,28,'050-6186300','Steven','Weaver'),(591258577,28,'050-6037264','Derrick','Nash'),(592049837,19,'050-6260039','Nicolas','Holden'),(592125996,25,'050-6695477','Graham','Soda'),(592149045,25,'050-6373150','Arturo','Foley'),(592271485,5,'050-6298175','Sally','Cusack'),(592857656,33,'050-6569385','Marina','Jackman'),(593669056,12,'050-6348898','Queen','Diddley'),(593954291,32,'050-6509670','Alfred','Mills'),(594030530,14,'050-6730147','Carlene','Jones'),(594304711,24,'050-6631038','Ivan','Levine'),(594403604,42,'050-6625655','Katrin','Teng'),(594479782,9,'050-6559618','Sharon','Baranski'),(594519187,44,'050-6339603','Shirley','Carrington'),(594712940,17,'050-6893760','Patricia','Byrne'),(594721001,32,'050-6753410','Tea','Janney'),(595247732,8,'050-6520526','Shawn','Rossellini'),(595422843,32,'050-6544939','Orlando','McGoohan'),(595794657,20,'050-6950059','Ricky','Washington'),(596082137,32,'050-6838227','Vickie','Pearce'),(596174268,9,'050-6202344','Heather','Ruffalo'),(596215004,10,'050-6258411','Oliver','Banderas'),(596682027,38,'050-6553252','Brittany','Gough'),(597160347,28,'050-6270442','Omar','Renfro'),(597525440,46,'050-6580344','Jose','Farris'),(597718060,4,'050-6101292','Merle','Bacon'),(599013042,16,'050-6514924','France','Trevino'),(599594662,30,'050-6759300','Elias','Crudup'),(599939074,2,'050-6103837','Garland','Flack'),(700293387,37,'050-2099723','Phoebe','Spiner'),(700560369,34,'050-2513837','Clint','Armatrading'),(701096837,27,'050-2829569','Cornell','Ticotin'),(701194065,4,'050-2634399','Murray','Kahn'),(701238067,24,'050-2679488','Domingo','Phifer'),(701460123,12,'050-2933267','Rosanna','Franklin'),(701460289,11,'050-2552246','Emilio','Fierstein'),(701518077,2,'050-2222643','Sara','Connick'),(702848366,47,'050-2667429','Hugo','Moreno'),(703457494,43,'050-2178499','Phoebe','Phillippe'),(704014091,34,'050-2062783','Ben','Cooper'),(704294581,2,'050-2969929','Stanley','Skaggs'),(704701496,18,'050-2565037','Matt','Ranger'),(704756760,30,'050-2958300','Laura','Summer'),(704799008,10,'050-2518225','Pam','McLachlan'),(705016077,49,'050-2114035','Miki','Elliott'),(705237838,32,'050-2824641','Sinead','Zeta-Jones'),(705547752,19,'050-2207317','Patricia','McGinley'),(705926243,10,'050-2040767','Crispin','Jamal'),(706031082,48,'050-2487303','Renee','Wills'),(706489087,23,'050-2161365','Nora','Reno'),(706650145,35,'050-2707485','Campbell','Palin'),(706866255,11,'050-2273049','Ricardo','Mould'),(707193575,2,'050-2742669','Rade','Byrne'),(707944710,12,'050-2411544','Fiona','Jamal'),(708304693,21,'050-2435639','Kris','Peterson'),(708460791,32,'050-2459005','Mika','Isaak'),(708550681,12,'050-2848269','Olympia','Rifkin'),(708676759,46,'050-2282847','Gabriel','Malone'),(708765994,45,'050-2860128','Ed','Bening'),(708810074,38,'050-2525504','Rowan','Zappacosta'),(709040323,6,'050-2815507','Sonny','Loring'),(709041873,2,'050-2959341','Sydney','Burmester'),(709116806,31,'050-2835802','Juliet','Summer'),(709746648,3,'050-2562322','Tilda','Connelly'),(709983329,10,'050-2997412','Elizabeth','Morton'),(710074438,49,'050-2572500','Cliff','Carnes'),(710140070,14,'050-2251206','Kimberly','Voight'),(710251638,29,'050-2583573','Ricardo','Zappacosta'),(710412181,38,'050-2834293','Ozzy','Furay'),(710571069,43,'050-2718660','William','Lucas'),(710642373,24,'050-2821045','Joaquin','Galecki'),(710680627,16,'050-2701065','Rich','Diesel'),(710837087,26,'050-2855728','Emmylou','Drive'),(710935308,40,'050-2770557','Jeffrey','Olin'),(711121583,22,'050-2403397','Wendy','DiBiasio'),(711693989,50,'050-2261968','Talvin','Coward'),(711718516,4,'050-2363746','Andrea','Wong'),(711782376,23,'050-2630145','Burton','Isaacs'),(712093157,44,'050-2528129','Matt','Hawkins'),(712134138,22,'050-2422411','Loretta','Bullock'),(712136683,9,'050-2384809','Courtney','David'),(712319444,29,'050-2954442','Rene','Patton'),(712417783,9,'050-2156775','Christian','Webb'),(712590102,22,'050-2248970','Dean','Gere'),(712622059,42,'050-2297662','Miko','Rebhorn'),(713385711,18,'050-2382389','Julianna','Pryce'),(713623051,31,'050-2222505','Faye','Woodard'),(713675989,46,'050-2856204','Nicole','Salonga'),(713703291,49,'050-2957478','Denise','DeVito'),(713791941,47,'050-2728361','Cornell','Levin'),(713792615,48,'050-2209199','Wendy','Plimpton'),(713854746,4,'050-2884101','James','Sample'),(713879276,39,'050-2991130','Rene','Pesci'),(713902162,44,'050-2351761','Lin','Phifer'),(714040248,13,'050-2741709','Edward','Aaron'),(714072748,20,'050-2231849','Forest','Shandling'),(714077746,27,'050-2625298','Maura','Page'),(714165698,19,'050-2126040','Madeleine','Holm'),(714735604,0,'050-2579157','Ricardo','Shelton'),(714910416,44,'050-2275035','Clarence','Cheadle'),(715132330,31,'050-2528807','Kenny','Kelly'),(715543597,19,'050-2919034','Jude','Elizondo'),(715750631,2,'050-2225482','Wade','Russo'),(715772189,14,'050-2551579','Azucar','DeVito'),(716171178,6,'050-2304110','Ozzy','Russell'),(716405880,21,'050-2062689','Tracy','Patillo'),(716681226,20,'050-2725049','Melanie','Ratzenberger'),(716764199,19,'050-2144126','Ozzy','Pastore'),(716896197,40,'050-2186513','Derek','Gayle'),(716951986,4,'050-2198447','Howie','Stewart'),(717201542,37,'050-2054661','Glen','Gallant'),(717529394,8,'050-2065499','Richie','Michaels'),(718034567,16,'050-2363753','Amy','Quatro'),(718235026,25,'050-2920905','Mac','Chapman'),(718791104,19,'050-2219011','Vendetta','Herrmann'),(718982606,6,'050-2375932','Hikaru','Campbell'),(719137481,3,'050-2098280','Hector','Shaw'),(719200104,10,'050-2823094','Lenny','Chaplin'),(719916274,48,'050-2439830','Geggy','Purefoy'),(719953951,33,'050-2155723','Stanley','Horton'),(720353684,36,'050-2669371','Wayman','Def'),(720492303,14,'050-2847666','Freda','Tate'),(720667542,16,'050-2279701','Melba','Pfeiffer'),(720937179,20,'050-2351002','Sara','Peebles'),(721146536,25,'050-2010712','Randall','Damon'),(721505675,21,'050-2677030','Rosanne','Oszajca'),(721630577,25,'050-2982892','Maceo','Roy Parnell'),(721684313,19,'050-2802065','Shirley','Atkins'),(721796074,25,'050-2745864','Geraldine','Blades'),(723147548,37,'050-2391686','Nils','Gano'),(723368002,30,'050-2961754','Donna','Kretschmann'),(723656413,11,'050-2700975','Mira','Emmett'),(723929752,12,'050-2573595','Mira','Whitaker'),(724610063,3,'050-2229380','Jerry','Dayne'),(724757057,23,'050-2050736','Rick','Guzman'),(724775626,15,'050-2761965','Danny','Isaacs'),(724882934,38,'050-2385533','Mira','Singh'),(725405486,9,'050-2970599','Armand','Jessee'),(725792960,47,'050-2498998','Dennis','Gugino'),(725980537,23,'050-2410216','Cathy','Adkins'),(726087567,32,'050-2346535','Jimmy','Hamilton'),(727402707,10,'050-2320844','Sheryl','Armatrading'),(728076261,9,'050-2021547','Allan','Skerritt'),(728516007,49,'050-2932870','Carlos','D\'Onofrio'),(728542583,4,'050-2612378','Yolanda','Hayes'),(729077937,45,'050-2800054','Hex','Twilley'),(729348782,50,'050-2349269','Bonnie','Borden'),(729949532,47,'050-2723021','Bradley','Lynch'),(729952644,11,'050-2196445','King','Shawn'),(730157969,47,'050-2195611','Josh','Callow'),(730698392,1,'050-2650386','John','Hawkins'),(730949400,4,'050-2866705','Charlie','Harary'),(731419855,35,'050-2835513','Michael','Ledger'),(731565708,3,'050-2558348','Jet','Dillane'),(731738371,18,'050-2189782','Hugh','Hutch'),(732409759,14,'050-2717409','Debby','Quatro'),(732521748,28,'050-2775431','Vienna','Bentley'),(732699114,15,'050-2982444','Heath','Ratzenberger'),(732942413,17,'050-2053607','Neve','Cantrell'),(733092553,37,'050-2411729','Mae','Palin'),(733147635,30,'050-2434454','Helen','Rizzo'),(733664534,30,'050-2588951','Victor','Broadbent'),(733685304,21,'050-2629806','Freddie','Presley'),(733692347,21,'050-2700099','Nanci','Molina'),(734625882,41,'050-2823720','Ozzy','Chesnutt'),(734984578,13,'050-2414531','Arnold','Cole'),(735016279,42,'050-2340137','Crispin','Emmerich'),(735198051,9,'050-2403972','Keith','Ruffalo'),(735385731,18,'050-2538038','Graham','Sandoval'),(735435896,17,'050-2369813','Hilton','Orlando'),(735529918,20,'050-2582081','Joaquim','Payton'),(735761007,9,'050-2482896','Miko','Harary'),(736450413,46,'050-2319359','Wally','White'),(736706797,43,'050-2344968','Petula','Blaine'),(736730873,9,'050-2761784','Kirk','Iglesias'),(736819816,37,'050-2021032','Joey','Nunn'),(736999450,46,'050-2662367','Dustin','Coughlan'),(737413578,7,'050-2105919','Phil','Prowse'),(737803800,14,'050-2982023','Kim','McPherson'),(738361552,11,'050-2403293','Jonny','Chappelle'),(738592902,12,'050-2421287','Christina','Giamatti'),(738731145,30,'050-2645180','Julianna','Steagall'),(739550852,40,'050-2111400','Harold','Makowicz'),(739738019,9,'050-2856530','Will','Davies'),(739840769,25,'050-2596682','Sarah','Buscemi'),(740054959,27,'050-2613075','Davey','Irons'),(740100775,27,'050-2512218','Mary-Louise','Reeves'),(740529813,49,'050-2125938','Frances','Shandling'),(740754110,14,'050-2442526','Judd','Archer'),(740900165,43,'050-2902490','Don','Sepulveda'),(741546677,21,'050-2751031','Derrick','Henriksen'),(741701958,12,'050-2788137','Viggo','Moraz'),(742218501,3,'050-2503166','Kimberly','Lizzy'),(742305270,11,'050-2842700','Horace','Hong'),(742617580,36,'050-2325607','Gailard','Frost'),(742852905,13,'050-2524981','Christine','McNeice'),(743492418,27,'050-2503100','Jena','LuPone'),(743981150,3,'050-2919911','Pam','Holmes'),(744480395,5,'050-2698969','Spencer','Coleman'),(744623170,36,'050-2434763','Andie','Turturro'),(744906350,11,'050-2540285','Rich','Oakenfold'),(745356568,25,'050-2597246','Kenneth','Skarsgard'),(745788658,17,'050-2502240','Jackie','Fonda'),(746262853,41,'050-2401349','Wang','Eckhart'),(746601760,49,'050-2133505','Chazz','Wright'),(746931927,29,'050-2915720','Pamela','Craven'),(747518364,24,'050-2177428','Graham','Garr'),(747754670,32,'050-2778891','Kim','Johansson'),(747861118,23,'050-2106382','Solomon','Franks'),(748222418,13,'050-2286769','Julia','Jordan'),(748637729,44,'050-2550865','Charlie','Lofgren'),(748773454,29,'050-2546526','Hookah','Kramer'),(748815179,2,'050-2861262','Samantha','Cetera'),(749077427,26,'050-2834026','Nelly','Heston'),(749585661,22,'050-2955883','Ernie','Cole'),(750254955,39,'050-2903808','Alfred','Hornsby'),(750328730,46,'050-2578695','Nanci','Gill'),(750379584,48,'050-2730824','Jay','Epps'),(750479999,21,'050-2069142','Loren','Singh'),(750555087,39,'050-2878659','Bryan','Logue'),(750601731,12,'050-2092913','Dennis','Brosnan'),(750746642,7,'050-2663414','Rip','Wainwright'),(751220041,41,'050-2959262','Bill','Head'),(751741749,5,'050-2571195','Samantha','Huston'),(751985533,15,'050-2835689','Busta','LaMond'),(752013839,1,'050-2963602','Nina','Hingle'),(752991646,45,'050-2864195','Moe','Rundgren'),(753074567,3,'050-2078477','Christine','Dafoe'),(753256365,15,'050-2134766','Debi','Preston'),(753512992,42,'050-2811847','Gord','Moriarty'),(753575762,21,'050-2937392','Gabrielle','Moriarty'),(753779803,27,'050-2376593','Pablo','Bragg'),(753926785,36,'050-2726336','Chad','Rains'),(754131621,11,'050-2071062','Moe','Berkley'),(754484258,37,'050-2207650','Dorry','Raybon'),(754709327,38,'050-2717256','Lauren','Hagerty'),(754870654,7,'050-2594209','Jet','Pantoliano'),(755217725,37,'050-2705548','Arnold','Lineback'),(755317241,42,'050-2031017','Orlando','Loggins'),(755865069,27,'050-2368707','Gaby','Mellencamp'),(755955962,8,'050-2938531','Chaka','Beals'),(756684861,17,'050-2894333','Seth','Gandolfini'),(756880893,37,'050-2530336','Lari','Duvall'),(756963876,11,'050-2003565','Jeffrey','Kramer'),(757704012,49,'050-2155589','Lenny','Belushi'),(757731188,17,'050-2788526','Jackie','Robards'),(757963332,35,'050-2547293','Rene','Candy'),(758089082,40,'050-2765574','Wayman','Berkley'),(758274935,18,'050-2315687','Rosie','Bassett'),(758631554,30,'050-2023220','Balthazar','Ferrell'),(758830542,30,'050-2205168','Ray','Lynn'),(759109732,31,'050-2509682','Lisa','Shepherd'),(759400488,8,'050-2331079','Nile','Blackmore'),(759817397,13,'050-2443967','Ceili','Chung'),(760093920,18,'050-2344988','Nile','Nivola'),(760249234,11,'050-2978419','Emilio','Utada'),(760383471,31,'050-2864054','Leonardo','Kravitz'),(761072604,32,'050-2556754','Terrence','Craven'),(761329546,35,'050-2610618','Kimberly','Bogguss'),(761731043,14,'050-2190987','Adrien','Noseworthy'),(762020489,42,'050-2564330','Hilton','Stamp'),(762048326,31,'050-2322017','Morris','Whitley'),(762346357,48,'050-2712243','Owen','Roberts'),(762465223,0,'050-2666607','Sandra','Ceasar'),(762489252,49,'050-2306920','Terry','Durning'),(763127047,40,'050-2060790','Vanessa','Lineback'),(763190102,48,'050-2241159','Rachael','Bonham'),(763916963,0,'050-2371119','Nick','Tyler'),(763916970,15,'050-2359632','Gran','Copeland'),(764216048,15,'050-2965537','Heath','Nolte'),(764435466,30,'050-2027837','Fairuza','Chilton'),(764805160,45,'050-2481741','Junior','Craven'),(765170233,32,'050-2002014','Quentin','MacIsaac'),(765436906,36,'050-2588412','Jason','Sewell'),(765484547,21,'050-2077088','Hank','Bryson'),(765550870,26,'050-2872667','Maceo','Kinnear'),(765789215,23,'050-2525113','Suzanne','Newman'),(766681370,43,'050-2005169','Donna','Avital'),(766701237,44,'050-2011515','Lynette','Adler'),(766925921,35,'050-2567375','John','Connelly'),(767060516,33,'050-2776954','Cliff','Kadison'),(767458147,25,'050-2216973','Chad','Vannelli'),(767583094,0,'050-2167734','Anne','Holly'),(767792840,45,'050-2352244','Terri','Iglesias'),(767894728,50,'050-2142562','Cate','Biehn'),(768034893,2,'050-2629770','Dean','Speaks'),(768144564,11,'050-2784810','Diamond','Hershey'),(768166611,18,'050-2803747','Samuel','Rodgers'),(768736034,37,'050-2464583','Tom','Prinze'),(768887753,30,'050-2942253','Amanda','Ammons'),(769034865,4,'050-2523707','Jack','Barnett'),(769089056,24,'050-2961546','Franz','Avalon'),(769471511,16,'050-2543163','Bette','Horton'),(769508436,29,'050-2943621','Dionne','Orlando'),(770029641,30,'050-2248339','Terry','Liu'),(770135723,38,'050-2867900','Scarlett','Caviezel'),(770174402,1,'050-2308495','Todd','Rossellini'),(770644354,25,'050-2706221','Madeline','Furtado'),(771324073,14,'050-2528695','Meg','Chandler'),(771397499,32,'050-2109701','Christmas','De Almeida'),(772749999,21,'050-2884885','Nicole','MacPherson'),(773609938,8,'050-2979182','Alfred','Levine'),(774292071,27,'050-2702676','Michelle','Potter'),(774378362,8,'050-2991314','Terrence','Spacey'),(775269835,28,'050-2991188','Azucar','Prowse'),(776285000,23,'050-2385142','Bernie','Ford'),(776310218,46,'050-2257551','Matt','Hewett'),(776734307,16,'050-2699354','Cheryl','Worrell'),(776879358,42,'050-2193068','Praga','de Lancie'),(777437929,19,'050-2314743','Lennie','Van Der Beek'),(777915959,37,'050-2658763','Juliet','Diffie'),(778081896,43,'050-2667902','Dean','Kimball'),(778181348,31,'050-2597240','Harrison','Strong'),(778764250,40,'050-2797380','Julianne','Butler'),(779074257,14,'050-2788200','Jennifer','Wong'),(779339633,20,'050-2793628','Martha','Zahn'),(779360175,31,'050-2236834','Catherine','Duke'),(779454303,9,'050-2611234','Tyrone','Trejo'),(779705376,40,'050-2965398','Todd','Barkin'),(780642652,5,'050-2590703','Scott','Evans'),(780947933,21,'050-2128686','Susan','Lindley'),(781624757,29,'050-2537807','Vertical','Blackwell'),(781818498,16,'050-2917037','Curt','Whitwam'),(782429845,13,'050-2300235','Ronny','Davidson'),(782879179,31,'050-2694856','Steven','Piven'),(783736024,20,'050-2198895','Andre','Furtado'),(784078230,0,'050-2329657','Alec','Holden'),(784214686,46,'050-2384104','Sissy','Margulies'),(784749192,47,'050-2835271','Geraldine','Starr'),(784778765,21,'050-2101423','Wally','Scaggs'),(784938919,49,'050-2618613','Suzanne','Armatrading'),(784968999,19,'050-2361983','Fiona','Webb'),(785341811,13,'050-2277825','Luke','Lynch'),(785381611,47,'050-2999740','Hugo','Lemmon'),(785680351,20,'050-2417574','Tom','Platt'),(785864975,44,'050-2595777','Edgar','Loggins'),(785877682,48,'050-2942063','Clea','Harary'),(785952187,24,'050-2252698','Rich','Gagnon'),(786721590,34,'050-2617689','Charlton','Krieger'),(787017605,25,'050-2944135','Lionel','Cazale'),(787701925,41,'050-2157739','Deborah','Assante'),(788034629,20,'050-2051351','Charlize','Puckett'),(788109886,20,'050-2084049','Kieran','Favreau'),(788338646,19,'050-2286016','Jackson','Hatfield'),(788426682,0,'050-2423126','Hex','Woodward'),(788466362,27,'050-2434501','Frances','Tyson'),(789345056,42,'050-2439907','Temuera','Leigh'),(789540033,18,'050-2877295','Julianne','Kelly'),(789590239,27,'050-2123579','Art','Young'),(789595123,13,'050-2712623','Jeffery','Daniels'),(790314305,8,'050-2607176','Peabo','Ripley'),(790778065,11,'050-2473219','Mindy','Boothe'),(790859316,24,'050-2031026','Lennie','Joli'),(790871405,3,'050-2842652','Raul','Gagnon'),(791035607,2,'050-2590456','Freddy','Esposito'),(791459841,45,'050-2081497','Tom','Conley'),(791502062,22,'050-2313885','Viggo','Lindley'),(791873907,42,'050-2266102','Alfie','Underwood'),(792936165,44,'050-2366948','Ossie','Thomas'),(793803355,38,'050-2509889','Pablo','McKennitt'),(794334967,0,'050-2542124','Nicole','Parish'),(794834973,22,'050-2443639','Sophie','McElhone'),(796066139,28,'050-2252181','Shelby','Hayes'),(796231493,47,'050-2982325','Ritchie','Harmon'),(796382040,0,'050-2050677','Rade','Pryce'),(796941493,10,'050-2307288','Alice','Charles'),(797046368,15,'050-2421368','Caroline','Paymer'),(797128252,11,'050-2496111','Edward','Oszajca'),(797137977,30,'050-2128087','Temuera','McKean'),(797489520,31,'050-2140559','Ty','O\'Neal'),(797674515,3,'050-2856031','Jennifer','Dillane'),(797788429,0,'050-2715604','Suzy','Stowe'),(797985376,18,'050-2665409','Pelvic','Graham'),(798178672,47,'050-2930732','Chi','Statham'),(798538123,3,'050-2309245','Herbie','Lennix'),(799019460,23,'050-2111602','Johnny','Hopper'),(799468392,42,'050-2509811','Melba','Trejo'),(799535416,19,'050-2053379','Taye','Wariner'),(799602781,13,'050-2152921','Mena','Murphy'),(799852869,35,'050-2506374','Jeroen','Woods');
/*!40000 ALTER TABLE `suppliers` ENABLE KEYS */;
UNLOCK TABLES;

--
-- Table structure for table `tickets`
--

DROP TABLE IF EXISTS `tickets`;
/*!40101 SET @saved_cs_client     = @@character_set_client */;
/*!50503 SET character_set_client = utf8mb4 */;
CREATE TABLE `tickets` (
  `ticket_id` int NOT NULL,
  `cinema_id` int NOT NULL,
  `room_id` int NOT NULL,
  `client_name` varchar(256) COLLATE utf8mb3_unicode_ci NOT NULL,
  `movie_name` varchar(256) COLLATE utf8mb3_unicode_ci NOT NULL,
  `seat_id` int NOT NULL,
  `date` date NOT NULL,
  PRIMARY KEY (`ticket_id`,`cinema_id`,`date`),
  KEY `cinema_id` (`cinema_id`,`room_id`,`seat_id`),
  CONSTRAINT `tickets_ibfk_1` FOREIGN KEY (`cinema_id`, `room_id`, `seat_id`) REFERENCES `seat` (`cinema_id`, `room_id`, `seat_id`)
) ENGINE=InnoDB DEFAULT CHARSET=utf8mb3 COLLATE=utf8mb3_unicode_ci;
/*!40101 SET character_set_client = @saved_cs_client */;

--
-- Dumping data for table `tickets`
--

LOCK TABLES `tickets` WRITE;
/*!40000 ALTER TABLE `tickets` DISABLE KEYS */;
INSERT INTO `tickets` VALUES (59,1,1,'CqTXfNbp','Movie 8',2,'2022-02-16'),(60,1,1,'CLdXWpKm','Movie 47',3,'2023-05-14'),(61,1,1,'ryJYQSPM','Movie 6',4,'2022-06-16'),(62,1,1,'KHBFCGTE','Movie 6',5,'2022-04-12'),(63,1,1,'ykseDivY','Movie 9',6,'2023-08-22'),(64,1,1,'rvMaQHuo','Movie 32',7,'2023-04-12'),(65,1,1,'zQHMwXmc','Movie 3',8,'2023-04-01'),(66,1,1,'yNAiqwmM','Movie 85',9,'2022-04-12'),(67,1,1,'jDcxGRCM','Movie 95',10,'2023-04-01'),(68,1,1,'ERSVrBWf','Movie 8',11,'2023-08-22'),(69,1,1,'inPpwBgM','Movie 2',12,'2023-06-11'),(70,1,1,'cpbhDMfw','Movie 2',13,'2022-06-16'),(71,1,1,'Xqwremhy','Movie 5',14,'2022-06-16'),(72,1,1,'fYCJFhul','Movie 7',15,'2023-06-12'),(73,1,1,'gexqbGnJ','Movie 9',16,'2022-04-12'),(74,1,1,'bUmGIRCW','Movie 8',17,'2022-04-18'),(75,1,1,'UQjamOfV','Movie 47',18,'2023-04-19'),(76,1,1,'OSftvaCy','Movie 2',19,'2023-08-22'),(77,1,1,'qjZuAriJ','Movie 5',20,'2023-05-14'),(78,1,1,'PCkTEuoe','Movie 85',21,'2022-06-16'),(79,1,1,'AjRCthxK','Movie 32',22,'2023-04-01'),(80,1,1,'THjKcxlf','Movie 6',23,'2023-08-22'),(81,1,1,'wRBEIOAj','Movie 2',24,'2023-06-11'),(82,1,1,'vOkMiABq','Movie 5',25,'2022-04-12'),(83,1,1,'bnauioFB','Movie 3',26,'2022-04-12'),(84,1,1,'ROsVUwye','Movie 7',27,'2023-04-19'),(85,1,1,'cSVriXfu','Movie 32',28,'2023-06-12'),(86,1,1,'eOUkyXJA','Movie 4',29,'2023-06-16'),(87,1,1,'dKiQFnfX','Movie 6',30,'2023-06-12'),(88,1,1,'iUdAWGrs','Movie 85',31,'2023-04-01'),(89,1,1,'hyDvQIBL','Movie 85',32,'2022-04-12'),(90,1,2,'DhuNnXvj','Movie 9',33,'2023-05-14'),(91,1,2,'mrGREQlK','Movie 4',34,'2022-04-12'),(92,1,2,'RhbJQBLP','Movie 32',35,'2023-04-12'),(93,1,2,'DnZTplRB','Movie 10',36,'2022-02-16'),(94,1,2,'FaDiQAIn','Movie 9',37,'2022-04-18'),(95,1,2,'njhmivYZ','Movie 85',38,'2023-04-01'),(96,1,2,'SwlBIxQN','Movie 67',39,'2022-02-16'),(97,1,2,'rStONXgC','Movie 8',40,'2023-06-11'),(98,1,2,'KFByCXMY','Movie 4',41,'2023-08-22'),(99,1,2,'BxXACRiF','Movie 5',42,'2023-08-22'),(100,1,2,'LFVqwOkM','Movie 5',43,'2023-04-19'),(101,1,2,'DJEZkPAf','Movie 67',44,'2023-08-22'),(102,1,2,'FYQOhgvU','Movie 85',45,'2022-06-16'),(103,1,2,'oJxEHaYl','Movie 47',46,'2023-06-11'),(104,1,2,'FCQfzptS','Movie 85',47,'2022-02-16'),(105,1,2,'zYQoBFmT','Movie 8',48,'2023-04-12'),(106,1,2,'sjBiYVtO','Movie 9',49,'2023-08-22'),(107,1,2,'VGakPufy','Movie 85',50,'2023-04-01'),(108,1,2,'KXwuTJAc','Movie 85',51,'2022-04-18'),(109,1,2,'msSVlnNQ','Movie 9',52,'2023-06-12'),(110,1,2,'cIvjlztG','Movie 85',53,'2022-04-18'),(111,1,2,'BOXaypUg','Movie 95',54,'2023-04-12'),(112,1,2,'CpTbIFeh','Movie 67',55,'2022-04-12'),(113,1,2,'hwnBorIt','Movie 95',56,'2023-04-12'),(114,1,2,'BaYgjoCe','Movie 9',57,'2023-06-11'),(115,1,2,'CgSZvrDm','Movie 6',58,'2022-04-18'),(116,1,2,'LvNItOed','Movie 8',59,'2023-04-19'),(117,1,2,'WztOZDUJ','Movie 4',60,'2023-04-12'),(118,1,2,'eLNAOpsj','Movie 6',61,'2022-04-18'),(119,1,2,'SYEHzAbC','Movie 1',62,'2023-04-01'),(120,1,2,'UBZKcxmu','Movie 8',63,'2022-04-18'),(121,1,2,'SeJfEGOa','Movie 7',64,'2022-02-16'),(122,1,3,'thbCAWMi','Movie 3',65,'2022-04-18'),(123,1,3,'OvpcoIlB','Movie 67',66,'2023-04-19'),(124,1,3,'RharCeGN','Movie 3',67,'2023-05-14'),(125,1,3,'zWLylEbM','Movie 67',68,'2022-04-18'),(126,1,3,'AoQFsMWr','Movie 95',69,'2022-04-18'),(127,1,3,'hxXzqjkH','Movie 85',70,'2023-06-16'),(128,1,3,'HJDQFayi','Movie 67',71,'2023-04-12'),(129,1,3,'rBaCmAFq','Movie 32',72,'2023-05-14'),(130,1,3,'hkZSXBDy','Movie 4',73,'2023-04-01'),(131,1,3,'LYXTcNyo','Movie 8',74,'2023-06-12'),(132,1,3,'fETWbPDN','Movie 4',75,'2023-06-16'),(133,1,3,'zGFkwXrh','Movie 10',76,'2023-08-22'),(134,1,3,'kKEnFNHW','Movie 67',77,'2023-04-01'),(135,1,3,'zWbApYgO','Movie 7',78,'2023-06-16'),(136,1,3,'aVXvQrfY','Movie 95',79,'2022-06-16'),(137,1,3,'WaCtfylr','Movie 5',80,'2023-06-16'),(138,1,3,'pIkmWFUQ','Movie 2',81,'2022-02-16'),(139,1,3,'xOQUDESj','Movie 9',82,'2022-04-18'),(140,1,3,'hHZCDfLk','Movie 9',83,'2023-05-14'),(141,1,3,'giSuxfKo','Movie 7',84,'2023-05-14'),(142,1,3,'PemEfHkF','Movie 95',85,'2023-04-12'),(143,1,3,'pYOseVkg','Movie 8',86,'2022-04-12'),(144,1,3,'iqzkmsFf','Movie 47',87,'2022-06-16'),(145,1,3,'dGxRSVFs','Movie 6',88,'2022-06-16'),(146,1,3,'btazmJUy','Movie 95',89,'2023-06-16'),(147,1,3,'fCcPUEZq','Movie 32',90,'2023-05-14'),(148,1,3,'HlPFLGiQ','Movie 9',91,'2023-06-11'),(149,1,3,'RxjTCYKf','Movie 10',92,'2023-04-01'),(150,1,3,'euIXrtMz','Movie 4',93,'2022-02-16'),(151,1,3,'laiIsvtP','Movie 5',94,'2023-04-01'),(152,1,3,'sxjZLVnh','Movie 2',95,'2023-04-12'),(153,1,3,'ZPbOFQyL','Movie 9',96,'2023-06-16'),(154,1,4,'MuDjSeUy','Movie 5',97,'2023-04-12'),(155,1,4,'nXPxRScD','Movie 9',98,'2022-02-16'),(156,1,4,'eyogHVNX','Movie 5',99,'2022-04-18'),(157,1,4,'xWBCckGM','Movie 47',100,'2023-04-12'),(158,1,4,'gZpUBqdT','Movie 6',101,'2023-05-14'),(159,1,4,'MHjlrhtI','Movie 1',102,'2023-08-22'),(160,1,4,'gahbUEpN','Movie 85',103,'2022-02-16'),(161,1,4,'RIDEYhMx','Movie 85',104,'2022-06-16'),(162,1,4,'FXTYHAVl','Movie 5',105,'2023-06-16'),(163,1,4,'xLRgScYM','Movie 95',106,'2022-02-16'),(164,1,4,'lvbaeJXg','Movie 5',107,'2022-04-12'),(165,1,4,'nxcfHMDp','Movie 95',108,'2023-04-12'),(166,1,4,'oumACIXa','Movie 9',109,'2022-04-18'),(167,1,4,'gCerjyxn','Movie 10',110,'2023-04-19'),(168,1,4,'HGDqeshR','Movie 10',111,'2023-06-12'),(169,1,4,'RXFnNhYl','Movie 5',112,'2022-06-16'),(170,1,4,'DeNvgdBo','Movie 6',113,'2023-08-22'),(171,1,4,'RXBkwfme','Movie 32',114,'2022-06-16'),(172,1,4,'ZkiuhdQU','Movie 2',115,'2022-04-12'),(173,1,4,'DPpmdgzO','Movie 1',116,'2022-04-18'),(174,1,4,'cJVuhLgw','Movie 4',117,'2022-06-16'),(175,1,4,'dUrRMKJu','Movie 6',118,'2023-05-14'),(176,1,4,'mpAdrgLP','Movie 85',119,'2022-02-16'),(177,1,4,'dICVUuZj','Movie 7',120,'2022-04-12'),(178,1,4,'gBcrRCKm','Movie 6',121,'2023-06-11'),(179,1,4,'bhsDLxTY','Movie 3',122,'2023-04-01'),(180,1,4,'VcfbnsLx','Movie 2',123,'2023-08-22'),(181,1,4,'haDHXWsz','Movie 7',124,'2023-06-16'),(182,1,4,'peFPROTk','Movie 8',125,'2023-08-22'),(183,1,4,'zLirlNxU','Movie 67',126,'2022-04-12'),(184,1,4,'tygTVNIK','Movie 47',127,'2023-04-12'),(185,1,4,'NXBzDTgk','Movie 95',128,'2023-04-19'),(186,1,5,'efPYVsbQ','Movie 85',129,'2023-04-12'),(187,1,5,'bzTPKrAs','Movie 67',130,'2022-04-12'),(188,1,5,'YopIdQwq','Movie 5',131,'2023-06-16'),(189,1,5,'fzDCKxnj','Movie 95',132,'2023-06-12'),(190,1,5,'UsyiEmtP','Movie 10',133,'2023-06-11'),(191,1,5,'cibfwzFx','Movie 10',134,'2022-02-16'),(192,1,5,'cXxjNoEf','Movie 10',135,'2023-04-12'),(193,1,5,'leIzXAmP','Movie 6',136,'2022-04-12'),(194,1,5,'QKxwuGLM','Movie 9',137,'2023-04-12'),(195,1,5,'gBRzhovp','Movie 8',138,'2022-02-16'),(196,1,5,'QjdhYinw','Movie 7',139,'2023-06-12'),(197,1,5,'pGYvIQHU','Movie 2',140,'2023-04-01'),(198,1,5,'ENqthdJx','Movie 5',141,'2023-06-12'),(199,1,5,'KmcAYuGX','Movie 85',142,'2022-04-12'),(200,1,5,'vfUixdFK','Movie 5',143,'2022-04-12'),(201,1,5,'iHEscvBM','Movie 47',144,'2023-04-12'),(202,1,5,'JgPpGEYO','Movie 8',145,'2023-04-12'),(203,1,5,'pulsXvoC','Movie 47',146,'2023-06-11'),(204,1,5,'gwkCTdup','Movie 5',147,'2023-04-01'),(205,1,5,'IbrSKomj','Movie 4',148,'2023-06-12'),(206,1,5,'YyegiabJ','Movie 8',149,'2023-05-14'),(207,1,5,'bNJDCHBT','Movie 32',150,'2023-08-22'),(208,1,5,'YGDeEfKM','Movie 8',151,'2023-06-12'),(209,1,5,'VoBeLiyw','Movie 1',152,'2023-05-14'),(210,1,5,'gPOzvIix','Movie 9',153,'2023-06-11'),(211,1,5,'kAtvqsFY','Movie 10',154,'2023-06-11'),(212,1,5,'QyRGSCMW','Movie 4',155,'2023-04-01'),(213,1,5,'zfUjSnDo','Movie 10',156,'2023-06-11'),(214,1,5,'XmLdSEpw','Movie 67',157,'2023-04-01'),(215,1,5,'BRkPIjOH','Movie 10',158,'2022-04-12'),(216,1,5,'bdnIycZr','Movie 47',159,'2022-04-12'),(217,1,5,'WOClgnMc','Movie 6',160,'2023-06-12'),(218,1,6,'oSDnXGTf','Movie 2',161,'2023-06-16'),(219,1,6,'xSTNUPZq','Movie 5',162,'2023-08-22'),(220,1,6,'QufEZrbo','Movie 95',163,'2022-06-16'),(221,1,6,'SHWVJPXR','Movie 2',164,'2022-04-18'),(222,1,6,'EsHGPcmS','Movie 2',165,'2022-06-16'),(223,1,6,'koXMxJgG','Movie 8',166,'2022-02-16'),(224,1,6,'mpEWQHIB','Movie 85',167,'2023-06-16'),(225,1,6,'CmGJeqzl','Movie 32',168,'2023-05-14'),(226,1,6,'KGTMsCWb','Movie 9',169,'2023-06-16'),(227,1,6,'hwIRJbkl','Movie 5',170,'2023-04-01'),(228,1,6,'pBajFKvf','Movie 67',171,'2022-04-12'),(229,1,6,'ZlRdASkf','Movie 2',172,'2022-04-12'),(230,1,6,'evJKOFjd','Movie 8',173,'2023-05-14'),(231,1,6,'MtRsCwSq','Movie 9',174,'2023-04-12'),(232,1,6,'LXvCzbMP','Movie 8',175,'2022-06-16'),(233,1,6,'fwKRbjsi','Movie 6',176,'2023-04-12'),(234,1,6,'XHrJkLRK','Movie 7',177,'2023-05-14'),(235,1,6,'tqMzYagP','Movie 6',178,'2023-04-12'),(236,1,6,'hePDAJLX','Movie 10',179,'2023-04-19'),(237,1,6,'duKpIksM','Movie 7',180,'2023-08-22'),(238,1,6,'NEhbyuvB','Movie 5',181,'2022-06-16'),(239,1,6,'ydnlMPBh','Movie 1',182,'2022-06-16'),(240,1,6,'rlLKnmwV','Movie 5',183,'2022-04-12'),(241,1,6,'vytkOIhH','Movie 9',184,'2023-06-12'),(242,1,6,'COszEMie','Movie 1',185,'2023-06-11'),(243,1,6,'EJDgcUah','Movie 2',186,'2022-06-16'),(244,1,6,'UyMwmxWX','Movie 5',187,'2023-04-19'),(245,1,6,'NoBPUsdJ','Movie 85',188,'2023-05-14'),(246,1,6,'dTKCjEby','Movie 67',189,'2022-02-16'),(247,1,6,'fkWvaEmT','Movie 47',190,'2023-05-14'),(248,1,6,'iCulJHfs','Movie 5',191,'2023-06-16'),(249,1,6,'VkuFpWYj','Movie 47',192,'2023-04-12'),(250,2,1,'ZgISxmJl','Movie 4',193,'2022-06-16'),(251,2,1,'dsrxfkUS','Movie 5',194,'2023-06-12'),(252,2,1,'RUoQOAfX','Movie 32',195,'2022-04-12'),(253,2,1,'LMBiNgcr','Movie 3',196,'2023-06-11'),(254,2,1,'COiFBYIc','Movie 85',197,'2023-06-11'),(255,2,1,'RiNfnckp','Movie 47',198,'2023-04-01'),(256,2,1,'GDiRExak','Movie 47',199,'2023-08-22'),(257,2,1,'IQFpkPem','Movie 3',200,'2022-04-18'),(258,2,1,'EjJhgDuw','Movie 7',201,'2022-04-18'),(259,2,1,'rmiEDXkO','Movie 95',202,'2023-06-12'),(260,2,1,'gAwmXsfS','Movie 85',203,'2023-04-12'),(261,2,1,'ynbCXHfE','Movie 32',204,'2023-06-16'),(262,2,1,'XPldgQzH','Movie 85',205,'2023-06-12'),(263,2,1,'xtHYgAwf','Movie 32',206,'2023-04-12'),(264,2,1,'qMdoixLE','Movie 32',207,'2023-04-12'),(265,2,1,'SUCgFOqM','Movie 10',208,'2023-06-11'),(266,2,1,'fujRLqtd','Movie 67',209,'2023-04-12'),(267,2,1,'aDZWFkrG','Movie 10',210,'2023-06-11'),(268,2,1,'eOcKoZHQ','Movie 32',211,'2022-04-12'),(269,2,1,'SpKLoMEP','Movie 3',212,'2022-04-12'),(270,2,1,'fgwacUGS','Movie 4',213,'2022-06-16'),(271,2,1,'nVvhKMZY','Movie 10',214,'2023-06-16'),(272,2,1,'nIVjwrZu','Movie 2',215,'2023-04-12'),(273,2,1,'RUWJNajK','Movie 1',216,'2023-04-01'),(274,2,1,'fNFkHKhJ','Movie 9',217,'2022-04-12'),(275,2,1,'BTJbuLjI','Movie 3',218,'2022-06-16'),(276,2,1,'UtbCdJiA','Movie 2',219,'2023-06-16'),(277,2,1,'RaNfcFwn','Movie 95',220,'2023-04-19'),(278,2,1,'NPsVujHx','Movie 6',221,'2023-04-19'),(279,2,1,'NDSBAKRM','Movie 8',222,'2023-04-19'),(280,2,1,'TPfylgQe','Movie 67',223,'2023-06-12'),(281,2,1,'uBKoWMNq','Movie 8',224,'2023-04-19'),(282,2,2,'UOioufps','Movie 7',225,'2023-06-12'),(283,2,2,'aCJjrdfe','Movie 3',226,'2022-04-12'),(284,2,2,'DpaAcjHh','Movie 6',227,'2023-04-01'),(285,2,2,'ASbvOUWm','Movie 4',228,'2022-04-12'),(286,2,2,'xLjvCqwe','Movie 85',229,'2022-04-18'),(287,2,2,'GafBbpgT','Movie 95',230,'2023-04-01'),(288,2,2,'VXZbpYFu','Movie 47',231,'2022-02-16'),(289,2,2,'eVhORvMt','Movie 6',232,'2023-04-19'),(290,2,2,'dekyVlzR','Movie 47',233,'2023-06-12'),(291,2,2,'NUSQVMGO','Movie 6',234,'2022-04-18'),(292,2,2,'HetaAujl','Movie 10',235,'2023-06-12'),(293,2,2,'HmVUvZiN','Movie 3',236,'2023-04-19'),(294,2,2,'JmyOXczr','Movie 9',237,'2023-06-12'),(295,2,2,'TeiXMmHk','Movie 85',238,'2023-08-22'),(296,2,2,'legrSfvX','Movie 85',239,'2023-04-12'),(297,2,2,'NjFnkbQt','Movie 9',240,'2022-04-18'),(298,2,2,'nYmAywcR','Movie 6',241,'2023-04-01'),(299,2,2,'rvFwZXmQ','Movie 4',242,'2022-06-16'),(300,2,2,'ifQOUkYx','Movie 3',243,'2022-04-18'),(301,2,2,'MdWFojzc','Movie 3',244,'2023-04-12'),(302,2,2,'BDdWkxjI','Movie 3',245,'2023-04-01'),(303,2,2,'zZuDIXLx','Movie 32',246,'2023-08-22'),(304,2,2,'uLhKVoDS','Movie 85',247,'2023-08-22'),(305,2,2,'qdYSjLFB','Movie 6',248,'2023-08-22'),(306,2,2,'tVWIyrSc','Movie 4',249,'2022-02-16'),(307,2,2,'ZsRSALly','Movie 6',250,'2022-02-16'),(308,2,2,'FzUHdSgc','Movie 67',251,'2022-02-16'),(309,2,2,'siJnjgHM','Movie 67',252,'2022-06-16'),(310,2,2,'zCFTwpKb','Movie 8',253,'2023-05-14'),(311,2,2,'thSqEDPF','Movie 6',254,'2022-04-12'),(312,2,2,'WXszFCiy','Movie 47',255,'2023-06-12'),(313,2,2,'UgBzCmbN','Movie 8',256,'2022-06-16'),(314,2,3,'IMgVLyJh','Movie 4',257,'2022-04-12'),(315,2,3,'HIzDJOrd','Movie 67',258,'2022-06-16'),(316,2,3,'yXORufME','Movie 47',259,'2023-05-14'),(317,2,3,'ZAFXMgRv','Movie 85',260,'2022-04-18'),(318,2,3,'IaPOlyKp','Movie 32',261,'2022-04-12'),(319,2,3,'yIlVSoOd','Movie 8',262,'2022-04-12'),(320,2,3,'YkIZNMEH','Movie 2',263,'2022-06-16'),(321,2,3,'qpvJIMeQ','Movie 10',264,'2023-06-11'),(322,2,3,'YLFKIWDk','Movie 10',265,'2023-05-14'),(323,2,3,'PBfYQGaw','Movie 7',266,'2023-08-22'),(324,2,3,'jdmkMoSX','Movie 3',267,'2022-02-16'),(325,2,3,'PyNkMnCi','Movie 95',268,'2023-06-16'),(326,2,3,'xtRSbupd','Movie 5',269,'2023-06-11'),(327,2,3,'YHSlsUwZ','Movie 2',270,'2022-04-18'),(328,2,3,'poHEQLle','Movie 47',271,'2022-02-16'),(329,2,3,'NKyoIAdB','Movie 67',272,'2023-04-19'),(330,2,3,'VcduYELD','Movie 10',273,'2023-04-01'),(331,2,3,'LJfzWkgU','Movie 8',274,'2023-04-01'),(332,2,3,'AQEuPXcp','Movie 8',275,'2022-04-18'),(333,2,3,'QVArxXnJ','Movie 47',276,'2023-04-01'),(334,2,3,'eiRvwCxr','Movie 2',277,'2022-04-18'),(335,2,3,'wZzDWGJY','Movie 10',278,'2023-04-19'),(336,2,3,'wdrAefnD','Movie 9',279,'2023-06-12'),(337,2,3,'PRiMHLnT','Movie 67',280,'2023-05-14'),(338,2,3,'jydTqAzi','Movie 4',281,'2023-06-16'),(339,2,3,'bdupVTkC','Movie 1',282,'2023-08-22'),(340,2,3,'xQBVhewm','Movie 6',283,'2022-02-16'),(341,2,3,'xkTzyFUg','Movie 4',284,'2023-06-16'),(342,2,3,'SLpVrzZj','Movie 67',285,'2023-04-12'),(343,2,3,'wWRmFCqv','Movie 67',286,'2023-06-11'),(344,2,3,'ytHMcAFg','Movie 7',287,'2023-06-11'),(345,2,3,'UxwDZYih','Movie 95',288,'2022-04-12'),(346,2,4,'gIcnSEJd','Movie 6',289,'2023-05-14'),(347,2,4,'LWCgmQaA','Movie 1',290,'2022-02-16'),(348,2,4,'KBVOFxCA','Movie 5',291,'2022-04-18'),(349,2,4,'TxyfirmH','Movie 10',292,'2023-05-14'),(350,2,4,'EXUIlkhj','Movie 2',293,'2022-04-18'),(351,2,4,'ZGMRFIyE','Movie 32',294,'2023-04-01'),(352,2,4,'CaZwEHLA','Movie 8',295,'2022-06-16'),(353,2,4,'taLRvUck','Movie 6',296,'2022-06-16'),(354,2,4,'rituayow','Movie 9',297,'2023-04-12'),(355,2,4,'jioKIrYz','Movie 10',298,'2023-06-12'),(356,2,4,'tNqUdezh','Movie 3',299,'2023-04-19'),(357,2,4,'DtaXIQAK','Movie 2',300,'2023-06-16'),(358,2,4,'JAzaftXM','Movie 4',301,'2023-05-14'),(359,2,4,'oHGilOqf','Movie 85',302,'2022-06-16'),(360,2,4,'CirNaexU','Movie 6',303,'2023-05-14'),(361,2,4,'DUxiLCtc','Movie 8',304,'2023-06-12'),(362,2,4,'qGTNYJDV','Movie 3',305,'2023-06-12'),(363,2,4,'jmdCGlTF','Movie 95',306,'2023-05-14'),(364,2,4,'iJuLQlSR','Movie 4',307,'2023-06-16'),(365,2,4,'TqmWwSoH','Movie 67',308,'2022-04-12'),(366,2,4,'SMeDOhfz','Movie 6',309,'2023-04-01'),(367,2,4,'AuiBeEnV','Movie 7',310,'2023-06-11'),(368,2,4,'mzTXACYt','Movie 2',311,'2023-04-12'),(369,2,4,'VbOesKpF','Movie 47',312,'2023-06-16'),(370,2,4,'OpFUyErj','Movie 4',313,'2023-06-16'),(371,2,4,'eTbZaAJr','Movie 9',314,'2022-02-16'),(372,2,4,'tMjcqLmR','Movie 1',315,'2022-06-16'),(373,2,4,'AWnoJeyT','Movie 85',316,'2023-04-19'),(374,2,4,'kvuZNQRD','Movie 85',317,'2022-04-18'),(375,2,4,'dtSFepNU','Movie 67',318,'2023-05-14'),(376,2,4,'BoVyHfcx','Movie 6',319,'2022-06-16'),(377,2,4,'QXmtPHKZ','Movie 1',320,'2023-08-22'),(378,2,5,'DukYrLoS','Movie 3',321,'2023-08-22'),(379,2,5,'pMZYWUzk','Movie 95',322,'2022-06-16'),(380,2,5,'sJUhdpxE','Movie 95',323,'2023-06-16'),(381,2,5,'DMLJshrk','Movie 2',324,'2023-05-14'),(382,2,5,'LIplvasz','Movie 8',325,'2023-04-12'),(383,2,5,'oBGUnQJr','Movie 32',326,'2023-05-14'),(384,2,5,'cMIrghXB','Movie 32',327,'2023-06-11'),(385,2,5,'uxrjQzhG','Movie 1',328,'2022-02-16'),(386,2,5,'yHNYcIzs','Movie 9',329,'2023-06-16'),(387,2,5,'afzrYLti','Movie 10',330,'2022-04-18'),(388,2,5,'RrsTNfUw','Movie 1',331,'2023-05-14'),(389,2,5,'aWfPdNZv','Movie 2',332,'2023-04-12'),(390,2,5,'wMgBYISN','Movie 3',333,'2023-05-14'),(391,2,5,'zaIjwoJT','Movie 32',334,'2023-04-12'),(392,2,5,'SkXHaLjJ','Movie 4',335,'2023-06-11'),(393,2,5,'nPaNkDIX','Movie 3',336,'2023-05-14'),(394,2,5,'Gonyhpvj','Movie 85',337,'2023-08-22'),(395,2,5,'trwEfudk','Movie 6',338,'2022-02-16'),(396,2,5,'eAUKmJXd','Movie 2',339,'2023-04-19'),(397,2,5,'XSdeohQT','Movie 47',340,'2023-06-16'),(398,2,5,'NoPKacru','Movie 10',341,'2022-06-16'),(399,2,5,'HdJUtOMw','Movie 10',342,'2023-04-01'),(400,2,5,'usCXUnTd','Movie 5',343,'2023-04-19'),(401,2,5,'VYRSAvJF','Movie 3',344,'2023-04-01'),(402,2,5,'jgErnGWY','Movie 95',345,'2023-04-12'),(403,2,5,'XresYlgc','Movie 7',346,'2023-06-11'),(404,2,5,'DxoXERFp','Movie 4',347,'2022-04-12'),(405,2,5,'POvAdgyc','Movie 5',348,'2023-05-14'),(406,2,5,'trkQPFzR','Movie 5',349,'2022-04-18'),(407,2,5,'tJMmUlkG','Movie 10',350,'2023-06-11'),(408,2,5,'YlTBnyXS','Movie 2',351,'2022-06-16'),(409,2,5,'DHuIEcBF','Movie 9',352,'2023-08-22'),(410,2,6,'rRsDtOTg','Movie 6',353,'2023-05-14'),(411,2,6,'XHPtmEJp','Movie 67',354,'2023-08-22'),(412,2,6,'BMLZPzNr','Movie 4',355,'2022-04-18'),(413,2,6,'uFmUOLWp','Movie 7',356,'2023-04-19'),(414,2,6,'QALmBXWg','Movie 9',357,'2023-06-16'),(415,2,6,'zHmfyXFV','Movie 32',358,'2023-04-01'),(416,2,6,'vdoJhAwZ','Movie 1',359,'2022-04-18'),(417,2,6,'OMnaDmAU','Movie 95',360,'2022-04-12'),(418,2,6,'yvwVtaer','Movie 9',361,'2022-04-12'),(419,2,6,'PfWUwazO','Movie 32',362,'2022-04-12'),(420,2,6,'JkebPDXR','Movie 32',363,'2023-04-12'),(421,2,6,'bKamvjdx','Movie 85',364,'2023-06-11'),(422,2,6,'qgrETVMn','Movie 9',365,'2023-06-12'),(423,2,6,'TtwlbiGE','Movie 8',366,'2023-05-14'),(424,2,6,'gbpsZtPX','Movie 4',367,'2023-06-12'),(425,2,6,'fcdRIYxy','Movie 6',368,'2023-06-11'),(426,2,6,'GsXVpljn','Movie 32',369,'2022-04-12'),(427,2,6,'qkstwQWc','Movie 10',370,'2022-04-12'),(428,2,6,'kvmENdcX','Movie 6',371,'2023-08-22'),(429,2,6,'tPSaHZyO','Movie 7',372,'2023-04-12'),(430,2,6,'pPelIMGz','Movie 2',373,'2023-04-12'),(431,2,6,'SPUoFpLY','Movie 8',374,'2022-02-16'),(432,2,6,'BSwsZkiX','Movie 6',375,'2023-04-12'),(433,2,6,'AgFqtcBT','Movie 3',376,'2022-06-16'),(434,2,6,'fXkaPIGe','Movie 47',377,'2023-06-16'),(435,2,6,'oSTCnMDh','Movie 67',378,'2023-04-19'),(436,2,6,'KOnYfMbu','Movie 47',379,'2022-04-18'),(437,2,6,'swXyTLtb','Movie 9',380,'2022-02-16'),(438,2,6,'UzDBVyvE','Movie 6',381,'2023-06-11'),(439,2,6,'XhsokmqN','Movie 9',382,'2023-05-14'),(440,2,6,'euJQAoBv','Movie 2',383,'2023-06-12'),(441,2,6,'JzuoqRPs','Movie 6',384,'2023-08-22'),(442,3,1,'OCjkYsSp','Movie 8',385,'2022-02-16'),(443,3,1,'RGrBsPoN','Movie 47',386,'2023-05-14'),(444,3,1,'OqULBwIu','Movie 6',387,'2022-04-18'),(445,3,1,'UNgKZexC','Movie 47',388,'2022-04-12'),(446,3,1,'GsZQeiOM','Movie 9',389,'2022-02-16'),(447,3,1,'jrkxDXip','Movie 32',390,'2023-05-14'),(448,3,1,'kMztKgZQ','Movie 32',391,'2022-04-12'),(449,3,1,'cisdjDAg','Movie 85',392,'2023-06-11'),(450,3,1,'sDXeHgTp','Movie 95',393,'2022-06-16'),(451,3,1,'xzUTXBwK','Movie 47',394,'2022-06-16'),(452,3,1,'pMKIGEQY','Movie 47',395,'2023-04-01'),(453,3,1,'hLNaOMQH','Movie 95',396,'2023-04-12'),(454,3,1,'rmTeiUld','Movie 2',397,'2022-04-18'),(455,3,1,'EaqrIQwL','Movie 9',398,'2023-04-19'),(456,3,1,'deZAvmqo','Movie 4',399,'2023-08-22'),(457,3,1,'GUvcujwS','Movie 47',400,'2022-02-16'),(458,3,1,'StkBDPOu','Movie 3',401,'2022-06-16'),(459,3,1,'suMyTBFS','Movie 1',402,'2023-06-16'),(460,3,1,'KlzFaXfH','Movie 10',403,'2023-06-12'),(461,3,1,'BPZAwyhV','Movie 85',404,'2023-04-01'),(462,3,1,'GKsEQUvA','Movie 6',405,'2023-04-19'),(463,3,1,'jxMXwvYe','Movie 32',406,'2022-02-16'),(464,3,1,'GQPzCvpw','Movie 32',407,'2022-04-18'),(465,3,1,'LphHEWZR','Movie 32',408,'2023-06-16'),(466,3,1,'YVRenWXb','Movie 3',409,'2022-04-12'),(467,3,1,'iKWJPovB','Movie 5',410,'2022-04-12'),(468,3,1,'LcfkBpRy','Movie 67',411,'2022-02-16'),(469,3,1,'pmXrawVv','Movie 4',412,'2023-06-12'),(470,3,1,'WwRQkCrp','Movie 6',413,'2023-08-22'),(471,3,1,'IosKkpvr','Movie 95',414,'2022-04-12'),(472,3,1,'wxtpzZYO','Movie 3',415,'2023-06-16'),(473,3,1,'bXiMfRBe','Movie 8',416,'2022-04-18'),(474,3,2,'teWmnCEr','Movie 10',417,'2022-04-12'),(475,3,2,'WwVDeTcq','Movie 32',418,'2023-05-14'),(476,3,2,'UHQVMBXx','Movie 95',419,'2022-04-12'),(477,3,2,'tGmdviaB','Movie 1',420,'2022-06-16'),(478,3,2,'dCEDnNOx','Movie 85',421,'2023-04-01'),(479,3,2,'fQFCvKVO','Movie 1',422,'2023-06-16'),(480,3,2,'WZfzoCEF','Movie 7',423,'2022-06-16'),(481,3,2,'UAEFbvrg','Movie 67',424,'2022-02-16'),(482,3,2,'vDRwjBpe','Movie 85',425,'2023-05-14'),(483,3,2,'FtpWxDwy','Movie 95',426,'2023-04-12'),(484,3,2,'LuKWwEop','Movie 85',427,'2022-02-16'),(485,3,2,'ObqwaeWI','Movie 2',428,'2023-06-12'),(486,3,2,'nqKPatCO','Movie 47',429,'2022-04-18'),(487,3,2,'ogAfixOv','Movie 2',430,'2023-06-12'),(488,3,2,'tmqCAaXe','Movie 47',431,'2023-04-19'),(489,3,2,'GjydWTsD','Movie 32',432,'2023-06-16'),(490,3,2,'DRHTvfcm','Movie 8',433,'2023-04-12'),(491,3,2,'qABLZDQu','Movie 8',434,'2023-04-19'),(492,3,2,'YLhFuBpG','Movie 2',435,'2023-05-14'),(493,3,2,'aRXlhLxW','Movie 4',436,'2023-06-16'),(494,3,2,'aNHhmcoQ','Movie 5',437,'2023-06-16'),(495,3,2,'SoMUQtNA','Movie 2',438,'2023-04-19'),(496,3,2,'DlsrQFgT','Movie 4',439,'2023-08-22'),(497,3,2,'BKOhCxls','Movie 4',440,'2022-02-16'),(498,3,2,'ioCGLlBq','Movie 8',441,'2022-04-18'),(499,3,2,'EFdNgbHi','Movie 3',442,'2022-04-18'),(500,3,2,'ABUdlmGD','Movie 67',443,'2022-04-12'),(501,3,2,'EfGZVcRC','Movie 32',444,'2022-04-18'),(502,3,2,'CuYMezLv','Movie 67',445,'2023-04-19'),(503,3,2,'RvqjwPxs','Movie 6',446,'2023-06-11'),(504,3,2,'EePtFJaq','Movie 8',447,'2023-04-19'),(505,3,2,'TfPcZSny','Movie 9',448,'2023-05-14'),(506,3,3,'qLJnFefy','Movie 5',449,'2023-06-12'),(507,3,3,'ukZglcOU','Movie 67',450,'2023-08-22'),(508,3,3,'wVBecylt','Movie 95',451,'2023-05-14'),(509,3,3,'xQpamokg','Movie 5',452,'2023-08-22'),(510,3,3,'hJRrYnMm','Movie 2',453,'2023-04-19'),(511,3,3,'hIYaxgzS','Movie 10',454,'2022-06-16'),(512,3,3,'BoxKcQRz','Movie 1',455,'2023-04-01'),(513,3,3,'zkCNjXVE','Movie 6',456,'2023-04-12'),(514,3,3,'AnZDUlVK','Movie 9',457,'2023-05-14'),(515,3,3,'jbPdAzty','Movie 3',458,'2023-06-16'),(516,3,3,'pSFjDRdQ','Movie 10',459,'2022-02-16'),(517,3,3,'qlmLoEyF','Movie 95',460,'2023-06-11'),(518,3,3,'TrfdoYCx','Movie 1',461,'2022-02-16'),(519,3,3,'vuyEcPjg','Movie 1',462,'2023-06-12'),(520,3,3,'bWMhgjDf','Movie 3',463,'2022-04-12'),(521,3,3,'AIvNbFZV','Movie 32',464,'2023-04-12'),(522,3,3,'ROsarbQD','Movie 47',465,'2023-05-14'),(523,3,3,'ULZcCiId','Movie 3',466,'2023-04-19'),(524,3,3,'RJYTcaMH','Movie 85',467,'2023-06-16'),(525,3,3,'iAHJYayN','Movie 9',468,'2023-04-01'),(526,3,3,'WVFICYvj','Movie 3',469,'2022-04-18'),(527,3,3,'pdghBQAs','Movie 85',470,'2023-05-14'),(528,3,3,'gTXDYnKF','Movie 32',471,'2022-02-16'),(529,3,3,'rbsveafV','Movie 4',472,'2023-04-12'),(530,3,3,'WTMFzqph','Movie 85',473,'2022-06-16'),(531,3,3,'AMnZxoEG','Movie 47',474,'2023-04-19'),(532,3,3,'aNnjvKxq','Movie 2',475,'2023-06-12'),(533,3,3,'BYrFIZja','Movie 32',476,'2023-06-16'),(534,3,3,'rEUMmWfs','Movie 7',477,'2023-04-01'),(535,3,3,'ylPuTOJi','Movie 2',478,'2023-06-11'),(536,3,3,'xZjSzAWq','Movie 1',479,'2023-06-12'),(537,3,3,'eoViwIYy','Movie 67',480,'2022-04-18'),(538,3,4,'jziCGcoe','Movie 32',481,'2022-06-16'),(539,3,4,'uDxjpGBZ','Movie 10',482,'2022-04-18'),(540,3,4,'TrPvFCuO','Movie 32',483,'2023-04-12'),(541,3,4,'fqsMEaGY','Movie 2',484,'2022-04-18'),(542,3,4,'TlpVJEyx','Movie 9',485,'2023-06-11'),(543,3,4,'lTNmfFqQ','Movie 5',486,'2023-08-22'),(544,3,4,'xLzRiEef','Movie 67',487,'2023-04-01'),(545,3,4,'pxhknXNQ','Movie 47',488,'2023-04-19'),(546,3,4,'ePFSJXMu','Movie 8',489,'2022-04-18'),(547,3,4,'nEpviNLr','Movie 1',490,'2023-05-14'),(548,3,4,'tQJOqPrZ','Movie 47',491,'2023-06-11'),(549,3,4,'DrHUxEtJ','Movie 1',492,'2022-04-12'),(550,3,4,'CfmQyucG','Movie 10',493,'2023-06-12'),(551,3,4,'XuqQjsKx','Movie 8',494,'2022-02-16'),(552,3,4,'XPwdQArO','Movie 4',495,'2023-06-11'),(553,3,4,'vQmDnKah','Movie 32',496,'2023-06-12'),(554,3,4,'eUMfkdQw','Movie 32',497,'2023-06-12'),(555,3,4,'RbDVnAEI','Movie 1',498,'2023-06-11'),(556,3,4,'cMqzklPm','Movie 5',499,'2023-04-12'),(557,3,4,'xGpHKNrP','Movie 8',500,'2022-04-12'),(558,3,4,'WzMpcgJE','Movie 85',501,'2023-06-12'),(559,3,4,'oflEOHPv','Movie 32',502,'2022-02-16'),(560,3,4,'xpOJmHAh','Movie 47',503,'2023-06-11'),(561,3,4,'SlskvTbX','Movie 95',504,'2022-04-18'),(562,3,4,'oFiQhspn','Movie 67',505,'2023-06-12'),(563,3,4,'RpECWYqu','Movie 95',506,'2023-06-12'),(564,3,4,'hRMLQSHc','Movie 85',507,'2023-05-14'),(565,3,4,'ybTZSGEs','Movie 3',508,'2023-06-12'),(566,3,4,'HaulpozW','Movie 9',509,'2022-02-16'),(567,3,4,'lQbiUvAZ','Movie 67',510,'2022-02-16'),(568,3,4,'jIhgCRuZ','Movie 6',511,'2023-04-19'),(569,3,4,'SQnrvyPG','Movie 2',512,'2023-06-12'),(570,3,5,'aWDILuMB','Movie 2',513,'2023-06-11'),(571,3,5,'tjxPYRTH','Movie 8',514,'2023-08-22'),(572,3,5,'NwpjAUGo','Movie 95',515,'2023-04-01'),(573,3,5,'rKtmWdRN','Movie 32',516,'2023-06-16'),(574,3,5,'jRfDdphi','Movie 4',517,'2023-06-12'),(575,3,5,'YDmMebQi','Movie 67',518,'2022-04-18'),(576,3,5,'NYAomLwP','Movie 4',519,'2022-06-16'),(577,3,5,'SpPhVGeu','Movie 2',520,'2022-04-12'),(578,3,5,'XgDvzRmH','Movie 32',521,'2022-02-16'),(579,3,5,'zpbsoLfZ','Movie 2',522,'2023-08-22'),(580,3,5,'pdrSQOuv','Movie 8',523,'2022-04-12'),(581,3,5,'kSEdNmUx','Movie 7',524,'2023-06-11'),(582,3,5,'aOyiIHAC','Movie 7',525,'2023-08-22'),(583,3,5,'wcxQSITa','Movie 4',526,'2023-06-12'),(584,3,5,'NguRzfSG','Movie 4',527,'2022-04-18'),(585,3,5,'MRSJgvhb','Movie 4',528,'2023-06-16'),(586,3,5,'DYdlgcJh','Movie 85',529,'2023-06-11'),(587,3,5,'IaDqjVuE','Movie 4',530,'2023-04-01'),(588,3,5,'AyxQlKMO','Movie 32',531,'2023-04-01'),(589,3,5,'ZlnLRawx','Movie 2',532,'2023-08-22'),(590,3,5,'QyVSOYfB','Movie 1',533,'2023-04-19'),(591,3,5,'pENyvsSR','Movie 67',534,'2023-04-12'),(592,3,5,'GisApfNO','Movie 10',535,'2022-04-12'),(593,3,5,'DcLlieyu','Movie 2',536,'2023-06-16'),(594,3,5,'pfObKSYu','Movie 9',537,'2023-06-12'),(595,3,5,'kQOHEjiT','Movie 3',538,'2023-06-12'),(596,3,5,'CeUJQKDW','Movie 32',539,'2022-04-12'),(597,3,5,'OdMEXNtA','Movie 8',540,'2023-06-16'),(598,3,5,'pPEUCoSq','Movie 95',541,'2023-04-01'),(599,3,5,'suLXpazn','Movie 85',542,'2023-06-12'),(600,3,5,'QVqdBpvn','Movie 8',543,'2023-05-14'),(601,3,5,'btgcGRFO','Movie 9',544,'2022-02-16'),(602,3,6,'DsjWLyJZ','Movie 3',545,'2023-05-14'),(603,3,6,'UEeNtpQD','Movie 5',546,'2023-04-01'),(604,3,6,'vUkPegKb','Movie 7',547,'2023-04-19'),(605,3,6,'TmEfyaPd','Movie 8',548,'2022-02-16'),(606,3,6,'MvOAhJxZ','Movie 2',549,'2022-04-18'),(607,3,6,'VgxFGCHp','Movie 95',550,'2022-04-12'),(608,3,6,'OuoertZa','Movie 85',551,'2022-04-18'),(609,3,6,'ViFRfODC','Movie 5',552,'2023-06-12'),(610,3,6,'TClZgmdN','Movie 6',553,'2023-06-12'),(611,3,6,'ZXkcouDH','Movie 1',554,'2023-06-11'),(612,3,6,'gmtVzCUs','Movie 2',555,'2023-05-14'),(613,3,6,'OPEZLBym','Movie 7',556,'2022-02-16'),(614,3,6,'QshnBOPW','Movie 6',557,'2023-06-12'),(615,3,6,'PwZYWQOs','Movie 4',558,'2023-06-16'),(616,3,6,'uFXrvBQN','Movie 10',559,'2023-06-12'),(617,3,6,'IByNevQG','Movie 4',560,'2023-04-19'),(618,3,6,'YBjnQHWT','Movie 67',561,'2022-02-16'),(619,3,6,'RefGqniB','Movie 4',562,'2023-04-01'),(620,3,6,'NPVpxavw','Movie 67',563,'2022-02-16'),(621,3,6,'AOJhfHiG','Movie 9',564,'2023-04-01'),(622,3,6,'lrbHhZyS','Movie 4',565,'2022-04-12'),(623,3,6,'CuYIozWZ','Movie 47',566,'2022-06-16'),(624,3,6,'lGoRTnpz','Movie 5',567,'2022-04-12'),(625,3,6,'HfZkruqS','Movie 5',568,'2022-06-16'),(626,3,6,'LqmJAhCo','Movie 32',569,'2023-06-12'),(627,3,6,'JlaMkAoS','Movie 5',570,'2023-05-14'),(628,3,6,'ABDeKzjQ','Movie 6',571,'2023-08-22'),(629,3,6,'gyPXawzl','Movie 5',572,'2022-02-16'),(630,3,6,'gbpANIYR','Movie 4',573,'2023-05-14'),(631,3,6,'fWHvnwQT','Movie 9',574,'2023-06-11'),(632,3,6,'aATCuvdD','Movie 1',575,'2023-04-01'),(633,3,6,'lyxdAYpE','Movie 47',576,'2022-02-16'),(634,4,1,'HNQPvlpa','Movie 47',577,'2023-04-12'),(635,4,1,'MGkwTqfN','Movie 67',578,'2023-04-12'),(636,4,1,'snLqVhFm','Movie 1',579,'2022-04-12'),(637,4,1,'RwEZmkxo','Movie 2',580,'2023-05-14'),(638,4,1,'DmIWHYRG','Movie 4',581,'2023-04-01'),(639,4,1,'TVnWPXeI','Movie 7',582,'2023-04-19'),(640,4,1,'yKXhDnOL','Movie 5',583,'2023-06-11'),(641,4,1,'pqoMPxkL','Movie 10',584,'2023-04-19'),(642,4,1,'HLCqoOGx','Movie 10',585,'2023-05-14'),(643,4,1,'cHebAXFg','Movie 67',586,'2023-08-22'),(644,4,1,'oOuyVjYm','Movie 85',587,'2022-04-18'),(645,4,1,'IFnRMjKY','Movie 95',588,'2022-06-16'),(646,4,1,'ioSskUHp','Movie 1',589,'2023-04-19'),(647,4,1,'AVapyOcM','Movie 2',590,'2022-04-18'),(648,4,1,'SbZLkzrT','Movie 85',591,'2022-04-18'),(649,4,1,'yRkHtNQu','Movie 3',592,'2023-08-22'),(650,4,1,'kGZuafFT','Movie 3',593,'2023-06-11'),(651,4,1,'QViJgBbX','Movie 6',594,'2023-06-16'),(652,4,1,'XCqZWbdk','Movie 9',595,'2023-04-19'),(653,4,1,'gfBTqljx','Movie 1',596,'2023-05-14'),(654,4,1,'CNrOdlGV','Movie 4',597,'2022-04-18'),(655,4,1,'wiUOCRjb','Movie 32',598,'2023-08-22'),(656,4,1,'SMtpwPsh','Movie 9',599,'2022-06-16'),(657,4,1,'eLiUOBbS','Movie 1',600,'2023-04-12'),(658,4,1,'RecrLgEC','Movie 9',601,'2023-08-22'),(659,4,1,'KdXSviFN','Movie 32',602,'2022-04-18'),(660,4,1,'miarCdOT','Movie 3',603,'2023-08-22'),(661,4,1,'QamzyncX','Movie 95',604,'2022-04-12'),(662,4,1,'bwtCJVHD','Movie 9',605,'2023-05-14'),(663,4,1,'rzskYIuc','Movie 85',606,'2023-04-01'),(664,4,1,'YOjTpSHa','Movie 85',607,'2023-04-19'),(665,4,1,'RdZAusUB','Movie 32',608,'2023-06-11'),(666,4,2,'seqOTwdM','Movie 8',609,'2023-05-14'),(667,4,2,'orxCJnEz','Movie 1',610,'2023-04-12'),(668,4,2,'HBzrXxEu','Movie 2',611,'2022-02-16'),(669,4,2,'rKtCwzRI','Movie 8',612,'2023-06-11'),(670,4,2,'oEmygJIf','Movie 6',613,'2023-04-01'),(671,4,2,'CTUYiRvS','Movie 8',614,'2023-04-12'),(672,4,2,'hBNXKMIa','Movie 2',615,'2022-06-16'),(673,4,2,'PFpIRAJo','Movie 95',616,'2022-02-16'),(674,4,2,'vnDeopkj','Movie 67',617,'2022-04-12'),(675,4,2,'siVufWak','Movie 6',618,'2023-06-16'),(676,4,2,'VjCqcuzB','Movie 5',619,'2023-06-16'),(677,4,2,'aqAFxQNn','Movie 9',620,'2023-06-12'),(678,4,2,'LlRGvpOX','Movie 5',621,'2023-04-01'),(679,4,2,'XCGoadeV','Movie 85',622,'2023-06-16'),(680,4,2,'OyZVanWF','Movie 2',623,'2023-04-01'),(681,4,2,'eufhZXjY','Movie 32',624,'2023-04-19'),(682,4,2,'SEWqoxHJ','Movie 6',625,'2023-06-11'),(683,4,2,'FvBpOsCV','Movie 6',626,'2022-04-12'),(684,4,2,'sWVQgolO','Movie 67',627,'2023-06-11'),(685,4,2,'oPiHzFMl','Movie 2',628,'2022-04-12'),(686,4,2,'bejgpkEh','Movie 9',629,'2023-04-12'),(687,4,2,'YilgRvWV','Movie 5',630,'2023-06-16'),(688,4,2,'sJoCmkyv','Movie 47',631,'2022-02-16'),(689,4,2,'FxlVTQpd','Movie 8',632,'2022-02-16'),(690,4,2,'jweCfzrm','Movie 85',633,'2022-04-18'),(691,4,2,'oLcsPrhJ','Movie 47',634,'2023-08-22'),(692,4,2,'lvHqzinh','Movie 2',635,'2023-06-16'),(693,4,2,'lrmLXjpu','Movie 4',636,'2022-02-16'),(694,4,2,'BDmzJiVX','Movie 85',637,'2022-04-12'),(695,4,2,'JPbsnUTI','Movie 32',638,'2023-04-19'),(696,4,2,'sEhGlotU','Movie 6',639,'2023-06-12'),(697,4,2,'tKoUTnfA','Movie 47',640,'2023-04-01'),(698,4,3,'iLNrqWbm','Movie 8',641,'2023-05-14'),(699,4,3,'zdfsNHJk','Movie 7',642,'2022-06-16'),(700,4,3,'zRpcXgdv','Movie 2',643,'2022-04-12'),(701,4,3,'LCxoNOIA','Movie 10',644,'2023-05-14'),(702,4,3,'lJHdKkiX','Movie 32',645,'2023-04-19'),(703,4,3,'cMWgxrUa','Movie 4',646,'2023-04-12'),(704,4,3,'ZVnJgzlR','Movie 10',647,'2022-06-16'),(705,4,3,'ZILtXhaB','Movie 3',648,'2023-04-19'),(706,4,3,'eRsqZbOI','Movie 9',649,'2023-04-12'),(707,4,3,'Tcvinzeb','Movie 2',650,'2023-06-11'),(708,4,3,'gweiCPqK','Movie 85',651,'2023-06-11'),(709,4,3,'yBVDnhfg','Movie 7',652,'2023-04-19'),(710,4,3,'EfSKuhAZ','Movie 7',653,'2022-04-12'),(711,4,3,'zgNoXYhL','Movie 2',654,'2023-04-19'),(712,4,3,'cPgRWnZX','Movie 3',655,'2023-08-22'),(713,4,3,'utzKRGcB','Movie 5',656,'2022-06-16'),(714,4,3,'kqEsRdiw','Movie 85',657,'2023-06-16'),(715,4,3,'EIgHJcNW','Movie 2',658,'2023-04-01'),(716,4,3,'xhDQUVLJ','Movie 95',659,'2023-04-12'),(717,4,3,'wYpSOjxc','Movie 4',660,'2023-06-12'),(718,4,3,'EifUrcst','Movie 47',661,'2022-06-16'),(719,4,3,'qZkAjBIa','Movie 10',662,'2023-08-22'),(720,4,3,'MwraUkRH','Movie 3',663,'2022-04-18'),(721,4,3,'LjUEcrwP','Movie 85',664,'2022-02-16'),(722,4,3,'KmkPYnEo','Movie 6',665,'2023-06-12'),(723,4,3,'WUtHfZeA','Movie 4',666,'2022-04-12'),(724,4,3,'JmanlHMi','Movie 85',667,'2023-04-01'),(725,4,3,'XFsbPxMz','Movie 2',668,'2022-02-16'),(726,4,3,'lOtTxipP','Movie 47',669,'2022-04-12'),(727,4,3,'jqdimfOQ','Movie 5',670,'2023-06-16'),(728,4,3,'SnqGPLvI','Movie 85',671,'2022-02-16'),(729,4,3,'XonSvEuM','Movie 7',672,'2023-06-12'),(730,4,4,'DUjhBdpS','Movie 95',673,'2023-04-19'),(731,4,4,'MNGvCiLp','Movie 5',674,'2023-08-22'),(732,4,4,'pzagKBSx','Movie 10',675,'2023-06-11'),(733,4,4,'oyHKXPwE','Movie 95',676,'2023-04-12'),(734,4,4,'CkzdEeQK','Movie 3',677,'2023-04-19'),(735,4,4,'QwqeNOyK','Movie 32',678,'2023-04-01'),(736,4,4,'jIMoUQbq','Movie 85',679,'2022-04-18'),(737,4,4,'IzvpNfwt','Movie 95',680,'2023-06-16'),(738,4,4,'axREKgAT','Movie 9',681,'2023-06-12'),(739,4,4,'jnrCHoQa','Movie 2',682,'2022-06-16'),(740,4,4,'cVeIjpMb','Movie 9',683,'2023-06-11'),(741,4,4,'zhEkdWwg','Movie 85',684,'2023-06-16'),(742,4,4,'vDtACQhz','Movie 32',685,'2023-04-01'),(743,4,4,'jkGVbazW','Movie 8',686,'2022-02-16'),(744,4,4,'EswGILpr','Movie 5',687,'2023-06-11'),(745,4,4,'TvVfUmto','Movie 95',688,'2022-04-18'),(746,4,4,'orCQHUEJ','Movie 85',689,'2023-08-22'),(747,4,4,'jnzKFALq','Movie 3',690,'2022-04-12'),(748,4,4,'lUZXPVzQ','Movie 32',691,'2023-06-16'),(749,4,4,'sVwDByaK','Movie 8',692,'2023-06-16'),(750,4,4,'brsvdzwZ','Movie 1',693,'2022-02-16'),(751,4,4,'cHZwqlgk','Movie 5',694,'2022-06-16'),(752,4,4,'XpRAhoqT','Movie 47',695,'2023-04-19'),(753,4,4,'yfuiMqdc','Movie 67',696,'2023-06-16'),(754,4,4,'mZvfheMW','Movie 95',697,'2023-04-12'),(755,4,4,'dNBxRLrU','Movie 95',698,'2023-06-11'),(756,4,4,'wdAIPxkN','Movie 3',699,'2023-04-01'),(757,4,4,'sIAVbyat','Movie 4',700,'2023-06-16'),(758,4,4,'PHzpqRug','Movie 8',701,'2022-04-18'),(759,4,4,'YXHtVWNj','Movie 95',702,'2023-05-14'),(760,4,4,'pKzlBgYE','Movie 4',703,'2023-04-01'),(761,4,4,'WMmFqNnI','Movie 8',704,'2023-06-12'),(762,4,5,'HqcfSlMu','Movie 6',705,'2023-05-14'),(763,4,5,'reKQuGPV','Movie 95',706,'2023-04-19'),(764,4,5,'oqnxkuWe','Movie 6',707,'2022-02-16'),(765,4,5,'vEaPHtkR','Movie 47',708,'2023-05-14'),(766,4,5,'gmstIxQn','Movie 1',709,'2023-06-12'),(767,4,5,'tzBIiHgj','Movie 7',710,'2023-06-12'),(768,4,5,'NiIkbtzl','Movie 5',711,'2023-04-19'),(769,4,5,'nRirVFQy','Movie 67',712,'2022-06-16'),(770,4,5,'JaLwlryp','Movie 9',713,'2022-04-18'),(771,4,5,'HvkiYyzx','Movie 9',714,'2023-06-11'),(772,4,5,'tTDsLENd','Movie 1',715,'2022-02-16'),(773,4,5,'UeBbOsCt','Movie 3',716,'2023-04-19'),(774,4,5,'RelWKFEf','Movie 32',717,'2022-02-16'),(775,4,5,'ewjJWNZa','Movie 3',718,'2023-06-11'),(776,4,5,'UKaxRdGl','Movie 8',719,'2023-06-12'),(777,4,5,'bTjNhtfI','Movie 4',720,'2022-04-18'),(778,4,5,'curTZmxO','Movie 95',721,'2022-06-16'),(779,4,5,'zeytrcSg','Movie 85',722,'2023-08-22'),(780,4,5,'ixFckBgX','Movie 95',723,'2022-04-18'),(781,4,5,'cwDsgmre','Movie 6',724,'2023-04-12'),(782,4,5,'nEacfmde','Movie 5',725,'2023-04-19'),(783,4,5,'rAJUjQPN','Movie 67',726,'2023-05-14'),(784,4,5,'ZVJTjoxq','Movie 6',727,'2023-06-11'),(785,4,5,'wDPyBOFS','Movie 95',728,'2022-06-16'),(786,4,5,'InkNtFcV','Movie 67',729,'2022-04-18'),(787,4,5,'VmSRHyql','Movie 95',730,'2023-06-16'),(788,4,5,'jmuRLhDz','Movie 32',731,'2023-04-12'),(789,4,5,'lGOFdBNz','Movie 2',732,'2023-04-12'),(790,4,5,'lqHIDUto','Movie 95',733,'2023-05-14'),(791,4,5,'brOVMKwW','Movie 85',734,'2023-06-16'),(792,4,5,'sroqDiNz','Movie 7',735,'2023-06-16'),(793,4,5,'EbouWkmC','Movie 4',736,'2022-06-16'),(794,4,6,'yfYWmiNs','Movie 1',737,'2022-06-16'),(795,4,6,'eTHUohYp','Movie 6',738,'2023-04-19'),(796,4,6,'ZzchGIRg','Movie 67',739,'2023-06-12'),(797,4,6,'MqIXTUHE','Movie 5',740,'2023-06-16'),(798,4,6,'fpuDmVUH','Movie 3',741,'2023-05-14'),(799,4,6,'IKZMCyud','Movie 4',742,'2022-06-16'),(800,4,6,'vGCWQbFo','Movie 95',743,'2022-04-18'),(801,4,6,'oXzkuaKd','Movie 6',744,'2023-04-01'),(802,4,6,'YMvEZxdc','Movie 4',745,'2023-05-14'),(803,4,6,'CTulPDpH','Movie 32',746,'2023-06-12'),(804,4,6,'NOQUfWtq','Movie 67',747,'2022-04-18'),(805,4,6,'XhlWgKsP','Movie 7',748,'2023-04-01'),(806,4,6,'mwiskDly','Movie 1',749,'2023-04-01'),(807,4,6,'uOhdosNi','Movie 85',750,'2023-08-22'),(808,4,6,'goTXzcOv','Movie 32',751,'2023-05-14'),(809,4,6,'BogINSMm','Movie 47',752,'2023-05-14'),(810,4,6,'IWscogrD','Movie 5',753,'2023-04-19'),(811,4,6,'gyzdFeml','Movie 8',754,'2023-08-22'),(812,4,6,'JDyWUsPv','Movie 6',755,'2023-04-19'),(813,4,6,'wxUdVqHK','Movie 8',756,'2023-04-01'),(814,4,6,'KhGEjuBT','Movie 32',757,'2022-02-16'),(815,4,6,'LtBDEOQX','Movie 95',758,'2023-04-12'),(816,4,6,'hyeJWQEf','Movie 32',759,'2022-02-16'),(817,4,6,'FyQHWrMk','Movie 32',760,'2023-04-01'),(818,4,6,'NIRlCgDm','Movie 7',761,'2022-02-16'),(819,4,6,'iZpKhnxj','Movie 85',762,'2022-06-16'),(820,4,6,'cXGQhYRK','Movie 32',763,'2023-04-01'),(821,4,6,'lOICXBgx','Movie 85',764,'2023-04-19'),(822,4,6,'ASolBgDs','Movie 4',765,'2023-04-01'),(823,4,6,'oScZjefH','Movie 7',766,'2023-08-22'),(824,4,6,'QlLbUkWi','Movie 5',767,'2022-04-18'),(825,4,6,'ZfogdKVx','Movie 10',768,'2023-08-22'),(826,5,1,'ifoDvczd','Movie 8',769,'2022-02-16'),(827,5,1,'KdhjqirJ','Movie 1',770,'2022-02-16'),(828,5,1,'kQFvXjGU','Movie 95',771,'2023-06-16'),(829,5,1,'tBclUKTh','Movie 8',772,'2023-06-16'),(830,5,1,'xByJinQD','Movie 8',773,'2023-05-14'),(831,5,1,'GBDEMPea','Movie 47',774,'2023-04-12'),(832,5,1,'nqZBaFXW','Movie 32',775,'2023-04-12'),(833,5,1,'rLcPMSly','Movie 47',776,'2022-02-16'),(834,5,1,'cNSBFYsp','Movie 32',777,'2022-04-12'),(835,5,1,'HxNCcXbi','Movie 85',778,'2022-04-18'),(836,5,1,'RIOPopVx','Movie 10',779,'2023-04-12'),(837,5,1,'ciGDuBrh','Movie 10',780,'2023-06-11'),(838,5,1,'JPbOmalR','Movie 6',781,'2022-04-18'),(839,5,1,'zEmUsplX','Movie 47',782,'2022-04-18'),(840,5,1,'VqdCWMwZ','Movie 32',783,'2023-04-01'),(841,5,1,'oZAuxmMR','Movie 67',784,'2023-06-11'),(842,5,1,'VKlBGaHj','Movie 32',785,'2023-06-16'),(843,5,1,'LUaAmfJt','Movie 7',786,'2023-06-11'),(844,5,1,'eFyIEgJR','Movie 4',787,'2023-06-11'),(845,5,1,'TqbnXwoE','Movie 1',788,'2023-08-22'),(846,5,1,'FUWZExIj','Movie 8',789,'2023-08-22'),(847,5,1,'xhPjCzIv','Movie 9',790,'2023-08-22'),(848,5,1,'AJUtLZXh','Movie 6',791,'2023-06-11'),(849,5,1,'wWyTMgtv','Movie 5',792,'2023-05-14'),(850,5,1,'hdCzfwmr','Movie 95',793,'2023-06-16'),(851,5,1,'mzMZvqrH','Movie 5',794,'2022-04-12'),(852,5,1,'pYRwivaQ','Movie 9',795,'2023-04-01'),(853,5,1,'exklfSgP','Movie 67',796,'2023-04-12'),(854,5,1,'pwvKQqdx','Movie 3',797,'2022-04-18'),(855,5,1,'HNRZudBw','Movie 8',798,'2023-08-22'),(856,5,1,'XTFJjENY','Movie 6',799,'2023-06-12'),(857,5,1,'AugPZQVR','Movie 47',800,'2023-05-14'),(858,5,2,'vtqOyRHe','Movie 6',801,'2023-05-14'),(859,5,2,'ZDNrbOgf','Movie 6',802,'2022-02-16'),(860,5,2,'POFRfEoh','Movie 8',803,'2022-04-12'),(861,5,2,'InBfpiFN','Movie 10',804,'2022-02-16'),(862,5,2,'XBrbwxdI','Movie 95',805,'2022-06-16'),(863,5,2,'LmRsZOlc','Movie 6',806,'2023-04-01'),(864,5,2,'kqIFAbmp','Movie 47',807,'2023-06-16'),(865,5,2,'okZLnXaK','Movie 95',808,'2022-06-16'),(866,5,2,'YGMLXFio','Movie 67',809,'2022-02-16'),(867,5,2,'CYiLPKVb','Movie 85',810,'2023-06-12'),(868,5,2,'XJdflnyI','Movie 4',811,'2023-06-12'),(869,5,2,'fIkahQup','Movie 2',812,'2023-06-11'),(870,5,2,'izhanycu','Movie 95',813,'2022-04-18'),(871,5,2,'MzbmWyJl','Movie 95',814,'2023-06-11'),(872,5,2,'QXrDCISy','Movie 32',815,'2022-06-16'),(873,5,2,'DgpPNUMR','Movie 1',816,'2023-08-22'),(874,5,2,'UqYTBZQO','Movie 9',817,'2022-04-18'),(875,5,2,'WDfQhkye','Movie 67',818,'2023-04-01'),(876,5,2,'DmSqBuGW','Movie 85',819,'2023-05-14'),(877,5,2,'OinZUNBK','Movie 95',820,'2023-06-12'),(878,5,2,'uyqTtNcb','Movie 5',821,'2023-04-01'),(879,5,2,'MiaTWjDs','Movie 3',822,'2022-04-12'),(880,5,2,'ZtHiLqxv','Movie 2',823,'2023-06-16'),(881,5,2,'gqznjmSD','Movie 2',824,'2022-02-16'),(882,5,2,'OFwXoiCj','Movie 85',825,'2022-04-18'),(883,5,2,'iEQrFNGW','Movie 1',826,'2023-05-14'),(884,5,2,'VDRlYtPz','Movie 67',827,'2023-06-16'),(885,5,2,'AtrlcGFn','Movie 2',828,'2022-04-12'),(886,5,2,'jsnwWdiB','Movie 4',829,'2023-06-11'),(887,5,2,'wGFPDtMr','Movie 8',830,'2022-04-18'),(888,5,2,'NgOrYfle','Movie 32',831,'2023-08-22'),(889,5,2,'UcCgOkXn','Movie 67',832,'2023-06-11'),(890,5,3,'JnNMpcse','Movie 67',833,'2023-06-16'),(891,5,3,'XUOkVdcv','Movie 4',834,'2022-06-16'),(892,5,3,'FnSbxuAv','Movie 95',835,'2023-06-11'),(893,5,3,'gDGQVNbS','Movie 10',836,'2023-08-22'),(894,5,3,'FPyQhWqr','Movie 4',837,'2022-02-16'),(895,5,3,'XmFbRDMo','Movie 1',838,'2023-04-19'),(896,5,3,'jcKQFBeV','Movie 6',839,'2022-04-18'),(897,5,3,'ocBaGNZV','Movie 2',840,'2022-02-16'),(898,5,3,'qOcAMzmY','Movie 6',841,'2023-04-19'),(899,5,3,'xsvtaJfd','Movie 3',842,'2022-04-18'),(900,5,3,'RinXPgWD','Movie 9',843,'2022-06-16'),(901,5,3,'GDPiRbcA','Movie 10',844,'2022-06-16'),(902,5,3,'pfFmCtIS','Movie 2',845,'2023-04-19'),(903,5,3,'XDqCmGhS','Movie 9',846,'2022-06-16'),(904,5,3,'FqpEAojk','Movie 6',847,'2023-06-16'),(905,5,3,'bBFxktdN','Movie 95',848,'2023-06-11'),(906,5,3,'xQosGvaC','Movie 95',849,'2023-04-12'),(907,5,3,'ToqrwdxP','Movie 32',850,'2023-04-12'),(908,5,3,'KeWRpwkx','Movie 85',851,'2022-02-16'),(909,5,3,'xiueDptZ','Movie 4',852,'2023-04-19'),(910,5,3,'ZNOLrTHs','Movie 9',853,'2023-06-16'),(911,5,3,'zlIacRXO','Movie 10',854,'2023-06-12'),(912,5,3,'jYQcRurK','Movie 7',855,'2023-04-01'),(913,5,3,'UacAnuXJ','Movie 3',856,'2023-06-12'),(914,5,3,'KNWuGEkj','Movie 5',857,'2023-04-12'),(915,5,3,'qIthgvjf','Movie 9',858,'2023-05-14'),(916,5,3,'lKCtxbHU','Movie 7',859,'2023-08-22'),(917,5,3,'OFSGmZNT','Movie 5',860,'2023-06-16'),(918,5,3,'WkPeZXgz','Movie 9',861,'2023-04-01'),(919,5,3,'XxVFQgly','Movie 9',862,'2023-05-14'),(920,5,3,'iEPCwtDF','Movie 67',863,'2023-08-22'),(921,5,3,'uyPSzjpQ','Movie 32',864,'2023-06-12'),(922,5,4,'frwPCgys','Movie 67',865,'2023-06-12'),(923,5,4,'cpEODRHT','Movie 10',866,'2023-06-11'),(924,5,4,'mZAVoBgb','Movie 8',867,'2023-04-01'),(925,5,4,'gVNSCrWA','Movie 32',868,'2022-04-12'),(926,5,4,'qrebaRwJ','Movie 5',869,'2022-04-18'),(927,5,4,'xXTdRSce','Movie 47',870,'2023-06-11'),(928,5,4,'AcnYLJCX','Movie 4',871,'2023-06-16'),(929,5,4,'kBJDxyFT','Movie 1',872,'2023-05-14'),(930,5,4,'asklpIhC','Movie 6',873,'2023-05-14'),(931,5,4,'wiNfxvlH','Movie 47',874,'2023-05-14'),(932,5,4,'VadKFgyQ','Movie 2',875,'2022-02-16'),(933,5,4,'glSFRosL','Movie 95',876,'2023-04-19'),(934,5,4,'fihwsxoK','Movie 85',877,'2023-05-14'),(935,5,4,'yhvAknVI','Movie 7',878,'2023-04-19'),(936,5,4,'RAvBgqFh','Movie 9',879,'2022-06-16'),(937,5,4,'zomCxIhJ','Movie 4',880,'2023-04-01'),(938,5,4,'EGieUmJX','Movie 7',881,'2023-04-12'),(939,5,4,'ecAUEyxR','Movie 95',882,'2023-04-01'),(940,5,4,'iOucQeMP','Movie 9',883,'2023-04-19'),(941,5,4,'CjATSZOb','Movie 4',884,'2022-02-16'),(942,5,4,'cQiHpDYX','Movie 67',885,'2023-04-12'),(943,5,4,'XeZalkLB','Movie 4',886,'2023-06-16'),(944,5,4,'vEZtkBTq','Movie 1',887,'2022-06-16'),(945,5,4,'OvlDoETQ','Movie 85',888,'2023-04-01'),(946,5,4,'SPQfTkdW','Movie 6',889,'2022-04-18'),(947,5,4,'ChmRcknN','Movie 2',890,'2022-04-18'),(948,5,4,'XDkSmGnK','Movie 4',891,'2023-04-01'),(949,5,4,'yDSnVKdY','Movie 1',892,'2022-02-16'),(950,5,4,'kUbJPAqo','Movie 32',893,'2022-04-18'),(951,5,4,'WJrOzNVR','Movie 67',894,'2023-06-16'),(952,5,4,'ovNFTVAm','Movie 10',895,'2023-06-12'),(953,5,4,'lTcZNdOq','Movie 4',896,'2022-04-18'),(954,5,5,'rEagxSFj','Movie 5',897,'2022-02-16'),(955,5,5,'AXIhVZED','Movie 1',898,'2023-06-12'),(956,5,5,'KIkpmghT','Movie 7',899,'2022-06-16'),(957,5,5,'oyqmEHgn','Movie 3',900,'2022-04-12'),(958,5,5,'jnUxagSl','Movie 95',901,'2022-04-12'),(959,5,5,'ymvNwjfH','Movie 6',902,'2023-06-16'),(960,5,5,'BUEfeNzq','Movie 7',903,'2023-05-14'),(961,5,5,'tduyCBVA','Movie 4',904,'2023-06-16'),(962,5,5,'vUgstYrq','Movie 1',905,'2023-06-11'),(963,5,5,'aqIWyZdz','Movie 6',906,'2023-05-14'),(964,5,5,'MumlJZEo','Movie 8',907,'2023-06-12'),(965,5,5,'CFArQgLY','Movie 2',908,'2023-08-22'),(966,5,5,'HhBfMDOZ','Movie 85',909,'2023-04-19'),(967,5,5,'ImuvMBlD','Movie 67',910,'2023-04-01'),(968,5,5,'eEXTODrM','Movie 67',911,'2023-05-14'),(969,5,5,'PbnvODQW','Movie 9',912,'2022-04-18'),(970,5,5,'qHkVMvOX','Movie 4',913,'2023-06-12'),(971,5,5,'kdSryGHe','Movie 2',914,'2022-06-16'),(972,5,5,'rXmvpePu','Movie 5',915,'2023-06-16'),(973,5,5,'zkQKRqxp','Movie 67',916,'2022-04-18'),(974,5,5,'IUJyoQLr','Movie 47',917,'2023-06-16'),(975,5,5,'wmNRpYBt','Movie 85',918,'2022-06-16'),(976,5,5,'uedWsitQ','Movie 10',919,'2022-02-16'),(977,5,5,'ifWelvym','Movie 95',920,'2022-04-12'),(978,5,5,'RdlnYoHV','Movie 7',921,'2023-06-12'),(979,5,5,'IfKjVUAC','Movie 85',922,'2022-06-16'),(980,5,5,'nvEbWNKc','Movie 67',923,'2023-04-19'),(981,5,5,'EpFAtwOP','Movie 1',924,'2023-06-16'),(982,5,5,'gIKcQvEF','Movie 32',925,'2022-06-16'),(983,5,5,'gxKPIouq','Movie 5',926,'2022-06-16'),(984,5,5,'UcKxIVto','Movie 10',927,'2023-04-19'),(985,5,5,'SxWVvcDe','Movie 3',928,'2023-06-16'),(986,5,6,'WRyFUQTx','Movie 9',929,'2023-04-19'),(987,5,6,'oUhaKvzR','Movie 47',930,'2023-04-19'),(988,5,6,'LQocGEzd','Movie 95',931,'2023-04-01'),(989,5,6,'PLORsxVc','Movie 3',932,'2023-06-11'),(990,5,6,'OytzUaNX','Movie 9',933,'2023-06-12'),(991,5,6,'BlXnOSWa','Movie 4',934,'2022-02-16'),(992,5,6,'YZlRfXBb','Movie 5',935,'2022-04-12'),(993,5,6,'nFyGZJMB','Movie 10',936,'2023-06-16'),(994,5,6,'UveJciKN','Movie 95',937,'2023-05-14'),(995,5,6,'LaijxPGy','Movie 3',938,'2023-06-16'),(996,5,6,'lUYTRbSt','Movie 85',939,'2023-04-01'),(997,5,6,'lscGMWHq','Movie 6',940,'2023-06-16'),(998,5,6,'lGThBrQC','Movie 6',941,'2023-04-19'),(999,5,6,'SeDMoHdC','Movie 6',942,'2023-08-22'),(1000,5,6,'ewmqXTbo','Movie 10',943,'2022-02-16'),(1001,5,6,'UsjRTdLH','Movie 47',944,'2022-06-16'),(1002,5,6,'DWJEcPRv','Movie 67',945,'2023-06-11'),(1003,5,6,'pKAaikSV','Movie 8',946,'2023-08-22'),(1004,5,6,'fJDgmVLI','Movie 85',947,'2023-05-14'),(1005,5,6,'iEvAVTxq','Movie 95',948,'2023-06-16'),(1006,5,6,'jMTvwPBD','Movie 8',949,'2023-06-11'),(1007,5,6,'xJIXGLOC','Movie 1',950,'2023-04-01'),(1008,5,6,'ChUSGYoq','Movie 4',951,'2023-04-01'),(1009,5,6,'WrtyanJK','Movie 8',952,'2023-04-01'),(1010,5,6,'AlHIaQtT','Movie 67',953,'2023-06-11'),(1011,5,6,'QEdIAaqD','Movie 7',954,'2022-02-16'),(1012,5,6,'CzuAJmeT','Movie 9',955,'2023-04-19'),(1013,5,6,'ufLOtKmQ','Movie 2',956,'2023-05-14'),(1014,5,6,'npYOaNtP','Movie 47',957,'2023-06-11'),(1015,5,6,'WtBGkZxm','Movie 2',958,'2022-04-18'),(1016,5,6,'YGjChOPX','Movie 7',959,'2023-06-12'),(1017,5,6,'IJNxDFXA','Movie 9',960,'2023-06-16'),(1018,6,1,'GtjNsdSY','Movie 9',961,'2021-04-16'),(1019,6,1,'bXHFEkhl','Movie 8',962,'2023-04-12'),(1020,6,1,'dhvYwQuA','Movie 3',963,'2022-06-16'),(1021,6,1,'ayOCznok','Movie 67',964,'2023-04-19'),(1022,6,1,'ZtUrOSTF','Movie 95',965,'2022-04-12'),(1023,6,1,'hrewzXuv','Movie 85',966,'2022-02-16'),(1024,6,1,'VFbsgPIO','Movie 95',967,'2023-04-01'),(1025,6,1,'zbSJfBMx','Movie 3',968,'2023-08-22'),(1026,6,1,'OANozpci','Movie 2',969,'2023-06-11'),(1027,6,1,'VuMSYXzt','Movie 85',970,'2023-04-19'),(1028,6,1,'MhAovgyI','Movie 85',971,'2023-04-01'),(1029,6,1,'LewHTDzI','Movie 1',972,'2023-06-11'),(1030,6,1,'ysFgRhxc','Movie 4',973,'2022-04-12'),(1031,6,1,'FHkxrKgm','Movie 5',974,'2022-04-12'),(1032,6,1,'MILBSahw','Movie 85',975,'2023-04-19'),(1033,6,1,'hBtLjleb','Movie 10',976,'2023-06-12'),(1034,6,1,'lzosbarG','Movie 2',977,'2023-08-22'),(1035,6,1,'rETzPlhV','Movie 5',978,'2023-04-19'),(1036,6,1,'XrHvuRfl','Movie 6',979,'2023-04-12'),(1037,6,1,'GEbPToBL','Movie 1',980,'2023-04-19'),(1038,6,1,'ydqsBZfh','Movie 3',981,'2023-06-16'),(1039,6,1,'QUrkMbTH','Movie 1',982,'2022-04-12'),(1040,6,1,'eQEWmGUn','Movie 47',983,'2023-06-12'),(1041,6,1,'wSFdvoUV','Movie 5',984,'2023-05-14'),(1042,6,1,'FzQitaXb','Movie 4',985,'2023-08-22'),(1043,6,1,'LdiStpKs','Movie 9',986,'2023-06-16'),(1044,6,1,'FSCeEDgn','Movie 47',987,'2022-06-16'),(1045,6,1,'BEmeVMlg','Movie 85',988,'2022-02-16'),(1046,6,1,'jYgJFEhq','Movie 7',989,'2023-06-12'),(1047,6,1,'DmPvayHR','Movie 7',990,'2023-04-12'),(1048,6,1,'whPexmZF','Movie 2',991,'2022-02-16'),(1049,6,1,'WjsSUmCE','Movie 7',992,'2022-02-16'),(1050,6,2,'uqpgRXPl','Movie 32',993,'2023-06-11'),(1051,6,2,'bajHpyXG','Movie 4',994,'2022-04-18'),(1052,6,2,'sdoIrvcD','Movie 10',995,'2023-04-12'),(1053,6,2,'xBJkyEXV','Movie 32',996,'2023-05-14'),(1054,6,2,'jqgKCvxW','Movie 7',997,'2023-04-19'),(1055,6,2,'EtMgUjdr','Movie 8',998,'2022-04-12'),(1056,6,2,'QGChXpSM','Movie 2',999,'2023-04-12'),(1057,6,2,'WpAhvEXs','Movie 5',1000,'2022-04-12'),(1058,6,2,'KAWIrqUX','Movie 10',1001,'2023-04-19'),(1059,6,2,'goupFBAV','Movie 9',1002,'2023-06-16'),(1060,6,2,'zYKAiVBy','Movie 4',1003,'2023-06-16'),(1061,6,2,'qkicYTeO','Movie 1',1004,'2023-06-12'),(1062,6,2,'qxyUWzSE','Movie 5',1005,'2022-04-12'),(1063,6,2,'ahCMzIon','Movie 32',1006,'2023-04-01'),(1064,6,2,'GIAxadjZ','Movie 85',1007,'2023-08-22'),(1065,6,2,'LjWkarqV','Movie 47',1008,'2022-06-16'),(1066,6,2,'AeqBunYy','Movie 8',1009,'2022-06-16'),(1067,6,2,'OnqtdUbr','Movie 8',1010,'2023-06-11'),(1068,6,2,'eCTPbaZy','Movie 47',1011,'2022-04-12'),(1069,6,2,'zvqrodhc','Movie 9',1012,'2023-08-22'),(1070,6,2,'kIcZPEYA','Movie 5',1013,'2022-04-12'),(1071,6,2,'OYVXbEvc','Movie 47',1014,'2023-04-19'),(1072,6,2,'lnPsQkmu','Movie 5',1015,'2022-02-16'),(1073,6,2,'JieHAjbS','Movie 10',1016,'2022-06-16'),(1074,6,2,'XAafZEyq','Movie 32',1017,'2022-06-16'),(1075,6,2,'NdQmPDvc','Movie 5',1018,'2023-08-22'),(1076,6,2,'zBIShHdc','Movie 10',1019,'2022-04-18'),(1077,6,2,'PINFWqSR','Movie 3',1020,'2023-06-16'),(1078,6,2,'PzhvcxOD','Movie 6',1021,'2023-04-12'),(1079,6,2,'NAptvGki','Movie 47',1022,'2023-06-16'),(1080,6,2,'TQFJzCEx','Movie 32',1023,'2022-04-12'),(1081,6,2,'gtDJFuva','Movie 4',1024,'2023-04-19'),(1082,6,3,'cKFGpBTY','Movie 32',1025,'2023-04-19'),(1083,6,3,'tHkxqpiS','Movie 47',1026,'2022-04-12'),(1084,6,3,'qDECJMeo','Movie 9',1027,'2023-06-12'),(1085,6,3,'OofnRpxc','Movie 7',1028,'2023-04-01'),(1086,6,3,'JKSANZgi','Movie 9',1029,'2023-08-22'),(1087,6,3,'fWxRDjyp','Movie 95',1030,'2023-08-22'),(1088,6,3,'cPDixCTN','Movie 9',1031,'2023-05-14'),(1089,6,3,'nZhTUjio','Movie 3',1032,'2023-06-16'),(1090,6,3,'qaRzHpkK','Movie 9',1033,'2022-04-18'),(1091,6,3,'qBmILZHd','Movie 4',1034,'2022-04-18'),(1092,6,3,'gcBRpAys','Movie 95',1035,'2022-02-16'),(1093,6,3,'OQbsfZTc','Movie 8',1036,'2022-04-18'),(1094,6,3,'JnkiMtAW','Movie 32',1037,'2023-05-14'),(1095,6,3,'ORSBAaTH','Movie 67',1038,'2023-08-22'),(1096,6,3,'JjAvVsPF','Movie 95',1039,'2023-04-19'),(1097,6,3,'fiusyNrj','Movie 7',1040,'2023-04-19'),(1098,6,3,'UxIEgnhS','Movie 85',1041,'2023-04-12'),(1099,6,3,'oiHSXBxN','Movie 4',1042,'2023-08-22'),(1100,6,3,'flUvmnoQ','Movie 85',1043,'2023-08-22'),(1101,6,3,'fmkpUPwe','Movie 5',1044,'2022-04-18'),(1102,6,3,'nSjNKaio','Movie 47',1045,'2023-06-12'),(1103,6,3,'YrKxiXpZ','Movie 47',1046,'2023-04-19'),(1104,6,3,'NdGQCcaU','Movie 32',1047,'2023-04-12'),(1105,6,3,'drVUmbet','Movie 3',1048,'2022-04-18'),(1106,6,3,'UGtuSlFZ','Movie 6',1049,'2023-04-12'),(1107,6,3,'CJwotcZi','Movie 95',1050,'2022-04-18'),(1108,6,3,'jGTFHXgm','Movie 32',1051,'2023-06-16'),(1109,6,3,'lizsMhIK','Movie 9',1052,'2023-04-19'),(1110,6,3,'KkxptlJe','Movie 95',1053,'2023-06-12'),(1111,6,3,'AfhJiNMH','Movie 10',1054,'2022-04-12'),(1112,6,3,'qLAJQOjE','Movie 3',1055,'2023-06-12'),(1113,6,3,'nbFUwpuC','Movie 5',1056,'2023-06-16'),(1114,6,4,'wjxbalFE','Movie 6',1057,'2022-06-16'),(1115,6,4,'WruxqMsK','Movie 5',1058,'2022-04-18'),(1116,6,4,'hWUYmdxX','Movie 5',1059,'2023-04-12'),(1117,6,4,'oeupNWzQ','Movie 5',1060,'2023-08-22'),(1118,6,4,'PZzxVFtc','Movie 8',1061,'2022-02-16'),(1119,6,4,'SoOHeqIa','Movie 9',1062,'2023-05-14'),(1120,6,4,'gYZLeaIV','Movie 7',1063,'2023-04-19'),(1121,6,4,'kbEHFTDg','Movie 6',1064,'2023-08-22'),(1122,6,4,'XYMeKjNq','Movie 10',1065,'2023-06-12'),(1123,6,4,'WiAcVkle','Movie 95',1066,'2022-04-18'),(1124,6,4,'OkpvWLRq','Movie 8',1067,'2023-06-12'),(1125,6,4,'nlGigwBP','Movie 7',1068,'2022-04-12'),(1126,6,4,'LgTyEaRM','Movie 6',1069,'2023-04-12'),(1127,6,4,'xRDczfaL','Movie 67',1070,'2023-08-22'),(1128,6,4,'nxZNIulv','Movie 5',1071,'2022-04-12'),(1129,6,4,'OEHJoMcI','Movie 8',1072,'2023-06-16'),(1130,6,4,'tgLMkBhi','Movie 4',1073,'2023-04-19'),(1131,6,4,'NFvblWhy','Movie 3',1074,'2023-08-22'),(1132,6,4,'PjCBdfRt','Movie 1',1075,'2022-06-16'),(1133,6,4,'dceswVMR','Movie 4',1076,'2023-05-14'),(1134,6,4,'cnAvmGbK','Movie 9',1077,'2023-04-01'),(1135,6,4,'tPgBFnhm','Movie 3',1078,'2022-06-16'),(1136,6,4,'iFYGXUsz','Movie 67',1079,'2022-06-16'),(1137,6,4,'XhxLyGtH','Movie 3',1080,'2022-06-16'),(1138,6,4,'negOWrBm','Movie 67',1081,'2023-05-14'),(1139,6,4,'DmXQAYWg','Movie 9',1082,'2023-05-14'),(1140,6,4,'vJorGmZY','Movie 85',1083,'2022-04-18'),(1141,6,4,'BgdUomRO','Movie 10',1084,'2023-08-22'),(1142,6,4,'hxkiJpyY','Movie 85',1085,'2023-06-16'),(1143,6,4,'SwoJceFm','Movie 47',1086,'2023-04-01'),(1144,6,4,'iSTLhMsm','Movie 6',1087,'2023-06-11'),(1145,6,4,'BVoSweQn','Movie 9',1088,'2022-06-16'),(1146,6,5,'OEKtrYPx','Movie 10',1089,'2023-08-22'),(1147,6,5,'FcmTyHsf','Movie 1',1090,'2023-04-12'),(1148,6,5,'XbLqxRwl','Movie 1',1091,'2023-08-22'),(1149,6,5,'gHIFXfLU','Movie 1',1092,'2023-05-14'),(1150,6,5,'IMWeoAja','Movie 1',1093,'2022-04-18'),(1151,6,5,'VGxwETfu','Movie 95',1094,'2023-05-14'),(1152,6,5,'DXsenhfC','Movie 3',1095,'2023-06-12'),(1153,6,5,'wziYMAoV','Movie 95',1096,'2022-04-18'),(1154,6,5,'OvSpqnah','Movie 8',1097,'2023-04-01'),(1155,6,5,'gCVMlYAd','Movie 85',1098,'2023-06-16'),(1156,6,5,'yocXCbgD','Movie 85',1099,'2022-02-16'),(1157,6,5,'yawjnPvZ','Movie 95',1100,'2022-04-12'),(1158,6,5,'KzkCbXQJ','Movie 5',1101,'2023-04-12'),(1159,6,5,'amWJhBRb','Movie 95',1102,'2023-08-22'),(1160,6,5,'slPQnxaV','Movie 8',1103,'2022-04-18'),(1161,6,5,'UJOmRBFn','Movie 9',1104,'2023-06-12'),(1162,6,5,'CNPFLJYG','Movie 2',1105,'2023-05-14'),(1163,6,5,'GHEQbnzX','Movie 8',1106,'2023-04-12'),(1164,6,5,'rSAgPqRl','Movie 32',1107,'2023-06-16'),(1165,6,5,'CwOubqQp','Movie 2',1108,'2022-04-12'),(1166,6,5,'bJliUGaq','Movie 2',1109,'2022-06-16'),(1167,6,5,'ozaXFJpD','Movie 9',1110,'2023-06-16'),(1168,6,5,'xVvICQRB','Movie 5',1111,'2022-02-16'),(1169,6,5,'PtVCbcLY','Movie 67',1112,'2023-04-12'),(1170,6,5,'SMQdVrDJ','Movie 4',1113,'2023-05-14'),(1171,6,5,'FwQRZgzu','Movie 4',1114,'2022-06-16'),(1172,6,5,'oDpvyPRM','Movie 2',1115,'2023-04-12'),(1173,6,5,'QSfxOvas','Movie 32',1116,'2023-06-12'),(1174,6,5,'lsOxVHTe','Movie 85',1117,'2023-06-11'),(1175,6,5,'QJTVxIlr','Movie 8',1118,'2023-04-01'),(1176,6,5,'UfDxlXsg','Movie 2',1119,'2023-08-22'),(1177,6,5,'oGDwAJvV','Movie 8',1120,'2023-04-12'),(1178,6,6,'ZyBHPjTC','Movie 9',1121,'2023-05-14'),(1179,6,6,'ZaVebhCk','Movie 85',1122,'2023-06-16'),(1180,6,6,'crQNdAZE','Movie 1',1123,'2022-02-16'),(1181,6,6,'AztmpkBW','Movie 9',1124,'2023-06-11'),(1182,6,6,'JTiWhrcf','Movie 9',1125,'2023-06-12'),(1183,6,6,'wJdPNmoi','Movie 32',1126,'2022-04-12'),(1184,6,6,'axhWUfOz','Movie 9',1127,'2023-06-12'),(1185,6,6,'dRwKbIiZ','Movie 4',1128,'2023-06-12'),(1186,6,6,'mnlbLuvA','Movie 67',1129,'2023-06-16'),(1187,6,6,'kpKaJLyM','Movie 4',1130,'2023-06-12'),(1188,6,6,'oRFNMtBZ','Movie 32',1131,'2023-05-14'),(1189,6,6,'hIVvxKXH','Movie 1',1132,'2023-04-19'),(1190,6,6,'SXJMoZLU','Movie 5',1133,'2023-05-14'),(1191,6,6,'rJKkWtlz','Movie 32',1134,'2022-04-18'),(1192,6,6,'BgEsVlPw','Movie 7',1135,'2022-02-16'),(1193,6,6,'FPTKfwVj','Movie 95',1136,'2023-04-12'),(1194,6,6,'wyKfRlDn','Movie 9',1137,'2022-06-16'),(1195,6,6,'BPwcJzTs','Movie 9',1138,'2023-06-12'),(1196,6,6,'yeABHncV','Movie 4',1139,'2022-04-12'),(1197,6,6,'mlZqtrKu','Movie 67',1140,'2023-08-22'),(1198,6,6,'brRJpsuy','Movie 67',1141,'2023-04-19'),(1199,6,6,'PICVrKXa','Movie 4',1142,'2023-06-16'),(1200,6,6,'ZXjaREHu','Movie 5',1143,'2022-04-12'),(1201,6,6,'RGvCdzQI','Movie 9',1144,'2022-06-16'),(1202,6,6,'CHfabcyj','Movie 4',1145,'2023-04-01'),(1203,6,6,'CBvsOyPG','Movie 1',1146,'2023-06-16'),(1204,6,6,'fDUmYXRn','Movie 8',1147,'2023-06-11'),(1205,6,6,'WrHGDpku','Movie 8',1148,'2022-04-12'),(1206,6,6,'tTbemhKL','Movie 32',1149,'2022-06-16'),(1207,6,6,'gOxNWtpD','Movie 6',1150,'2023-06-11'),(1208,6,6,'sqyVrOxS','Movie 47',1151,'2022-04-12'),(1209,6,6,'BsHTiRng','Movie 67',1152,'2023-06-11'),(5555,6,1,'kruXzxvj','Movie 9',961,'2023-04-19');
/*!40000 ALTER TABLE `tickets` ENABLE KEYS */;
UNLOCK TABLES;

--
-- Table structure for table `workers`
--

DROP TABLE IF EXISTS `workers`;
/*!40101 SET @saved_cs_client     = @@character_set_client */;
/*!50503 SET character_set_client = utf8mb4 */;
CREATE TABLE `workers` (
  `i_d` int NOT NULL,
  `cinema_id` int NOT NULL,
  `first_name` varchar(20) COLLATE utf8mb3_unicode_ci NOT NULL,
  `last_name` varchar(20) COLLATE utf8mb3_unicode_ci NOT NULL,
  `phone_number` varchar(20) COLLATE utf8mb3_unicode_ci NOT NULL,
  `address` varchar(20) COLLATE utf8mb3_unicode_ci NOT NULL,
  `year_of_birth` int NOT NULL,
  PRIMARY KEY (`i_d`,`cinema_id`),
  KEY `cinema_id` (`cinema_id`),
  CONSTRAINT `workers_ibfk_1` FOREIGN KEY (`cinema_id`) REFERENCES `cinemas` (`cinema_id`)
) ENGINE=InnoDB DEFAULT CHARSET=utf8mb3 COLLATE=utf8mb3_unicode_ci;
/*!40101 SET character_set_client = @saved_cs_client */;

--
-- Dumping data for table `workers`
--

LOCK TABLES `workers` WRITE;
/*!40000 ALTER TABLE `workers` DISABLE KEYS */;
INSERT INTO `workers` VALUES (0,6,'jh','gfdh','45','dghh',1520),(111,22,'rd','dr','rd','rd',1450),(2222,6,'gdf','dfg','dg','dgf',1520),(2222,9,'dsf','dg','dg','dfg',1520),(2222,12,'ee','ee','ee','ee',1520),(44444,12,'qqqqq','qqqqqqq','qqqqqqq','qqqqqqqq',1990),(65432,5,'rr','rr','rr','rr',1520),(546444,12,'John','Doe','1234567890','123 Main St',1990),(5555555,11,'jolh','gyjk','gkhjk','hjkljl',1550),(100272768,5,'Hank','Durning','050-1653801','21 Mena Road',1953),(100467229,12,'Mira','Def','050-1977825','48 Himmelman Road',1949),(100630347,1,'Jody','Melvin','050-1843079','48 Stamp Road',1982),(101290778,5,'Davey','Davies','050-1670176','75 Buffalo Drive',1966),(101860394,12,'Pelvic','Moorer','050-1173751','38 Wheel Road',1966),(101894796,4,'Ray','Harnes','050-1916848','21 Whitford Road',1963),(101942825,5,'Catherine','Howard','050-1275651','58 Mobile Road',1957),(102283663,5,'Leo','Sobieski','050-1813723','83rd Street',1944),(102526202,11,'Brooke','Soul','050-1260586','645 Cox Street',1988),(102526202,12,'Brooke','Soul','050-1260586','645 Cox Street',1988),(103050860,1,'Paul','Akins','050-1674549','5 Bandy Blvd',1943),(103050860,3,'Paul','Akins','050-1674549','5 Bandy Blvd',1943),(103062579,4,'Beth','Armstrong','050-1641470','94 Whitwam Road',1955),(103091739,1,'Hex','James','050-1348136','967 Quatro Street',1999),(103091739,3,'Hex','James','050-1348136','967 Quatro Street',1999),(103091739,15,'Hex','James','050-1348136','967 Quatro Street',1999),(103129319,5,'Cheech','Haslam','050-1166368','42nd Street',1947),(103250042,4,'Judi','Hawkins','050-1438163','71 McElhone Blvd',1999),(103462691,12,'Johnny','Davidtz','050-1260365','406 Nicosia Road',1977),(103779020,12,'Andy','Barkin','050-1678122','53 Lynskey Ave',1992),(104075848,5,'Richard','Conroy','050-1262886','597 Connick Street',1957),(104258972,1,'Lance','Sevigny','050-1843054','100 Eddie Ave',1969),(104559329,3,'Diane','Sinise','050-1932099','396 Patricia Ave',1941),(104559329,9,'Diane','Sinise','050-1932099','396 Patricia Ave',1941),(104559329,16,'Diane','Sinise','050-1932099','396 Patricia Ave',1941),(104565695,5,'Freddy','Kahn','050-1368558','99 Burton Drive',1999),(104690906,5,'Julie','Griffith','050-1527432','51st Street',1984),(104945224,12,'Cyndi','Wariner','050-1928684','77 Mewes Drive',1966),(105132654,5,'Tia','Keener','050-1636562','99 Marburg Drive',1970),(105132654,19,'Tia','Keener','050-1636562','99 Marburg Drive',1970),(105277041,4,'Steven','Williamson','050-1721374','42 Bachman Road',1943),(105531205,5,'Elisabeth','Khan','050-1109165','1 Altamonte Springs ',1986),(105600276,12,'Vivica','Parish','050-1460504','66 Bebe Road',1972),(105641047,1,'Jon','Gary','050-1962176','55 Uggams Street',1954),(105641047,13,'Jon','Gary','050-1962176','55 Uggams Street',1954),(106050297,5,'Minnie','Dench','050-1960361','51 Jakarta Street',1948),(106050297,16,'Minnie','Dench','050-1960361','51 Jakarta Street',1948),(106655976,19,'Uma','Winger','050-1820522','8 Keeslar',1985),(106666750,5,'Gwyneth','Laws','050-1726371','71st Street',1985),(107042199,5,'Emilio','McLean','050-1897692','94 Howie Road',1944),(107208918,5,'Amanda','Mars','050-1643334','833 Ronnie Street',1997),(107278939,5,'Kid','Osborne','050-1421715','60 Mechelen Street',1944),(107344196,5,'Tamala','Armatrading','050-1824821','54 MacLachlan Road',1992),(108397907,5,'Terrence','Winslet','050-1835945','22 Goldwyn Ave',1992),(108641553,3,'Daniel','Spader','050-1398922','82 Edmunds Road',1966),(108792556,5,'Holland','Arjona','050-1846602','20 Chur Road',1958),(108792556,11,'Holland','Arjona','050-1846602','20 Chur Road',1958),(109036546,5,'Rebecca','Lillard','050-1357823','8 Benbrook Blvd',1957),(109273298,1,'King','Balk','050-1921155','27 Colon Drive',1953),(109538436,1,'Clea','Sheen','050-1768473','60 Mitchell Street',1984),(109831722,5,'Maura','Englund','050-1491694','19 Jimmie Drive',1967),(109831781,13,'Jeanne','Thomas','050-1667439','395 Wang Street',1959),(109831781,19,'Jeanne','Thomas','050-1667439','395 Wang Street',1959),(110333153,9,'Jean-Luc','Neill','050-1372360','49 Emmett Blvd',1988),(110584043,9,'Vendetta','McGovern','050-1458268','587 Mac Drive',1969),(110584043,10,'Vendetta','McGovern','050-1458268','587 Mac Drive',1969),(110806129,9,'Tanya','Wen','050-1170241','59 Levy Street',1947),(110889911,9,'Maceo','Mazar','050-1026200','8 Morris Drive',1994),(111127685,12,'Micky','Miles','050-1537109','15 Carrey Drive',1950),(111210405,4,'Sissy','Lerner','050-1840239','379 Garber Street',1964),(111355941,9,'Toni','Reiner','050-1901615','70 Milsap Drive',2000),(111462871,1,'Johnnie','Craven','050-1253897','91 McGovern Ave',1950),(111521430,4,'Kirsten','Berkley','050-1248846','36 Sweet Road',1991),(111521430,17,'Kirsten','Berkley','050-1248846','36 Sweet Road',1991),(111731496,1,'Kitty','Henstridge','050-1251282','90 McGregor',1963),(111839570,1,'Arnold','Melvin','050-1335520','45 McCain Street',1979),(111951402,2,'Robby','Pearce','050-1639880','72 Paquin Street',1953),(111951402,4,'Robby','Pearce','050-1639880','72 Paquin Street',1953),(111963866,9,'Garth','Cash','050-1697941','23 Merrill Drive',1968),(112015363,9,'Cary','Scott','050-1224221','11 Oro Blvd',1951),(112015363,20,'Cary','Scott','050-1224221','11 Oro Blvd',1951),(112047519,3,'Morris','Michael','050-1520758','83rd Street',1963),(112286232,9,'Terri','Hatchet','050-1122234','668 Buffy Ave',1955),(112412134,9,'Bobbi','Brock','050-1821829','100 Mulroney Street',1967),(112509010,9,'Terri','Kattan','050-1284946','60 Clinton Road',1998),(112509091,4,'Elias','Savage','050-1020593','51st Street',1968),(112728706,9,'Ernie','Polley','050-1312692','73rd Street',1970),(113295870,9,'Ramsey','Newton','050-1132100','77 Stiles Blvd',1947),(113318226,9,'Famke','Luongo','050-1369466','17 Waco Street',1983),(113445111,1,'Isaiah','Black','050-1867337','27 Lydia Road',1975),(113740853,9,'Ann','Tomlin','050-1331053','70 Charleston Road',1972),(114124750,3,'Chant','Caine','050-1615047','72 Arnold Street',1955),(114147711,1,'Gabrielle','Dysart','050-1471479','70 Carlisle Blvd',1964),(114166987,3,'Miguel','Lennix','050-1519436','31 Sanders Road',1967),(114166987,4,'Miguel','Lennix','050-1519436','31 Sanders Road',1967),(114190298,9,'Saul','Phillips','050-1549814','19 Geoff Road',1975),(114486404,9,'Ned','Posener','050-1576120','6 Schreiber Road',1996),(114599378,1,'Antonio','Dickinson','050-1815463','58 Curt Street',1993),(114759049,12,'Randall','Beatty','050-1104522','67 Balaban Street',1944),(114759049,13,'Randall','Beatty','050-1104522','67 Balaban Street',1944),(114796389,9,'Nils','Perrineau','050-1305599','32nd Street',1998),(114898671,9,'Debby','McFadden','050-1966802','164 Keaton Road',1963),(114923740,4,'Jonny Lee','Gellar','050-1904335','64 Avenged Road',1991),(114956485,1,'Kirsten','Christie','050-1054733','98 Doncaster Road',1998),(114987476,3,'Gary','Amos','050-1703642','5 Lucas Street',1943),(115104813,13,'Danny','Heston','050-1319790','596 Barbara Road',1968),(115245986,13,'Rhea','Owen','050-1627801','5 Regensburg Road',1964),(115522920,4,'Carlos','Oates','050-1466540','49 South Weber Ave',1947),(115636828,3,'Mitchell','Oakenfold','050-1135588','52nd Street',1962),(115647143,13,'John','Geldof','050-1174590','13 Heche Road',1955),(115966682,12,'Cyndi','Paul','050-1065938','60 Cartlidge Road',1981),(116162464,4,'Eddie','Holy','050-1161821','84 Askew Road',1995),(116162464,13,'Eddie','Holy','050-1161821','84 Askew Road',1995),(116242955,9,'Gloria','Guinness','050-1561660','88 Melbourne Road',1961),(116242955,13,'Gloria','Guinness','050-1561660','88 Melbourne Road',1961),(116242955,18,'Gloria','Guinness','050-1561660','88 Melbourne Road',1961),(116409344,4,'Albert','Costa','050-1779083','43rd Street',1947),(116487325,1,'Cloris','Crimson','050-1883850','92nd Street',1976),(116487325,8,'Cloris','Crimson','050-1883850','92nd Street',1976),(116552092,4,'Goran','Playboys','050-1339610','39 Hopper Ave',1996),(116552092,20,'Goran','Playboys','050-1339610','39 Hopper Ave',1996),(116653791,13,'Dylan','Bandy','050-1560932','29 Cronin Drive',1945),(116788967,13,'Domingo','Kurtz','050-1208303','736 Monterey Road',1974),(117032907,12,'Alana','Hidalgo','050-1696133','81 Morrison Street',1972),(117150684,13,'Curt','Neville','050-1209011','68 Thorton Ave',1982),(117254707,1,'Johnnie','Barrymore','050-1618974','11 Bacharach Street',2000),(117254707,3,'Johnnie','Barrymore','050-1618974','11 Bacharach Street',2000),(117342424,12,'Geggy','Fox','050-1939872','353 Paderborn Street',1942),(117549518,8,'Molly','Wayans','050-1010637','23 Crete',1967),(117549518,13,'Molly','Wayans','050-1010637','23 Crete',1967),(117728234,13,'Victor','Stuermer','050-1301380','37 Manning',1961),(118181666,13,'Jake','Flemyng','050-1087862','70 Heslov Road',1943),(118395455,13,'Cyndi','Carrere','050-1150530','50 Osment',1953),(118573014,13,'Robbie','Detmer','050-1176247','7 Julianne Blvd',1992),(118573014,14,'Robbie','Detmer','050-1176247','7 Julianne Blvd',1992),(119424657,3,'Kyra','Brosnan','050-1535102','63 Cooper Road',1997),(119462975,4,'Milla','Tsettos','050-1227087','41 Morrison Drive',1993),(119633423,13,'Eileen','Hutch','050-1940707','80 Cook Drive',1958),(119765647,19,'Candice','Thurman','050-1643156','31 Aomori Street',1981),(119961569,12,'Lin','Brothers','050-1054212','478 Rick Road',1949),(120077151,16,'Chi','McCann','050-1070572','753 Aracruz Street',1991),(120328516,15,'Terrence','Santa Rosa','050-1307242','33 Shenzhen Road',1971),(120328516,16,'Terrence','Santa Rosa','050-1307242','33 Shenzhen Road',1971),(120605341,1,'Nickel','Shaw','050-1601665','36 Morales Street',1940),(120621810,4,'Vonda','Glenn','050-1605503','618 Kretschmann Driv',1959),(120944406,1,'Fred','Osmond','050-1028058','30 Oyten Street',1997),(120944406,17,'Fred','Osmond','050-1028058','30 Oyten Street',1997),(120944406,18,'Fred','Osmond','050-1028058','30 Oyten Street',1997),(121008917,13,'Emilio','Bacharach','050-1461387','49 Utrecht Blvd',1996),(121008917,16,'Emilio','Bacharach','050-1461387','49 Utrecht Blvd',1996),(121100317,1,'Bernie','Weiland','050-1362783','30 Baldwin Street',1988),(121100317,2,'Bernie','Weiland','050-1362783','30 Baldwin Street',1988),(121144806,16,'Stewart','Statham','050-1931119','51 Bern Ave',1940),(121567764,16,'Harry','Cage','050-1958542','39 Orlando Road',1972),(121609806,12,'Loreena','Silverman','050-1024558','23rd Street',1975),(121681820,16,'Ann','Hynde','050-1862983','531 Lopez Street',1966),(121749863,1,'Kid','Ontiveros','050-1566183','240 East Providence ',1964),(121749863,17,'Kid','Ontiveros','050-1566183','240 East Providence ',1964),(122053339,1,'Maxine','Harnes','050-1598473','398 Cole',1977),(122136089,3,'Kyle','Atkinson','050-1754125','806 Berry Street',1996),(122218031,3,'Stephanie','Nicks','050-1877300','76 Philadelphia Stre',1967),(122494401,16,'Geggy','Gold','050-1568390','32 Bristol Road',1946),(122731474,19,'Ali','von Sydow','050-1605886','458 Emerson Blvd',1942),(122853932,1,'Penelope','Twilley','050-1930040','32 Fairborn Drive',1968),(123142427,15,'Celia','Matheson','050-1634533','57 Numan Ave',1982),(123142427,16,'Celia','Matheson','050-1634533','57 Numan Ave',1982),(123181003,1,'Geoff','Sweet','050-1953486','59 Haslam Street',1966),(123181003,9,'Geoff','Sweet','050-1953486','59 Haslam Street',1966),(123413781,16,'Merrill','Sayer','050-1674602','53 Osbourne Street',1950),(123460323,1,'Brian','Calle','050-1608403','49 De Almeida Ave',1972),(123493946,9,'Janeane','Crowe','050-1378732','84 Schiff Blvd',1954),(123493946,16,'Janeane','Crowe','050-1378732','84 Schiff Blvd',1954),(123507768,4,'Dorry','Presley','050-1138292','11 Whittier Blvd',1969),(123642831,16,'Clive','Bonneville','050-1624338','64 Wopat Road',1987),(124366603,3,'Chad','Tillis','050-1764552','8 Dysart Street',1952),(124500828,3,'Claire','Reeve','050-1541403','71st Street',1956),(124505560,16,'Earl','Eldard','050-1415765','54 Tyrone Drive',1985),(124711556,4,'Phil','O\'Donnell','050-1208972','273 Delroy Road',1980),(125264756,4,'Suzanne','Raye','050-1658752','445 Irati Ave',1980),(125273598,1,'Isaac','Weaver','050-1132095','33 Mekhi Street',1950),(125645944,1,'Lee','Osment','050-1980950','31 Ian Street',1983),(125794547,1,'Saul','Vance','050-1246871','234 Dunst Street',1956),(125869360,12,'Susan','Tomlin','050-1612976','38 Parsons Drive',1960),(125992336,1,'Neve','Bracco','050-1517338','17 Kravitz Drive',1960),(126331172,1,'Junior','Alda','050-1510309','63 Hal Drive',1983),(126415630,1,'Liquid','Caan','050-1859365','885 Holly',1980),(126415630,4,'Liquid','Caan','050-1859365','885 Holly',1980),(126415630,5,'Liquid','Caan','050-1859365','885 Holly',1980),(126464225,1,'Gena','Kidman','050-1746535','100 Thomson Street',1999),(126730511,5,'Helen','Gold','050-1409359','65 Schaumburg Blvd',1944),(126730511,19,'Helen','Gold','050-1409359','65 Schaumburg Blvd',1944),(127145930,19,'Kevin','Redford','050-1737961','47 Fats Drive',1959),(127380708,4,'Chloe','Reid','050-1690379','59 Ramis Drive',1999),(127405950,1,'Grace','Benet','050-1686721','2 Mifune Drive',1940),(127676629,4,'Jena','Walker','050-1085109','37 Vin Blvd',1963),(128130901,4,'Moe','Costa','050-1997043','14 Ledger Blvd',1982),(128383676,1,'Matt','Parsons','050-1885255','14 Peine Street',1981),(128383676,3,'Matt','Parsons','050-1885255','14 Peine Street',1981),(128683059,1,'Hikaru','Crow','050-1598320','765 Flanery Street',1973),(129389457,1,'Miranda','Linney','050-1216116','30 Douglas Road',1999),(129446977,1,'Seann','Griffith','050-1603013','13 Mindy Drive',1956),(129548251,1,'Ernie','Rowlands','050-1328723','56 Shearer Road',1977),(129548251,6,'Ernie','Rowlands','050-1328723','56 Shearer Road',1977),(130011167,3,'Queen','Giraldo','050-1976199','421 Armstrong Ave',1983),(130225519,18,'Mint','Westerberg','050-1590298','71 Murphy Road',1989),(130336440,1,'Isabella','Astin','050-1275894','37 Katt Road',1971),(130478711,2,'Kid','Derringer','050-1210803','41 Dern Street',1967),(130478711,18,'Kid','Derringer','050-1210803','41 Dern Street',1967),(130946830,1,'Loretta','Warburton','050-1149190','83 Holly Drive',1999),(131458347,18,'Whoopi','Sanchez','050-1599897','12nd Street',1977),(131514787,18,'Connie','Drive','050-1208650','47 Todd Drive',1943),(131567820,18,'Garland','McCready','050-1641550','14 Abraham Road',1976),(131594217,1,'Gord','Hackman','050-1584960','23 Molina Road',1955),(131594217,16,'Gord','Hackman','050-1584960','23 Molina Road',1955),(132137866,18,'Toni','Thomson','050-1266063','44 San Antonio Stree',1982),(132261910,1,'Stewart','Parsons','050-1258598','44 Jaime Road',1947),(132341307,19,'Merle','Hidalgo','050-1048172','87 Baranski Road',1954),(132403424,4,'King','Lewis','050-1180264','61 Tilly Ave',1949),(132612964,1,'Maureen','Adkins','050-1435392','65 Barksdale afb Ave',1944),(132686082,4,'Freda','Hawn','050-1247777','91st Street',1984),(132686082,6,'Freda','Hawn','050-1247777','91st Street',1984),(133541440,18,'Shelby','Hanks','050-1342863','395 Dawson Blvd',1949),(133757697,18,'Richie','Belle','050-1706318','58 Brossard',1965),(134426200,18,'Cesar','Weston','050-1864227','64 Middletown',1966),(134459748,18,'Brent','Whitman','050-1559771','708 South Weber Stre',1996),(134459971,1,'Julie','Leary','050-1148209','64 Julianne Street',1956),(134641876,1,'Catherine','Shannon','050-1611996','87 Nils Road',1990),(135125760,1,'Jeffery','Street','050-1256613','305 Isabella',1996),(135125760,10,'Jeffery','Street','050-1256613','305 Isabella',1996),(135125760,23,'Jeffery','Street','050-1256613','305 Isabella',1996),(135167889,23,'Diane','O\'Connor','050-1934643','78 Winger Road',1973),(135777374,1,'Judge','Morales','050-1096920','44 Humphrey Road',1943),(135777374,11,'Judge','Morales','050-1096920','44 Humphrey Road',1943),(136233697,12,'Ty','Zahn','050-1765626','21st Street',1994),(136267339,2,'Daryle','Trejo','050-1706824','37 Eastwood Drive',1973),(136267339,23,'Daryle','Trejo','050-1706824','37 Eastwood Drive',1973),(136323659,4,'Holly','Underwood','050-1830251','247 Warrenton Blvd',1972),(136797975,12,'Thora','Collie','050-1794678','72 Rhys-Davies Road',1954),(136810208,3,'Leonardo','Quinones','050-1747863','122 Alex Blvd',1976),(136810208,6,'Leonardo','Quinones','050-1747863','122 Alex Blvd',1976),(136810208,23,'Leonardo','Quinones','050-1747863','122 Alex Blvd',1976),(136847151,19,'Todd','Pollak','050-1423054','60 Stuermer Street',1988),(137173850,23,'Joe','Tate','050-1618511','68 Deborah Drive',1977),(137490274,1,'Nile','Tillis','050-1317459','992 Kretschmann Stre',1943),(137845366,17,'Judge','Wolf','050-1156442','68 Bassett Ave',1983),(137858268,1,'Greg','Blackwell','050-1784961','54 Queen Road',1983),(138168343,1,'Gates','Loring','050-1299984','871 Thelma Blvd',1953),(138297287,1,'Rascal','Freeman','050-1510385','4 Wopat Ave',1942),(138860298,23,'Davey','Cronin','050-1180004','196 Ed Street',1988),(139113971,23,'Brent','Hart','050-1831795','95 Buffalo Street',1979),(139463922,2,'Sheena','Klugh','050-1199842','5 Kenneth',1962),(139463922,13,'Sheena','Klugh','050-1199842','5 Kenneth',1962),(139463922,23,'Sheena','Klugh','050-1199842','5 Kenneth',1962),(139528022,1,'Bridgette','von Sydow','050-1055503','285 Dunaway Drive',1954),(139560613,18,'Sona','Martin','050-1815883','63 Ricardo Street',1949),(139560613,20,'Sona','Martin','050-1815883','63 Ricardo Street',1949),(139560613,23,'Sona','Martin','050-1815883','63 Ricardo Street',1949),(139604066,4,'Rachael','Neuwirth','050-1102439','22 Catherine Drive',1998),(140419372,2,'Emily','Statham','050-1547321','74 New orleans Road',1966),(140419372,10,'Emily','Statham','050-1547321','74 New orleans Road',1966),(140627498,10,'Sonny','Lucien','050-1314237','18 North Wales Drive',1949),(140627498,20,'Sonny','Lucien','050-1314237','18 North Wales Drive',1949),(140739351,10,'Millie','Hagerty','050-1272640','99 Santa Rosa Street',1995),(140867049,10,'Wallace','Stowe','050-1526611','61st Street',1972),(140945875,3,'Barry','Mills','050-1099733','48 Gvle Drive',1955),(141067384,8,'Bernie','Metcalf','050-1193439','72nd Street',1985),(141067384,10,'Bernie','Metcalf','050-1193439','72nd Street',1985),(141271478,12,'Tzi','Chesnutt','050-1084548','49 Griggs Street',1965),(141283488,1,'King','LuPone','050-1861392','97 Lynne Road',1979),(141412252,10,'Maura','England','050-1504862','920 France Street',1981),(141473494,10,'Harry','Worrell','050-1598495','25 Avenged Road',1997),(141733544,5,'Catherine','Mantegna','050-1803559','46 Carlene Drive',1975),(141733544,6,'Catherine','Mantegna','050-1803559','46 Carlene Drive',1975),(141733544,10,'Catherine','Mantegna','050-1803559','46 Carlene Drive',1975),(141733544,13,'Catherine','Mantegna','050-1803559','46 Carlene Drive',1975),(141850737,4,'Bridget','Jovovich','050-1437239','24 Marisa Road',1976),(142344765,1,'Eileen','McCann','050-1873770','100 Donelly',1994),(142344765,10,'Eileen','McCann','050-1873770','100 Donelly',1994),(142444594,10,'Helen','Paymer','050-1913566','11 Borgnine Road',1978),(142444594,20,'Helen','Paymer','050-1913566','11 Borgnine Road',1978),(142729879,3,'Carlos','Raye','050-1575471','29 Karachi Road',1954),(142729895,10,'Elizabeth','Bachman','050-1102108','99 Buddy',1974),(142732323,12,'Omar','Shatner','050-1841497','78 Bridget Street',1988),(142735111,3,'Lionel','Diddley','050-1212667','22 Caldwell Drive',1940),(142850161,12,'Orlando','Quatro','050-1291555','30 McClinton Road',1972),(142906530,3,'Tim','Lynskey','050-1285634','272 Lake worth Stree',1967),(142906530,11,'Tim','Lynskey','050-1285634','272 Lake worth Stree',1967),(142906530,15,'Tim','Lynskey','050-1285634','272 Lake worth Stree',1967),(143092792,1,'Micky','Heald','050-1469520','179 Eden prairie Roa',1961),(143362219,12,'Jackie','Conway','050-1945134','69 Houston Road',1945),(143768381,10,'Lea','Stevenson','050-1676791','16 Shenzhen Street',1987),(144095933,10,'Dick','MacPherson','050-1691826','74 Lauper Ave',1987),(144222486,19,'Ahmad','Holbrook','050-1684541','40 Wen Street',1943),(144740896,10,'Boz','Frost','050-1291794','54 Pullman Road',1974),(144740896,20,'Boz','Frost','050-1291794','54 Pullman Road',1974),(144771327,1,'Lynn','Simpson','050-1656944','31 Spacek Street',1950),(144785805,1,'Denise','England','050-1487693','802 Pam Road',1992),(144859688,10,'Morgan','Orlando','050-1813126','75 Duke Road',1958),(145093305,1,'Machine','Randal','050-1691072','15 Stanley Blvd',1968),(145427856,2,'Betty','Duncan','050-1174836','743 Sally Street',1949),(145445171,4,'Tanya','Ferry','050-1372926','29 Hauer Road',1963),(145569813,2,'Joanna','Colin Young','050-1413646','76 Carrie-Anne Road',1967),(145569813,4,'Joanna','Colin Young','050-1413646','76 Carrie-Anne Road',1967),(145645895,3,'Rich','Vincent','050-1735404','92 Wagner Street',1954),(145802062,12,'Kimberly','Starr','050-1688779','10 Coward Road',1974),(146230202,1,'Collective','Ferrell','050-1792391','77 Dempsey Street',1954),(146892585,2,'Merle','Hobson','050-1827397','62 Rosemead Ave',1992),(146897030,2,'Russell','Bale','050-1540227','63 Gano Drive',1947),(146897030,15,'Russell','Bale','050-1540227','63 Gano Drive',1947),(146930935,2,'Noah','LuPone','050-1823699','86 Rawls Ave',1954),(147226631,19,'Carlos','Blades','050-1586138','90 Bernard Road',1998),(147264523,1,'Lucinda','Flanery','050-1527314','866 Irving Ave',1948),(147264523,3,'Lucinda','Flanery','050-1527314','866 Irving Ave',1948),(147336514,11,'Graham','Houston','050-1174078','97 Gosdin Road',1952),(147336514,12,'Graham','Houston','050-1174078','97 Gosdin Road',1952),(148357265,1,'Ashley','Bean','050-1738985','58 Burmester Ave',1950),(148631652,1,'Anjelica','McIntosh','050-1173047','7 Tours Road',1966),(148631652,8,'Anjelica','McIntosh','050-1173047','7 Tours Road',1966),(148631652,11,'Anjelica','McIntosh','050-1173047','7 Tours Road',1966),(148753448,2,'Karon','Holy','050-1432444','57 Fukushima Street',1958),(149466684,4,'Tara','Stamp','050-1145972','10 Witt',1946),(149551697,2,'Halle','Tobolowsky','050-1839663','68 Def Street',1987),(149876509,2,'Merrill','Brock','050-1251721','28 Gatlin Ave',1979),(149978815,1,'Mint','Stevens','050-1610821','62 Patti',1976),(150287709,3,'Mandy','Farrow','050-1131542','100 Julianne Drive',1968),(150287709,9,'Mandy','Farrow','050-1131542','100 Julianne Drive',1968),(150503068,1,'Jimmy','Moriarty','050-1049376','53 Carrington Road',1970),(150503068,19,'Jimmy','Moriarty','050-1049376','53 Carrington Road',1970),(150877060,3,'Albert','Winstone','050-1303039','777 Avalon Road',1940),(150930054,3,'Anna','Blades','050-1802140','43 Cape town Road',1980),(151146302,12,'Reese','Shatner','050-1962956','67 Hedaya Ave',1993),(151194564,3,'Molly','Kretschmann','050-1964253','82 McConaughey Drive',1954),(151251649,3,'Collin','Howard','050-1891464','39 Quinones Ave',1999),(151367230,1,'Dennis','Vai','050-1428809','63 Farnham Blvd',1977),(151367230,18,'Dennis','Vai','050-1428809','63 Farnham Blvd',1977),(151470098,3,'Orlando','Rhodes','050-1801723','904 Hilary Street',1995),(151470098,15,'Orlando','Rhodes','050-1801723','904 Hilary Street',1995),(151676396,1,'Ani','Robards','050-1404462','6 Osbourne Ave',1976),(151970463,11,'Cate','Brosnan','050-1140147','545 Mumbai Street',1985),(151970463,12,'Cate','Brosnan','050-1140147','545 Mumbai Street',1985),(152101090,1,'Gordon','Collie','050-1429800','403 Klugh Street',1959),(152296322,3,'Antonio','Carlyle','050-1178775','22nd Street',1946),(152296322,7,'Antonio','Carlyle','050-1178775','22nd Street',1946),(152296322,8,'Antonio','Carlyle','050-1178775','22nd Street',1946),(152657247,3,'Joey','Rundgren','050-1041888','86 Craig Road',1979),(152813576,3,'Joaquin','Danes','050-1521003','56 Owen Drive',1961),(152840963,1,'Kay','Visnjic','050-1645292','68 Denver Road',1969),(152949347,3,'Madeleine','Matthau','050-1271002','67 Pulheim-brauweile',1991),(153100090,7,'Albertina','MacPherson','050-1169222','52 Waite Street',1987),(153100090,12,'Albertina','MacPherson','050-1169222','52 Waite Street',1987),(153153611,3,'Marianne','Cook','050-1764969','40 Steiger Street',1973),(153211370,3,'Rutger','Streep','050-1361082','75 Schwimmer Road',1944),(153211370,7,'Rutger','Streep','050-1361082','75 Schwimmer Road',1944),(153666325,4,'Angelina','Phoenix','050-1054572','94 Geoff Street',1990),(153666325,14,'Angelina','Phoenix','050-1054572','94 Geoff Street',1990),(154016023,3,'Nils','Leigh','050-1695082','58 Duluth Blvd',1959),(154027265,3,'Rebeka','Duchovny','050-1938088','63rd Street',1997),(154231127,3,'Lesley','Flanery','050-1657402','69 Penders Street',1993),(154231127,4,'Lesley','Flanery','050-1657402','69 Penders Street',1993),(154336997,3,'Penelope','Thurman','050-1038325','21 Alcobendas Ave',1968),(154336997,4,'Penelope','Thurman','050-1038325','21 Alcobendas Ave',1968),(154736630,3,'Brad','Estevez','050-1575650','76 Fairborn Road',1964),(154830029,1,'Joaquin','Renfro','050-1637272','98 Snow Road',1950),(154985093,3,'Ronny','Copeland','050-1459787','26 Duke Drive',1967),(155182252,3,'Teri','Furtado','050-1310835','870 Forest Park Stre',1975),(155665825,12,'Greg','Howard','050-1150467','33rd Street',1958),(155878125,4,'Gordie','Davies','050-1371878','72nd Street',1975),(156099833,4,'Javon','Cromwell','050-1563619','25 Cevin Drive',1996),(156099833,5,'Javon','Cromwell','050-1563619','25 Cevin Drive',1996),(156386379,4,'Rosario','Ball','050-1982696','4 Emilio Blvd',1962),(156393246,4,'Oro','Plimpton','050-1464409','89 Hannah Ave',1955),(157008925,1,'Hal','Crow','050-1506416','45 Aachen',1983),(157023092,1,'Cliff','Phifer','050-1105333','162 Madonna Ave',1978),(157085385,4,'Joanna','McNeice','050-1003225','317 Kenoly Ave',1967),(157543342,4,'Rory','Damon','050-1512289','90 Martin Street',1954),(157581119,19,'Kevin','Orton','050-1369647','37 Loggia Road',1946),(157678631,4,'Olympia','Barnett','050-1164085','93 Solikamsk Street',1979),(157828323,4,'Terrence','Cromwell','050-1383567','970 Durning Street',1965),(157828323,7,'Terrence','Cromwell','050-1383567','970 Durning Street',1965),(157845682,4,'Clint','Zane','050-1638703','84 Caviezel Drive',1953),(157859631,19,'Anna','Costner','050-1356173','235 Westfield Ave',1948),(157865185,4,'Dave','Finney','050-1825189','85 Choice Street',1983),(157990786,3,'Graham','Shaye','050-1409767','53rd Street',1999),(158018569,4,'Phoebe','Nolte','050-1181303','378 Buscemi Street',1941),(158094832,4,'Roberta','Ramis','050-1105528','16 Noseworthy Street',1976),(158267229,4,'Karen','Steenburgen','050-1351446','56 Bridgette Drive',1966),(158438919,4,'Crispin','Merchant','050-1686906','37 Lowe Street',1986),(158438919,10,'Crispin','Merchant','050-1686906','37 Lowe Street',1986),(158608752,4,'Swoosie','Vanian','050-1432511','82 Alfred Drive',1962),(159394560,2,'Veruca','Hewitt','050-1785049','32nd Street',1958),(159394560,4,'Veruca','Hewitt','050-1785049','32nd Street',1958),(159459023,4,'Bob','Palmieri','050-1077780','2 Rose Blvd',1951),(159569033,4,'Elizabeth','Smurfit','050-1901892','65 Marburg Street',1974),(159665877,4,'Luis','Archer','050-1244813','86 Costner Road',1973),(160197327,6,'Barbara','Conway','050-1379504','44 Kutcher Street',1998),(160221975,19,'Chuck','Knight','050-1183236','36 Gellar Road',1976),(160250115,4,'Nicholas','Guest','050-1134761','54 Oszajca Street',1954),(160477446,6,'Colm','Leto','050-1864260','17 Kimberly Street',1986),(160478371,6,'Mel','Coward','050-1562026','864 Matthau Street',1986),(160888490,12,'Rik','Marie','050-1682609','43rd Street',1943),(160940437,6,'Rosario','McKellen','050-1281037','88 Gallant Street',1995),(160965399,6,'Barry','Hagar','050-1153268','56 Firth Street',1952),(161181136,1,'Ruth','Ward','050-1739919','35 Joanna Street',1967),(161332409,1,'Seth','Linney','050-1069375','61st Street',1990),(161669018,1,'Timothy','Ponty','050-1006313','11 McLean Street',1960),(162252113,6,'Darius','Amos','050-1607783','95 Daryl',2000),(162749878,6,'Helen','Ponce','050-1591488','39 Pelvic Drive',1944),(163213971,6,'Wallace','Arjona','050-1530433','49 Parma Drive',1979),(163344088,6,'Ming-Na','Cetera','050-1666333','11 Olga Blvd',1988),(163638408,1,'Wendy','Keener','050-1999880','84 Hatosy Ave',1976),(163638408,20,'Wendy','Keener','050-1999880','84 Hatosy Ave',1976),(163768906,4,'Maura','Sweet','050-1852609','17 Uma Blvd',1967),(164124518,6,'Scott','Kretschmann','050-1782196','84 Espoo Street',1976),(164124518,8,'Scott','Kretschmann','050-1782196','84 Espoo Street',1976),(164124518,14,'Scott','Kretschmann','050-1782196','84 Espoo Street',1976),(164306495,19,'Drew','Yorn','050-1931733','315 Faithfull Road',1983),(164651210,6,'Heath','Shandling','050-1171094','72nd Street',1946),(165016379,1,'Forest','Warren','050-1687122','799 McElhone',1961),(165139407,7,'Coley','Voight','050-1321866','35 Rudd Ave',1983),(165760798,7,'Daryle','Woods','050-1024039','57 Nagoya Road',1990),(165899081,7,'Marianne','Numan','050-1481207','73 Curtis Road',1969),(166304587,1,'Heath','Lowe','050-1325799','22nd Street',1981),(166368097,7,'Gaby','McFadden','050-1394516','415 Berkley Street',1969),(166426045,12,'Benicio','Duchovny','050-1760198','20 Stanley Road',1990),(166556885,7,'Paula','Herndon','050-1364575','8 Newton',1981),(166605831,1,'Davy','Hyde','050-1586749','60 Southend on Sea B',1962),(166656241,1,'Vivica','Moffat','050-1952285','53 Kazem Road',1966),(166656241,13,'Vivica','Moffat','050-1952285','53 Kazem Road',1966),(167317533,1,'Angie','Rifkin','050-1178156','35 Schwimmer Drive',1975),(167437455,4,'Shannon','Spacey','050-1226921','323 Mnchen Road',1993),(167641274,12,'CeCe','Gayle','050-1928887','57 Meg Street',1966),(168337945,7,'Maxine','Turturro','050-1505968','48 Squier Street',1979),(168567674,7,'Illeana','Bragg','050-1028192','100 Jodie Street',1988),(168570767,7,'Faye','Santana','050-1037248','6 Diggs',1960),(169665629,3,'Faye','Myers','050-1984453','315 Heather Ave',1947),(169665629,6,'Faye','Myers','050-1984453','315 Heather Ave',1947),(170029938,8,'Armin','Yorn','050-1733462','85 Dianne Street',1944),(170414112,8,'Rose','Davidtz','050-1878054','66 Jenkins Street',1955),(170425157,1,'Sean','Nielsen','050-1548474','76 Gloria Road',1982),(171486296,12,'Dermot','England','050-1293690','100 Perry Road',1953),(171846103,1,'Vin','Macht','050-1292119','232 Chao Drive',1996),(172133220,1,'Lydia','Dukakis','050-1743525','30 Murray Blvd',1991),(172361618,4,'Kid','Hanley','050-1113562','14 Gleeson Street',1974),(172361618,8,'Kid','Hanley','050-1113562','14 Gleeson Street',1974),(172725229,8,'Lynette','Avital','050-1499931','58 Colton Blvd',1963),(173019502,8,'Nick','Basinger','050-1418778','82nd Street',1987),(173194651,8,'Carrie-Anne','Katt','050-1051781','87 Eiksmarka Road',1985),(173221685,1,'Chuck','Banderas','050-1052409','79 Collin Street',1946),(173643649,8,'Wang','Levin','050-1125045','10 Gaza Street',1998),(174002974,1,'Hazel','Johansson','050-1778391','92 Vanderbijlpark Av',1998),(174226970,8,'Jerry','Thorton','050-1959185','71 Vanessa Drive',1975),(174487516,8,'Armin','Folds','050-1310074','62nd Street',1974),(175438221,11,'Rueben','Richards','050-1645586','41 Atlanta Street',1971),(175591445,11,'Sammy','Cronin','050-1735316','94 Jack Street',1974),(175806822,11,'Lenny','Kapanka','050-1627424','68 Rubinek Drive',1948),(175923678,19,'Shawn','Berenger','050-1969565','25 Hiatt Drive',1993),(176091458,11,'Cameron','Neeson','050-1604901','61 Mortensen Road',1958),(176451685,3,'Lennie','Connery','050-1791574','628 Ramis Street',1952),(176498729,10,'Bebe','Bryson','050-1649268','11 Dempsey Blvd',1956),(176498729,11,'Bebe','Bryson','050-1649268','11 Dempsey Blvd',1956),(176721630,19,'Dionne','Jessee','050-1690496','11st Street',1956),(176781141,10,'Peter','Addy','050-1124961','66 Hjallerup Street',1989),(176781141,19,'Peter','Addy','050-1124961','66 Hjallerup Street',1989),(176999755,11,'Luis','Theron','050-1895549','54 Whitman Road',1965),(177103414,11,'Carla','Creek','050-1025340','86 Gauteng Road',1997),(177183737,6,'Richie','Orlando','050-1795100','271 Suzanne Street',1981),(177183737,11,'Richie','Orlando','050-1795100','271 Suzanne Street',1981),(177240557,4,'Olga','Stevens','050-1242042','87 DeVita Drive',1944),(177240557,20,'Olga','Stevens','050-1242042','87 DeVita Drive',1944),(177390177,11,'Sonny','Holeman','050-1748551','51st Street',1978),(177752869,12,'Amanda','McCoy','050-1815597','76 Gattico Drive',1945),(178455886,1,'Morgan','Thornton','050-1469989','54 Cary Road',1953),(178764151,11,'Lenny','Taylor','050-1970916','110 Snoqualmie Road',1990),(178869572,11,'Mia','Swayze','050-1624870','85 Nelson Drive',1979),(178916258,7,'Andre','Peterson','050-1827718','95 Frakes',1952),(178916258,11,'Andre','Peterson','050-1827718','95 Frakes',1952),(179453236,11,'Ricardo','Prinze','050-1748275','31 Atkinson Street',1992),(179686384,11,'Victor','Rizzo','050-1755605','80 Orton Drive',2000),(179686384,17,'Victor','Rizzo','050-1755605','80 Orton Drive',2000),(180146774,12,'Diane','Heron','050-1997626','35 Leonardo Road',1948),(180150922,3,'Deborah','Giannini','050-1051390','7 Vanian Blvd',1940),(180183322,12,'Lili','Perlman','050-1339368','41 Frakes Blvd',1996),(180217495,1,'Julia','Caan','050-1335242','42 Columbia Street',1990),(180217495,18,'Julia','Caan','050-1335242','42 Columbia Street',1990),(180293269,1,'Tilda','Coyote','050-1939722','28 Mili Road',1996),(180340894,12,'Jean-Luc','Skaggs','050-1323119','22 Franz Street',1968),(180365014,12,'Geoffrey','Sewell','050-1304309','35 Bradenton Blvd',1958),(180612865,12,'Larry','Tierney','050-1492261','293 Emmett Street',1949),(180849100,14,'Laura','McGoohan','050-1887481','78 Miranda Road',1983),(180849100,19,'Laura','McGoohan','050-1887481','78 Miranda Road',1983),(181343427,12,'Howie','Logue','050-1026930','4 Waldorf Ave',1986),(181368016,3,'Bette','Kudrow','050-1690456','77 Kanazawa Street',1972),(181368016,17,'Bette','Kudrow','050-1690456','77 Kanazawa Street',1972),(181399682,1,'Sammy','Marsden','050-1223768','11st Street',1952),(181399682,13,'Sammy','Marsden','050-1223768','11st Street',1952),(182078131,12,'Judd','Goldblum','050-1358283','66 Fountain Hills Ro',1989),(182155282,4,'Cheech','Hawke','050-1023411','47 Reiner Drive',1998),(182288339,12,'Cyndi','Mattea','050-1562848','72 Juice Street',1981),(183005503,12,'Russell','Dourif','050-1229033','41st Street',1963),(183413664,12,'Sam','Soda','050-1959859','95 Nancy',1974),(183416342,3,'Aaron','MacLachlan','050-1154956','33 Mould Blvd',1964),(183416342,7,'Aaron','MacLachlan','050-1154956','33 Mould Blvd',1964),(183459960,12,'Ossie','Berkeley','050-1544565','6 Joe Drive',1962),(183761907,12,'Davis','urban','050-1542442','402 Huston Road',1981),(183778218,12,'Angela','Isaacs','050-1476492','230 Flanery Drive',1949),(183958196,12,'Al','Cockburn','050-1097560','33rd Street',1970),(184065615,4,'Burt','Ponce','050-1146148','75 Stans Road',1961),(184171012,12,'Horace','Holiday','050-1788408','42nd Street',1949),(184292923,12,'Cevin','Wainwright','050-1562626','7 Tilda Drive',1992),(184443765,4,'Keanu','Puckett','050-1955266','948 Doucette Road',1944),(184443765,12,'Keanu','Puckett','050-1955266','948 Doucette Road',1944),(184481810,12,'Art','Krieger','050-1744686','19 Quatro Street',1980),(185261552,14,'Kenny','McKean','050-1771622','6 Victoria',1965),(185530840,2,'Penelope','Dupree','050-1536596','20 Christmas Drive',1961),(185530840,14,'Penelope','Dupree','050-1536596','20 Christmas Drive',1961),(186015010,1,'Aaron','Berry','050-1491330','10 Emma Road',1975),(186060020,3,'Liev','Tobolowsky','050-1464068','7 Morgan Street',1987),(186344435,14,'Nile','Phifer','050-1277678','520 Reiner Blvd',1956),(186541228,1,'Ahmad','Prinze','050-1702245','779 Samrand Drive',1965),(186541228,6,'Ahmad','Prinze','050-1702245','779 Samrand Drive',1965),(186541228,8,'Ahmad','Prinze','050-1702245','779 Samrand Drive',1965),(186541228,16,'Ahmad','Prinze','050-1702245','779 Samrand Drive',1965),(186660482,14,'Ali','Keeslar','050-1021232','10 Daniel Road',1982),(186762107,1,'Gailard','Duvall','050-1238846','13rd Street',1981),(186922956,12,'Kirk','Botti','050-1568336','167 Edison Ave',1973),(186922956,14,'Kirk','Botti','050-1568336','167 Edison Ave',1973),(186958452,7,'Hugo','Balk','050-1827558','34 Bologna Street',1958),(186958452,14,'Hugo','Balk','050-1827558','34 Bologna Street',1958),(186999337,14,'Vendetta','Singh','050-1965413','79 McBride Street',1945),(187123695,1,'Delroy','Perry','050-1520211','750 Tilly',1966),(187123695,13,'Delroy','Perry','050-1520211','750 Tilly',1966),(187229307,14,'Gladys','Raybon','050-1799310','91 Astin Road',1959),(187448001,3,'Lindsay','Stormare','050-1642408','11 Collin Road',1967),(187549097,4,'Neve','Donovan','050-1374342','98 Julio Road',1978),(188189503,4,'Rip','Garcia','050-1480872','552 Palminteri Road',1960),(188274898,14,'Corey','Rosas','050-1554527','61 Lattimore',1983),(188351742,1,'Maceo','Speaks','050-1753418','61 Torino Blvd',1999),(188435062,1,'Hazel','Bates','050-1717582','84 Davies Drive',1978),(188500021,14,'Carole','McGowan','050-1277501','46 Ramis Drive',1946),(188848194,1,'Sigourney','Gibson','050-1755805','36 Jolie Road',1977),(189364670,14,'Jody','Adams','050-1066662','44 Englewood Cliffs ',1944),(189411397,14,'Ned','Neville','050-1749243','22nd Street',1966),(189411397,18,'Ned','Neville','050-1749243','22nd Street',1966),(189649816,14,'Cole','Travers','050-1923789','93 Stanley Blvd',1961),(189661287,14,'Lucinda','Lee','050-1317797','12 Remar Street',1993),(189883533,14,'Wendy','Venora','050-1574416','20 Frank Street',1956),(189890813,4,'Carol','Lorenz','050-1014513','85 Dalton Ave',1976),(190067604,19,'Ruth','Prowse','050-1470854','63 Briscoe Road',1977),(190124312,4,'Coley','Travers','050-1325468','67 Westerberg Road',1956),(190283508,19,'Aidan','Rooker','050-1401006','41 Keanu Street',1987),(190563246,19,'Derek','Ponty','050-1078952','12nd Street',1969),(190580424,19,'Sara','Aaron','050-1691924','20 Karen Ave',1959),(190717902,19,'Brian','Travers','050-1438730','87 Young Street',1941),(190922210,19,'Matt','Cazale','050-1711482','98 Andrea',1991),(190950588,1,'Alan','Darren','050-1617026','65 Rickman Road',1986),(191104001,17,'Kirk','Pullman','050-1139462','94 Branch Drive',1978),(191104001,19,'Kirk','Pullman','050-1139462','94 Branch Drive',1978),(191587933,1,'Joey','Dunn','050-1857758','41st Street',1998),(191712867,12,'Christian','Rhys-Davies','050-1936376','93 Talvin Street',1959),(191966657,6,'Bobbi','DiFranco','050-1648920','499 Day Street',1997),(191966657,19,'Bobbi','DiFranco','050-1648920','499 Day Street',1997),(192526971,12,'Ellen','Utada','050-1270530','41 Klugh Ave',1973),(192570389,19,'Omar','Mahoney','050-1922339','86 Wiedlin Road',1987),(192658928,19,'Rachael','Coburn','050-1609914','67 Lucinda Drive',1979),(192887202,19,'Paula','Lillard','050-1505215','67 Mel Road',1998),(192896137,4,'Tobey','Statham','050-1498316','331 Padova Street',1998),(192896137,19,'Tobey','Statham','050-1498316','331 Padova Street',1998),(192929855,19,'Chazz','Payne','050-1141896','88 Nicks Street',1989),(193031569,19,'Vanessa','Savage','050-1199498','45 Kelly Road',1978),(193070552,19,'Rosanne','Webb','050-1474952','56 Bernie Drive',1962),(193851866,19,'Pam','Tilly','050-1154026','22nd Street',1982),(194206631,19,'Murray','Heslov','050-1916584','20 Shelby Street',1977),(194309691,4,'Ossie','Francis','050-1581935','37 Hartmannsdorf Roa',1948),(194436116,1,'Michael','Biggs','050-1922224','226 Rutger Street',1996),(194924702,19,'Burton','Hatosy','050-1898323','40 Biella Drive',1985),(194975030,2,'Parker','Rauhofer','050-1645413','42nd Street',1963),(194975030,9,'Parker','Rauhofer','050-1645413','42nd Street',1963),(194975030,10,'Parker','Rauhofer','050-1645413','42nd Street',1963),(194975030,12,'Parker','Rauhofer','050-1645413','42nd Street',1963),(194997699,19,'Harry','Bassett','050-1903267','793 Nikki Road',1947),(195128041,3,'Cliff','Glover','050-1075240','82 Kanata Street',1990),(195200945,17,'Gerald','Ricci','050-1376305','11 Ebersdorf Road',1988),(195200945,20,'Gerald','Ricci','050-1376305','11 Ebersdorf Road',1988),(195464216,20,'Jeff','Wong','050-1157028','68 Ray Street',1954),(195694279,1,'Robby','Haslam','050-1349624','246 Laws Street',1973),(195694279,12,'Robby','Haslam','050-1349624','246 Laws Street',1973),(195783094,5,'Seth','Ellis','050-1360179','39 Araras Street',1957),(195783094,20,'Seth','Ellis','050-1360179','39 Araras Street',1957),(195963973,12,'Isaiah','Kinney','050-1757299','86 Prowse Road',2000),(195974795,20,'Forest','Sheen','050-1054783','41st Street',1993),(196675989,19,'Val','Beatty','050-1283370','74 Nugent Road',1948),(196820433,4,'Lois','Griffiths','050-1437313','82 Draper Street',1973),(197222791,1,'Matt','Carmen','050-1996533','243 Davis Ave',1996),(197268361,4,'Gerald','Merchant','050-1096129','53 Walken Road',1961),(197397613,21,'Caroline','Curfman','050-1494507','69 Tbilisi Drive',1976),(197437623,17,'Maggie','Leachman','050-1503921','600 San Francisco Dr',1961),(197595731,21,'Gordon','Stowe','050-1132136','32 North Yorkshire R',1963),(197626499,1,'First','Biggs','050-1435330','13 Kongserbg Drive',1977),(197726055,4,'Ike','Zevon','050-1388438','70 Brody Ave',1944),(197995860,21,'Rhea','O\'Keefe','050-1693925','86 Columbus Drive',1966),(198032585,4,'Luis','McNarland','050-1523207','96 Rodney Street',1979),(198139322,4,'Lupe','Travers','050-1394771','39 Weaving Street',1970),(198253607,12,'Malcolm','Boorem','050-1450215','66 Hagar Street',1959),(198253607,17,'Malcolm','Boorem','050-1450215','66 Hagar Street',1959),(198253607,21,'Malcolm','Boorem','050-1450215','66 Hagar Street',1959),(198281229,21,'Goran','Copeland','050-1135331','65 Vance Ave',1993),(198307047,21,'Paul','Osborne','050-1726570','47 Sona Drive',1998),(198347349,21,'Lili','Checker','050-1079364','75 Lucca Street',1949),(198506363,1,'Doug','Kidman','050-1418598','71 Caguas Road',1948),(198621839,21,'Aaron','Paymer','050-1813135','57 Palin Blvd',1983),(198726786,4,'Ralph','Mills','050-1069447','18 Venora Street',1996),(198988055,1,'Jodie','Sorvino','050-1422272','34 Cotton Street',1941),(199160729,19,'Cole','Durning','050-1277747','85 Lawrence Drive',1972),(199247689,21,'Yaphet','Garr','050-1244380','43rd Street',1970),(199274417,1,'Embeth','Wine','050-1159487','866 Warwick Drive',1959),(199793805,1,'Mike','Seagal','050-1316251','747 McCormack Road',1965),(199793805,8,'Mike','Seagal','050-1316251','747 McCormack Road',1965),(199793805,18,'Mike','Seagal','050-1316251','747 McCormack Road',1965),(199972537,19,'Giovanni','Lynne','050-1823991','62nd Street',1959),(300046112,11,'Neneh','Pantoliano','050-3126663','610 Griffin Ave',1995),(300046112,13,'Neneh','Pantoliano','050-3126663','610 Griffin Ave',1995),(300082528,11,'Rickie','Loveless','050-3019007','896 Vince',1969),(300090278,22,'Will','McCabe','050-3643520','100 McFadden Road',1961),(300617601,11,'Avenged','Hackman','050-3146354','698 Irkutsk Road',1979),(300857483,18,'Jimmie','Keith','050-3953866','81st Street',1940),(300863415,19,'Goran','Danger','050-3311357','48 Ford Road',1985),(300863415,24,'Goran','Danger','050-3311357','48 Ford Road',1985),(301190444,8,'William','Landau','050-3846755','35 Murphy Ave',1975),(301401719,13,'Molly','Mills','050-3409438','38 Nelson Blvd',1941),(301706394,13,'Melba','Heald','050-3786863','79 Kaohsiung Drive',1977),(301764095,12,'Rickie','Biehn','050-3466587','39 Santa rita sapuca',1963),(301821109,22,'Karen','Wheel','050-3559464','94 Breckin Road',1980),(301834639,6,'Debby','Senior','050-3379425','76 Forest Blvd',1960),(301857318,6,'Elizabeth','Porter','050-3668269','704 Posey Street',1982),(302068586,21,'Roy','Secada','050-3938333','59 Loeb Road',1983),(302340576,13,'Rick','Torino','050-3031462','9 Biggs Ave',1984),(302362359,13,'Rosco','Gyllenhaal','050-3784705','342 McKennitt Drive',1970),(302720911,6,'Donal','Harary','050-3435785','877 Mos Drive',1993),(302893647,6,'Rose','Holm','050-3326737','23rd Street',1980),(302977354,8,'Shawn','Lunch','050-3794114','38 Fisher Road',1983),(304022853,19,'Annie','Jeffreys','050-3316151','45 Debary Road',1965),(304022853,21,'Annie','Jeffreys','050-3316151','45 Debary Road',1965),(304073596,21,'Charlize','Goldberg','050-3661699','72nd Street',1999),(304197605,24,'Pam','Lunch','050-3454648','80 California Street',1973),(304487355,15,'Buddy','Brandt','050-3380970','911 Rivers',1984),(304487355,22,'Buddy','Brandt','050-3380970','911 Rivers',1984),(304893659,6,'Glen','Suchet','050-3875437','77 Sophie Road',1993),(305121317,13,'Grant','Creek','050-3367562','38 Kapanka Road',1979),(305237204,8,'Lin','Santa Rosa','050-3362830','399 Maebashi Drive',1991),(305284526,21,'Emilio','Posener','050-3273558','44 Leo Street',1978),(305444841,22,'Colleen','Crimson','050-3061039','38 Kenny Road',1993),(305689864,13,'Kenneth','Horton','050-3904326','61st Street',1968),(306691721,19,'Frances','Depp','050-3181957','528 John Drive',1966),(306691721,21,'Frances','Depp','050-3181957','528 John Drive',1966),(306730855,22,'Sandra','Payton','050-3458396','22 Kejae City Drive',1982),(306965464,21,'Janice','Kline','050-3243117','739 Payne Drive',1942),(307467133,13,'Armin','Boyle','050-3266082','96 Shepard Street',1984),(307997036,11,'Judd','Loggia','050-3387928','2 Isaiah Street',1972),(308344740,18,'Jonny','Doucette','050-3995616','231 Leverkusen Road',2000),(308749441,13,'Yolanda','McCabe','050-3882965','87 Oppenheim Road',1977),(308977947,13,'Marley','Greene','050-3954218','80 Juliet Street',1990),(309004569,12,'Eliza','Fiorentino','050-3839562','43 Merrilee Road',1969),(309004569,13,'Eliza','Fiorentino','050-3839562','43 Merrilee Road',1969),(309430328,24,'Larnelle','McIntyre','050-3936442','94 Lunch Road',1999),(310241859,22,'Samantha','Donelly','050-3841748','6 New Delhi Ave',1955),(310573158,6,'Jonny Lee','Atlas','050-3865951','72 Woodbridge Street',1952),(311211138,11,'Jean-Luc','Russo','050-3308326','1 England Drive',1992),(311284961,5,'Sal','Bassett','050-3054233','25 Tal Road',1974),(311284961,13,'Sal','Bassett','050-3054233','25 Tal Road',1974),(311284961,15,'Sal','Bassett','050-3054233','25 Tal Road',1974),(312082193,23,'Rueben','Ferry','050-3409144','537 Weaving',1948),(312165255,22,'Larenz','Yulin','050-3746342','53 Winger Road',2000),(312371784,21,'Stockard','Lynne','050-3136000','27 Celia Street',1995),(313095074,10,'Maury','Sainte-Marie','050-3989733','38 Cobham',1950),(313095074,22,'Maury','Sainte-Marie','050-3989733','38 Cobham',1950),(313362340,12,'Marty','Harper','050-3214542','97 Costner Road',1961),(313362340,13,'Marty','Harper','050-3214542','97 Costner Road',1961),(313424990,21,'Ani','Gibbons','050-3292423','22nd Street',1986),(313709239,13,'Mira','Weller','050-3178786','32nd Street',1984),(313749287,11,'Jimmie','Bedelia','050-3427483','71st Street',1971),(313870485,21,'Keith','Gilliam','050-3944180','83 Wright Ave',1995),(314021540,6,'Arturo','Paul','050-3674607','68 Augsburg Road',1995),(314031429,13,'Caroline','Sutherland','050-3052781','46 Nynshamn Street',1963),(314334584,8,'Mary','Sizemore','050-3261568','83 Witt Drive',1947),(314404417,13,'Judi','Cobbs','050-3736921','413 Warley Street',2000),(314928312,13,'Ernie','Keeslar','050-3202672','20 Slough Blvd',1984),(315095377,6,'Christian','Caine','050-3944573','59 Fiorentino Street',1972),(315095377,14,'Christian','Caine','050-3944573','59 Fiorentino Street',1972),(316154626,8,'Cliff','Thompson','050-3611496','64 Saudarkrokur Driv',1999),(316244902,6,'Julie','Rossellini','050-3767685','41 Starr',1988),(317113705,8,'Hilton','Davidson','050-3899073','57 Lengdorf Drive',1994),(317279706,8,'Will','Olin','050-3918768','29 Wong Road',1965),(318283063,24,'Madeleine','Sharp','050-3033110','26 May Road',1994),(318334839,18,'Dick','DeGraw','050-3863465','76 Sarasota Drive',1947),(318388230,6,'Noah','England','050-3018128','51 Carlingford',1941),(318799690,11,'Miriam','Colton','050-3564613','90 Kumamoto Drive',1989),(319077988,22,'Rip','Lillard','050-3859856','750 Gibbons Drive',1962),(319154093,21,'Olympia','Whitford','050-3839813','16 Royersford Drive',1970),(319199116,6,'Stanley','Byrne','050-3573597','35 Kopavogur Street',1949),(319475956,11,'Geoffrey','Gough','050-3825662','874 Chrissie Drive',1971),(319552747,8,'Frankie','Goodall','050-3545208','54 Roddy Street',1953),(319552747,18,'Frankie','Goodall','050-3545208','54 Roddy Street',1953),(319609752,17,'Lee','Schiff','050-3458510','81st Street',1999),(319609752,22,'Lee','Schiff','050-3458510','81st Street',1999),(319627887,21,'Buddy','Alexander','050-3077721','823 Furtado Street',1964),(319793972,17,'Julianne','Arden','050-3253478','26 Robert Road',1998),(319793972,21,'Julianne','Arden','050-3253478','26 Robert Road',1998),(320303662,13,'Jennifer','LuPone','050-3571388','244 Adams Street',1965),(320573925,11,'Terry','Blades','050-3551284','52nd Street',1978),(320626299,22,'Olympia','Lang','050-3720558','31 Daniels',1969),(320728056,23,'Miranda','Todd','050-3046548','268 Saucedo Ave',1969),(320825560,8,'Trace','Stiller','050-3328708','23 Loreena Road',1979),(320825560,13,'Trace','Stiller','050-3328708','23 Loreena Road',1979),(320825560,18,'Trace','Stiller','050-3328708','23 Loreena Road',1979),(320875418,6,'Daryle','Griggs','050-3577584','8 Fort gordon Street',1955),(320931692,13,'Ozzy','Yulin','050-3290471','52 Larry Ave',2000),(321046974,8,'Moe','Mantegna','050-3227353','10 Salma Ave',1986),(321076719,6,'Halle','Baez','050-3256696','87 Los Alamos Ave',1981),(321076719,12,'Halle','Baez','050-3256696','87 Los Alamos Ave',1981),(321087664,12,'Beth','Hauser','050-3683737','460 Domingo Drive',1979),(321139363,11,'Vickie','James','050-3117190','2 Robbins Drive',1992),(321488558,12,'Spencer','Alda','050-3672750','55 Omaha Street',1955),(321938820,2,'Debra','Dolenz','050-3296000','16 Vin Road',1992),(321938820,12,'Debra','Dolenz','050-3296000','16 Vin Road',1992),(321938820,19,'Debra','Dolenz','050-3296000','16 Vin Road',1992),(322001007,1,'Robert','McGinley','050-3728968','64 Freeman Road',1989),(322001007,18,'Robert','McGinley','050-3728968','64 Freeman Road',1989),(322550618,1,'Howie','Raitt','050-3804207','43 Miller Drive',1999),(322550618,11,'Howie','Raitt','050-3804207','43 Miller Drive',1999),(322562694,13,'Marina','Ferry','050-3260758','902 Lauper Street',1946),(322992143,22,'Lara','Bruce','050-3858357','70 Reilly Street',1990),(323387061,13,'Miko','Tarantino','050-3495592','55 Helen Drive',1990),(323991516,4,'Olga','Gilley','050-3708187','73 Clay Road',1945),(323991516,8,'Olga','Gilley','050-3708187','73 Clay Road',1945),(324338833,13,'Lisa','Theron','050-3157842','31 Toledo Street',1970),(324377355,1,'Davis','Francis','050-3177416','76 Stanford',1966),(324377355,13,'Davis','Francis','050-3177416','76 Stanford',1966),(324449227,13,'Wang','Withers','050-3625432','62nd Street',1991),(324666816,13,'Irene','Janssen','050-3678691','367 Sharon Street',1946),(324667383,6,'Rutger','Rio','050-3780213','947 Kirshner Road',1948),(325170249,24,'Naomi','McKean','050-3947558','450 Rorschach Road',1977),(325262017,13,'Rich','Ontiveros','050-3656153','701 Chad Drive',1990),(325417101,11,'Clive','Rydell','050-3371276','57 Bernie Drive',1976),(325417101,16,'Clive','Rydell','050-3371276','57 Bernie Drive',1976),(325552449,24,'Noah','Mazar','050-3230197','274 Blair Road',1983),(325585070,13,'Mike','Willis','050-3937240','23 Juliette Drive',1954),(326245855,8,'Breckin','Kidman','050-3712192','97 Malkovich Road',1948),(326546415,4,'Rosie','Arkenstone','050-3559827','43rd Street',1955),(326546415,21,'Rosie','Arkenstone','050-3559827','43rd Street',1955),(326585924,11,'Madeline','Austin','050-3869166','45 Beals Street',1964),(326889077,21,'Elias','Lowe','050-3810281','16 Rickles Road',1981),(327055773,12,'Sissy','Warden','050-3368422','43 Bruce Road',1998),(327079621,13,'Diane','Suchet','050-3306778','56 Paul Road',1992),(327588465,12,'Zooey','Cleese','050-3179396','51st Street',1977),(328894781,24,'Derrick','Potter','050-3848276','14 Sepulveda Street',1976),(328995224,6,'Chrissie','Burton','050-3372913','41 Tulsa Street',1995),(329209782,11,'Tracy','Norton','050-3538417','4 Sarah Road',1947),(329209782,21,'Tracy','Norton','050-3538417','4 Sarah Road',1947),(329369707,11,'Sonny','Lee','050-3900195','52 Conley Road',1992),(329745005,6,'Sally','Singletary','050-3568451','550 East Providence',1945),(329745005,8,'Sally','Singletary','050-3568451','550 East Providence',1945),(330193651,9,'Aaron','Butler','050-3643574','78 Iglesias Road',1996),(330193651,22,'Aaron','Butler','050-3643574','78 Iglesias Road',1996),(330542890,13,'Danny','Quinlan','050-3099279','61 Lennie Road',1980),(330546181,18,'Rhea','Langella','050-3218536','57 Capshaw Blvd',1998),(330589034,13,'Lizzy','Gore','050-3126477','80 Snider Drive',2000),(330878597,6,'Mike','Kweller','050-3161867','354 Downie Street',1946),(330900323,11,'Kirk','Connelly','050-3226696','33 New York Street',1963),(330972891,21,'Rosanne','Rush','050-3405596','83rd Street',1989),(330997582,18,'Vickie','Mueller-Stahl','050-3419115','5 Knoxville Road',1946),(331023894,13,'Jonny Lee','Dunaway','050-3947109','80 Jamie Street',1977),(331091160,8,'Parker','Walken','050-3007972','413 Tilburg Street',1969),(331097173,13,'Udo','Boorem','050-3002813','82 Night Road',1940),(331149335,8,'Hank','Gaynor','050-3767382','52 Solomon Street',1952),(331180729,6,'Geena','Tierney','050-3755782','18 Redding Road',1961),(332076286,8,'Denzel','Kinski','050-3567091','77 Detmer Drive',1980),(332076286,13,'Denzel','Kinski','050-3567091','77 Detmer Drive',1980),(332194010,13,'Campbell','Gayle','050-3470949','10 Tom Street',1982),(332194010,17,'Campbell','Gayle','050-3470949','10 Tom Street',1982),(332211665,21,'Lucinda','Rock','050-3910293','23 Gatlin Street',2000),(332225543,8,'Jonny Lee','Fox','050-3299665','7 Sinead Road',1951),(332225543,11,'Jonny Lee','Fox','050-3299665','7 Sinead Road',1951),(332360229,21,'Dwight','Stigers','050-3524833','724 Withers Road',1959),(332661732,13,'Harrison','Stowe','050-3479669','86 Kennedy Drive',1980),(332959340,6,'Jack','Mars','050-3853081','54 Talvin Road',1965),(332966563,13,'Kimberly','Broadbent','050-3475088','75 Kirsten Road',1983),(333420194,23,'Shannon','Cotton','050-3152112','66 Savage Ave',1955),(333524226,8,'Rob','McGill','050-3333710','61st Street',1942),(333574423,22,'Holly','Cage','050-3411743','52nd Street',1971),(333999927,24,'Geraldine','Mann','050-3902446','65 Albany Road',1941),(334386058,6,'Andre','Akins','050-3558156','4 Vince Street',1974),(334484782,7,'Eugene','Lunch','050-3898094','87 Abraham Ave',1989),(334484782,13,'Eugene','Lunch','050-3898094','87 Abraham Ave',1989),(334805454,22,'Denny','Rundgren','050-3454868','57 Young Street',1982),(334917105,8,'Armand','Yulin','050-3564699','21st Street',1972),(335191961,5,'Millie','Scott','050-3524197','85 Fonda Road',1970),(335191961,18,'Millie','Scott','050-3524197','85 Fonda Road',1970),(335204904,13,'Denis','Black','050-3663828','23 Ipswich Blvd',1949),(335672258,13,'Ramsey','Feore','050-3492948','10 New York Drive',1986),(335949143,11,'Carl','Hudson','050-3559335','61st Street',1955),(336438810,22,'Julio','Eastwood','050-3878416','340 Lynn Drive',1953),(336464838,21,'Emm','Rivers','050-3449788','43rd Street',1955),(336910980,22,'Harvey','Olin','050-3020379','13rd Street',1999),(337047275,13,'Denzel','Close','050-3787632','35 Juliet Blvd',1953),(337193319,21,'Gladys','Davidtz','050-3958907','228 Redondo beach Ro',1994),(337286293,12,'Trick','Gooding','050-3211116','70 Olga Ave',1961),(338799620,13,'Vanessa','McKellen','050-3861620','18 Crudup Drive',1975),(339052597,21,'Nikka','Alston','050-3154926','37 Nordhausen Street',1967),(339136174,8,'Randall','Dupree','050-3338120','229 Janney Street',1993),(339259788,11,'First','Sewell','050-3272478','307 Kidman',1996),(339401669,8,'Lupe','Berkeley','050-3463726','23 Coverdale Street',1982),(339465122,21,'Leon','Teng','050-3862935','787 Joan Road',1963),(339720873,22,'Charlize','Diggs','050-3107388','93 Armatrading Stree',1951),(339868589,8,'Rosanna','Oakenfold','050-3582121','77 Jamal Drive',1998),(339880256,24,'Olga','McFadden','050-3069699','73 Rich Drive',1975),(339890779,12,'Lance','Weisz','050-3578440','89 Grant Ave',1971),(339999501,13,'Freddy','Skerritt','050-3307410','43 Flushing Road',1943),(341404242,11,'Omar','Wayans','050-3240907','51 LeVar Road',1971),(341591655,13,'Rodney','Brown','050-3853151','54 Hawthorne Street',1989),(342889538,13,'Trini','Supernaw','050-3264542','61 Cathy Blvd',1963),(343197985,11,'Geraldine','Paul','050-3537311','79 Boone Road',1972),(343348844,21,'Thelma','Orton','050-3366607','13rd Street',1981),(343493627,11,'Rob','Bullock','050-3439689','4 Ashton Road',1960),(344119584,8,'Dennis','Thomson','050-3595214','15 Williams Street',1947),(344132589,24,'Vondie','Broadbent','050-3420985','396 Oliver Street',1973),(344357346,18,'Kevin','Armatrading','050-3851315','28 Cornell Street',1981),(344997857,20,'Kyle','Coe','050-3539972','863 Bloomington',1960),(344997857,22,'Kyle','Coe','050-3539972','863 Bloomington',1960),(345142106,8,'Dianne','Armatrading','050-3416225','88 Curfman Drive',1982),(345567695,21,'Juice','Alda','050-3968849','66 Jean Blvd',1981),(345796091,13,'Edward','Griffiths','050-3707130','71 Burstyn Street',1957),(346451291,24,'Gates','Armatrading','050-3968105','98 Plowright Street',1956),(346571876,13,'Milla','Shue','050-3246841','667 Polito Blvd',1982),(346759743,19,'Parker','Wood','050-3238600','28 Lexington Street',1983),(346759743,21,'Parker','Wood','050-3238600','28 Lexington Street',1983),(347020998,8,'Deborah','Botti','050-3916204','83 Alleroed Road',1975),(347212251,11,'Beth','Buscemi','050-3739414','78 Parma Road',1979),(347924095,23,'Marlon','Elizabeth','050-3058091','3 Tyson Road',1958),(347976630,12,'Merrill','D\'Onofrio','050-3654808','49 Nizhnevartovsk Dr',1990),(348591330,24,'Kelly','Ranger','050-3578307','860 Diehl Ave',1956),(348662578,23,'Jack','Snider','050-3734309','31 LuPone Street',1976),(348702377,21,'Loren','Sweeney','050-3535612','53 Roberta',1946),(348787045,6,'Kurt','Boone','050-3147222','93rd Street',1980),(349879784,12,'Liam','McGovern','050-3938481','62 Annette Road',1950),(350190040,20,'Albertina','Seagal','050-3177334','70 Shawn Road',1982),(350190040,21,'Albertina','Seagal','050-3177334','70 Shawn Road',1982),(350323639,13,'Bobbi','Cozier','050-3178997','20 Turner Ave',1967),(350852791,13,'Greg','Thomson','050-3360561','78 Kadison Drive',1991),(351484927,24,'Jamie','Crimson','050-3904716','35 Rawlins Blvd',1956),(351553215,13,'Earl','Stamp','050-3415236','46 Beals Road',1942),(351658114,18,'Walter','Borgnine','050-3464034','4 Imperioli Road',1957),(351839551,8,'Anna','Botti','050-3787260','94 New York City Dri',1980),(351952588,22,'Natasha','Hersh','050-3007636','58 Molly Drive',1971),(352839680,21,'Boz','Statham','050-3736157','2 Bacon Road',1943),(352972018,9,'Christopher','Carter','050-3043408','73rd Street',1980),(352972018,13,'Christopher','Carter','050-3043408','73rd Street',1980),(352997384,13,'Sharon','Boorem','050-3043787','17 Hines Road',1963),(352997384,16,'Sharon','Boorem','050-3043787','17 Hines Road',1963),(353175320,6,'Fred','Masur','050-3016581','68 Kobe Road',1983),(353289814,12,'Sarah','Laws','050-3397339','84 McElhone Street',1990),(353289814,19,'Sarah','Laws','050-3397339','84 McElhone Street',1990),(353407687,24,'Tom','Lucien','050-3258328','76 Fogerty',1942),(353945252,13,'Suzi','Berenger','050-3482656','33 Arthur Road',1972),(354188916,23,'Wayne','Anderson','050-3584746','9 Lemmon Road',1996),(354508174,1,'Zooey','Gayle','050-3755765','64 Martha Road',1969),(354508174,21,'Zooey','Gayle','050-3755765','64 Martha Road',1969),(354516871,11,'Ian','Gayle','050-3230007','96 Market Harborough',1997),(354516871,13,'Ian','Gayle','050-3230007','96 Market Harborough',1997),(354931413,22,'Ray','Landau','050-3319396','942 Waltham Road',1997),(355042989,22,'Temuera','Dunaway','050-3228922','51 Delroy',1949),(355125028,6,'Jean-Luc','Channing','050-3202286','2 Stellan Street',1960),(355260077,22,'Ryan','Yankovic','050-3887590','15 The Woodlands Roa',2000),(355457306,6,'Clint','Dickinson','050-3282237','10 Pao de Arcos',1976),(355857459,13,'Paula','Murphy','050-3506385','78 Kylie Road',1949),(356024759,24,'Elisabeth','Plummer','050-3710814','61 Nightingale Drive',1980),(356126881,12,'Timothy','Harary','050-3454970','47 Miki Drive',1959),(356229077,6,'Mark','Phillippe','050-3386957','90 Easton Road',1946),(356229077,8,'Mark','Phillippe','050-3386957','90 Easton Road',1946),(356229527,12,'Swoosie','Weston','050-3369123','43rd Street',1990),(356229527,17,'Swoosie','Weston','050-3369123','43rd Street',1990),(356229527,19,'Swoosie','Weston','050-3369123','43rd Street',1990),(356791506,11,'Mel','Quinlan','050-3346750','2 Foxx Street',1967),(357057348,13,'Mike','Blackwell','050-3903774','33 Boothe Ave',1994),(357406560,11,'Terrence','McCready','050-3241169','72nd Street',1974),(357681158,8,'Harris','Bruce','050-3326818','64 Rita Street',1946),(357860506,8,'Diamond','Kurtz','050-3304650','30 Sedaka Street',1964),(357962817,13,'Daryle','Matarazzo','050-3226315','89 Boulder Street',1996),(358043477,2,'Peabo','Thewlis','050-3593097','94 Ripley Blvd',1946),(358043477,14,'Peabo','Thewlis','050-3593097','94 Ripley Blvd',1946),(358204292,22,'Shawn','Navarro','050-3986513','87 Mollard Road',1964),(358312063,4,'Mykelti','Tucker','050-3844963','15 Davidson Street',1972),(358312063,5,'Mykelti','Tucker','050-3844963','15 Davidson Street',1972),(358312063,7,'Mykelti','Tucker','050-3844963','15 Davidson Street',1972),(358312063,21,'Mykelti','Tucker','050-3844963','15 Davidson Street',1972),(358777503,8,'Courtney','Platt','050-3740994','58 Goodall Street',1958),(358865948,8,'Edward','Porter','050-3120155','74 Rollins Street',1959),(359659097,2,'Trini','Broderick','050-3437872','16 Hubbard Drive',1997),(359659097,12,'Trini','Broderick','050-3437872','16 Hubbard Drive',1997),(359687760,6,'Veruca','Makowicz','050-3528014','54 Moody Ave',1976),(359691982,11,'Benicio','Almond','050-3777925','92 Cherry Street',1995),(359840924,6,'Wes','Popper','050-3186801','61 Goldwyn Drive',1990),(360302691,8,'Rawlins','Rourke','050-3991550','95 Xander Street',1978),(360375744,6,'Balthazar','Lennix','050-3814586','64 Pitt Street',1942),(360375744,24,'Balthazar','Lennix','050-3814586','64 Pitt Street',1942),(360494381,22,'Jude','Hornsby','050-3004500','18 Harold Blvd',1946),(360553597,8,'Marley','Pastore','050-3572716','816 Luis Drive',1988),(360902066,11,'Benjamin','Balk','050-3854510','27 Caguas Drive',1967),(361015934,11,'Betty','Parish','050-3119059','5 Heron Blvd',1945),(361256588,6,'Crispin','Ceasar','050-3763620','72 Holbrook Street',1971),(361256588,14,'Crispin','Ceasar','050-3763620','72 Holbrook Street',1971),(361689795,13,'Lionel','Hatosy','050-3459978','16 Harmon Drive',1960),(361951328,24,'Elvis','Koteas','050-3477193','90 California Blvd',1983),(362055786,22,'Trini','Frost','050-3844762','80 Neuchtel Road',2000),(362839784,8,'Wes','DeLuise','050-3093219','29 Breslin',1979),(362902586,11,'Emm','Burns','050-3239004','75 Morse Drive',1966),(362997744,6,'Toni','Pesci','050-3086419','52 Kwun Tong Drive',1959),(363337802,11,'Wade','Rhymes','050-3302384','96 Kyle Road',1961),(363817793,17,'Teena','Cassidy','050-3813214','950 MacLachlan Stree',1943),(363817793,21,'Teena','Cassidy','050-3813214','950 MacLachlan Stree',1943),(364107611,22,'Arnold','O\'Neal','050-3239280','24 Colin Drive',1963),(364416951,22,'Graham','Zappacosta','050-3277899','64 Dale Road',1945),(364704237,8,'Herbie','Depp','050-3547665','76 Adamstown Street',1989),(364780007,6,'Vanessa','Spall','050-3311318','442 Ojeda Street',1991),(365055728,8,'Dwight','Mulroney','050-3416278','644 Arquette Blvd',1986),(365081208,6,'Cameron','Liu','050-3586299','20 Roy Parnell Blvd',2000),(365121882,13,'Lenny','Overstreet','050-3296384','17 Andy Ave',1977),(365141487,3,'Chely','Oszajca','050-3366323','978 Hampton Road',1942),(365141487,13,'Chely','Oszajca','050-3366323','978 Hampton Road',1942),(365195061,8,'Andy','Pullman','050-3759371','78 Ashley Road',1941),(365807042,8,'Chalee','Crouse','050-3698399','4 Shocked Road',1970),(365887939,13,'Juice','Ripley','050-3920902','61st Street',1953),(365961245,8,'Charlize','Cross','050-3498698','75 Hartford Road',1972),(365983819,22,'Uma','O\'Neill','050-3793317','48 Stewart Street',1986),(366407749,22,'Josh','Collie','050-3968744','25 Moraz Drive',1981),(366717561,8,'Billy','Lemmon','050-3356993','40 Dupree Road',1970),(366717561,22,'Billy','Lemmon','050-3356993','40 Dupree Road',1970),(367250649,8,'Renee','Garza','050-3218996','83rd Street',1998),(367250649,11,'Renee','Garza','050-3218996','83rd Street',1998),(367462329,8,'Hikaru','Renfro','050-3667104','805 Flushing Street',1962),(367943962,21,'Kitty','Beckinsale','050-3279531','72 Neill',1976),(368100757,21,'Mika','Moody','050-3953652','43 Davidtz Drive',1993),(368293217,11,'Mitchell','Heron','050-3669814','5 Caracas Drive',1982),(368466299,13,'Rhys','Diggs','050-3454567','48 Jesse Street',1971),(368498761,11,'Ron','Marin','050-3809403','89 Gill Blvd',1974),(369418344,6,'Christian','MacIsaac','050-3674205','61 Christian Ave',1951),(369424654,11,'Dabney','Chestnut','050-3767430','705 Berenger Street',2000),(369425753,13,'Isaac','Rosas','050-3743665','77 Lake Forest Road',1970),(369717608,13,'Joaquin','McGowan','050-3667538','100 Aurora Drive',1968),(369794092,2,'Derek','Klugh','050-3356007','97 Alston Road',2000),(369794092,11,'Derek','Klugh','050-3356007','97 Alston Road',2000),(370115725,8,'Todd','Chandler','050-3374973','65 Chalee Street',1940),(370482484,8,'Merillee','Benson','050-3324975','44 Hoskins Ave',1947),(370548631,6,'Charles','Janssen','050-3324558','718 Warden Road',1985),(370836576,6,'Lena','Lynn','050-3242824','91st Street',1980),(371036437,13,'Cathy','McLachlan','050-3731670','33 Ashdod Ave',1951),(371036437,18,'Cathy','McLachlan','050-3731670','33 Ashdod Ave',1951),(371036437,20,'Cathy','McLachlan','050-3731670','33 Ashdod Ave',1951),(371316629,22,'Mary','Weiss','050-3816354','32nd Street',1959),(371503316,8,'Regina','Shelton','050-3872412','61 Henstridge Road',1953),(371528452,24,'Lesley','Barnett','050-3905909','21st Street',1998),(371530908,22,'Zooey','Tempest','050-3861905','32 Lima Blvd',1998),(371610794,6,'Catherine','Caine','050-3567444','77 El Dorado Hills S',1981),(372292158,13,'Stephanie','Madonna','050-3909677','15 Crete Road',1995),(372617019,8,'Chuck','Lynne','050-3905809','34 Lewin Road',1996),(373301967,21,'Cameron','Isaak','050-3687616','391 Athens Drive',1963),(373486359,2,'Stellan','Hewitt','050-3721356','79 Rhodes Ave',1982),(373486359,13,'Stellan','Hewitt','050-3721356','79 Rhodes Ave',1982),(374016506,23,'Juliette','Mazzello','050-3920468','67 Friedrichshafe Av',1968),(374035823,21,'Madeline','Sandler','050-3726418','34 Rain Road',1988),(374038507,13,'Gary','McDormand','050-3923400','57 Chemnitz Blvd',1945),(374679634,22,'Nikki','Abraham','050-3862492','89 Fort Lee Blvd',1951),(374785031,12,'Mickey','Harris','050-3567510','3 Ceasar Ave',1982),(375790377,21,'Moe','Belushi','050-3976304','21 Whitford Street',1941),(375808690,13,'Larry','Dolenz','050-3114433','39 Rollins Drive',1984),(376044465,6,'Buddy','McGregor','050-3186855','60 Roberta Street',1978),(376116689,21,'Merle','Taylor','050-3354750','94 Moscow Road',1997),(376424542,6,'Jean','Ponce','050-3529049','22nd Street',1954),(376424542,13,'Jean','Ponce','050-3529049','22nd Street',1954),(377027215,11,'Kitty','Marsden','050-3050768','20 Adkins Road',1966),(377047422,24,'Carole','Bacon','050-3727300','44 Steenburgen Road',1995),(377228555,8,'Shirley','Gano','050-3385418','8 Fehr Drive',1955),(377465566,11,'Rhys','Chesnutt','050-3109174','91 Osmond Road',1966),(377785983,8,'Tramaine','Khan','050-3777352','68 Choice Blvd',1983),(377937107,21,'Brad','Coughlan','050-3800340','43 Dreieich Street',1964),(378238263,9,'Laurence','McCabe','050-3041338','39 Gano Road',1969),(378238263,18,'Laurence','McCabe','050-3041338','39 Gano Road',1969),(378731879,18,'Rhys','Cox','050-3119862','77 Winona Ave',1978),(378902052,13,'Jena','Gano','050-3420520','406 Jean-Luc',1989),(379632724,13,'Glen','Wainwright','050-3880224','63 Lucinda Drive',2000),(379999613,8,'Sheryl','Carlton','050-3620646','59 Weir Street',1969),(380216665,13,'Bridget','Thomas','050-3954207','72nd Street',1942),(380236005,6,'Dianne','Tsettos','050-3889057','31st Street',1968),(380347207,11,'Brent','Emmerich','050-3617099','22 Luongo Road',1992),(380442660,24,'Louise','Cook','050-3138326','92nd Street',1959),(380586304,24,'Randall','Kotto','050-3979258','73 Stevens Drive',1987),(380674207,7,'Eddie','Hoskins','050-3366891','605 Reynolds Drive',1969),(380674207,18,'Eddie','Hoskins','050-3366891','605 Reynolds Drive',1969),(380698198,8,'Joe','Zappacosta','050-3565977','44 Knight',1956),(380730485,21,'Paula','Duchovny','050-3692629','17 Rupert Street',1940),(380792778,22,'Alfred','Close','050-3590521','17 Jerusalem Ave',1990),(380988861,11,'Matthew','Bello','050-3993858','62nd Street',1955),(381422341,22,'Sara','Shatner','050-3808284','8 Hal Road',1950),(381840488,22,'Vonda','Caldwell','050-3422293','36 Corona Street',1947),(381923658,24,'Marisa','Wright','050-3864488','942 Schock Blvd',1960),(382317789,13,'Armin','Ramirez','050-3918378','940 Carlton Street',1940),(382515493,6,'Joely','McDowall','050-3495166','68 Dench',1967),(382885920,13,'Cheryl','Love','050-3040804','53 Hanks Ave',1989),(383018346,23,'Humberto','Reilly','050-3775947','930 Radney Road',1944),(383986136,23,'Sophie','Teng','050-3275747','43 O\'Donnell Street',1964),(384010249,21,'Cheryl','Stuart','050-3345034','341 Marianne Ave',1949),(384166040,13,'Darius','Carmen','050-3794810','220 LuPone Blvd',1991),(384269898,6,'Mike','Worrell','050-3438583','63rd Street',2000),(384269898,12,'Mike','Worrell','050-3438583','63rd Street',2000),(384269898,14,'Mike','Worrell','050-3438583','63rd Street',2000),(384325895,24,'Carlos','Harry','050-3730192','8 Lindsay Road',1950),(384554553,22,'Rebecca','Russo','050-3026248','909 Bancroft Drive',2000),(384710322,12,'Gena','Cochran','050-3064705','13rd Street',1999),(384846012,12,'Freda','Snider','050-3334253','41st Street',1995),(384846012,13,'Freda','Snider','050-3334253','41st Street',1995),(384893782,22,'Ian','Quaid','050-3524315','93 McIntosh',1954),(385024435,6,'Hilton','Diesel','050-3677080','724 Carole Drive',1995),(385178161,8,'Frankie','Myers','050-3008659','52nd Street',1959),(385299783,13,'Susan','Perez','050-3169552','89 Biel Road',1966),(385697301,22,'Darius','Colman','050-3063210','88 Lennox Drive',1968),(385821301,21,'Ty','Phifer','050-3115904','854 Gary Road',1964),(386688489,11,'Max','De Almeida','050-3887445','74 Gloria Road',1991),(386841575,24,'Latin','Ponty','050-3925515','92 Rio de janeiro St',1996),(386995884,13,'Leon','Pearce','050-3791115','12 Begley Ave',1948),(387060898,8,'Diamond','Heatherly','050-3685953','89 Gilbert Road',1965),(387245527,8,'Udo','Flanery','050-3445736','84 Darmstadt Ave',1985),(387365178,6,'Joanna','Tomlin','050-3043728','652 Wuerzburg Drive',1944),(387365178,12,'Joanna','Tomlin','050-3043728','652 Wuerzburg Drive',1944),(388143937,8,'LeVar','Azaria','050-3899986','268 Dwight Street',1948),(388361730,22,'Vanessa','Colton','050-3276673','156 Reynolds Blvd',1953),(388477705,4,'Lara','Garr','050-3766750','54 Allan Ave',1996),(388477705,13,'Lara','Garr','050-3766750','54 Allan Ave',1996),(388743846,13,'Richard','Holliday','050-3030850','55 Spears',1956),(388829554,24,'Jennifer','Baez','050-3756750','41 Bernie Street',1997),(389258265,8,'Bo','Shand','050-3202333','22nd Street',1963),(389258265,18,'Bo','Shand','050-3202333','22nd Street',1963),(389463983,11,'Bridgette','Red','050-3440426','59 Morales Road',1940),(390256690,22,'Clive','Starr','050-3547613','21st Street',1964),(390333503,24,'Sean','DeVito','050-3509105','283 Conley Blvd',1945),(390799828,21,'Burt','McCain','050-3780070','64 Posener',1957),(390838423,13,'Derek','Pullman','050-3983315','14 Garfunkel Road',1950),(391085915,13,'Franz','Pfeiffer','050-3516421','88 Child Street',1972),(391201762,13,'Renee','Epps','050-3851993','37 Charlize Street',1950),(391711718,18,'Charles','Sweet','050-3681551','968 Jimmy',1990),(391759432,8,'Larnelle','Biel','050-3465618','84 Janeane Blvd',1959),(391944473,24,'Carolyn','Neill','050-3434825','12nd Street',1994),(392025251,13,'Salma','Askew','050-3494118','973 Scorsese Drive',1999),(392291126,3,'Mindy','Astin','050-3959993','93 Joli Road',1959),(392291126,6,'Mindy','Astin','050-3959993','93 Joli Road',1959),(392545732,6,'Sharon','Hayes','050-3625233','55 Pottendorf Drive',1947),(392545732,22,'Sharon','Hayes','050-3625233','55 Pottendorf Drive',1947),(392664417,6,'Tobey','Russo','050-3175403','86 Lenexa Road',1953),(392912242,18,'Neil','Sanchez','050-3625763','94 Wendy Blvd',1962),(392952603,7,'Sissy','Sevigny','050-3158461','11 Oak park Road',1976),(392952603,10,'Sissy','Sevigny','050-3158461','11 Oak park Road',1976),(392952603,14,'Sissy','Sevigny','050-3158461','11 Oak park Road',1976),(392952603,16,'Sissy','Sevigny','050-3158461','11 Oak park Road',1976),(393007013,12,'Leon','Kinney','050-3777530','28 Collin Road',1975),(393007013,21,'Leon','Kinney','050-3777530','28 Collin Road',1975),(393218026,2,'Saul','Moriarty','050-3351434','2 Costa Road',1954),(393218026,14,'Saul','Moriarty','050-3351434','2 Costa Road',1954),(393218026,24,'Saul','Moriarty','050-3351434','2 Costa Road',1954),(393239407,8,'Udo','Wainwright','050-3643824','505 Sossamon Road',1983),(393632495,21,'Anne','Horizon','050-3096093','85 Happy Valley Road',1993),(393656213,20,'Stockard','LaSalle','050-3271250','319 Mykelti Road',1945),(393656213,21,'Stockard','LaSalle','050-3271250','319 Mykelti Road',1945),(393756859,8,'Tia','Elizondo','050-3276216','94 Kirk Ave',1969),(393941749,8,'Holly','Horton','050-3773740','12 Lyonne Drive',1989),(393941749,15,'Holly','Horton','050-3773740','12 Lyonne Drive',1989),(394153310,16,'Dorry','Tippe','050-3000035','63rd Street',1943),(394365969,22,'Norm','Carmen','050-3813533','83rd Street',1947),(394594485,21,'Dom','Kinney','050-3535060','766 Tyson Street',1976),(394661239,13,'Denis','Mars','050-3421380','86 Philadelphia Ave',1952),(394662542,11,'Ricky','Breslin','050-3568303','73 Charlottesville R',1968),(395104512,21,'Josh','Askew','050-3108970','73 St Kilda Street',1959),(395972033,9,'Mel','Arthur','050-3205703','85 Hughes',1976),(395972033,13,'Mel','Arthur','050-3205703','85 Hughes',1976),(396148011,16,'Stanley','Rosas','050-3403865','95 Giovanni Street',1956),(396148011,23,'Stanley','Rosas','050-3403865','95 Giovanni Street',1956),(396186693,21,'Chazz','Twilley','050-3223280','55 Wuerzburg Road',1994),(396364781,6,'Gabrielle','Minogue','050-3820501','4 Kris Road',1973),(396390439,12,'Matthew','Driver','050-3141196','52nd Street',1951),(396561441,8,'Clea','McFadden','050-3728751','21 Statham Street',1977),(396561441,24,'Clea','McFadden','050-3728751','21 Statham Street',1977),(396705518,11,'Elisabeth','Doucette','050-3958292','74 Allan Street',1977),(396705518,16,'Elisabeth','Doucette','050-3958292','74 Allan Street',1977),(397114093,21,'Crispin','Keaton','050-3996840','50 Lindley',1986),(397184968,22,'Dorry','Favreau','050-3442056','93 Ft. Lauderdale Av',2000),(397265616,13,'Mira','Imbruglia','050-3091646','78 Shannon Ave',1943),(397817890,6,'Murray','Danes','050-3969180','72 Copenhagen Street',1967),(397937334,21,'Viggo','Lewis','050-3317092','89 Brickell Road',1981),(397997775,13,'Miko','Irving','050-3944972','51 Klein Street',1996),(399274080,16,'Mika','Nash','050-3966247','74 Adams Street',1985),(399383416,11,'Marty','Blair','050-3215594','22 Rowlands Drive',1993),(399437340,13,'Carla','Aaron','050-3410187','82 Voight',1990),(399885548,13,'Lionel','Frampton','050-3977613','40 Gibson Ave',1976),(399963371,12,'Steve','Chilton','050-3640190','49 Angelina Road',1953),(399963371,13,'Steve','Chilton','050-3640190','49 Angelina Road',1953),(555555555,13,'wwwww','wwwww','wwwwwwww','wwwww',1995);
/*!40000 ALTER TABLE `workers` ENABLE KEYS */;
UNLOCK TABLES;

--
-- Final view structure for view `booked_rooms`
--

/*!50001 DROP VIEW IF EXISTS `booked_rooms`*/;
/*!50001 SET @saved_cs_client          = @@character_set_client */;
/*!50001 SET @saved_cs_results         = @@character_set_results */;
/*!50001 SET @saved_col_connection     = @@collation_connection */;
/*!50001 SET character_set_client      = utf8mb4 */;
/*!50001 SET character_set_results     = utf8mb4 */;
/*!50001 SET collation_connection      = utf8mb4_0900_ai_ci */;
/*!50001 CREATE ALGORITHM=UNDEFINED */
/*!50013 DEFINER=`root`@`localhost` SQL SECURITY DEFINER */
/*!50001 VIEW `booked_rooms` AS select `booked_rooms`.`cinema_id` AS `cinema_id`,`booked_rooms`.`room_id` AS `room_id`,`booked_rooms`.`date` AS `date`,`booked_rooms`.`start_time` AS `start_time`,`booked_rooms`.`end_time` AS `end_time` from (select `bookings`.`cinema_id` AS `cinema_id`,`bookings`.`room_id` AS `room_id`,`bookings`.`date` AS `date`,`bookings`.`start_time` AS `start_time`,`bookings`.`end_time` AS `end_time` from `bookings` union all select `projection`.`cinema_id` AS `cinema_id`,`projection`.`room_id` AS `room_id`,`projection`.`date` AS `date`,`projection`.`start_time` AS `start_time`,`projection`.`end_time` AS `end_time` from `projection`) `booked_rooms` order by `booked_rooms`.`date`,`booked_rooms`.`start_time` */;
/*!50001 SET character_set_client      = @saved_cs_client */;
/*!50001 SET character_set_results     = @saved_cs_results */;
/*!50001 SET collation_connection      = @saved_col_connection */;

--
-- Final view structure for view `cinema_max_sales`
--

/*!50001 DROP VIEW IF EXISTS `cinema_max_sales`*/;
/*!50001 SET @saved_cs_client          = @@character_set_client */;
/*!50001 SET @saved_cs_results         = @@character_set_results */;
/*!50001 SET @saved_col_connection     = @@collation_connection */;
/*!50001 SET character_set_client      = utf8mb4 */;
/*!50001 SET character_set_results     = utf8mb4 */;
/*!50001 SET collation_connection      = utf8mb4_0900_ai_ci */;
/*!50001 CREATE ALGORITHM=UNDEFINED */
/*!50013 DEFINER=`root`@`localhost` SQL SECURITY DEFINER */
/*!50001 VIEW `cinema_max_sales` AS select `c`.`cinema_name` AS `cinema_name`,`w`.`first_name` AS `first_name`,`w`.`last_name` AS `last_name`,`s`.`total_sales` AS `total_sales` from ((`cinemas` `c` join `workers` `w` on((`c`.`cinema_id` = `w`.`cinema_id`))) join (select `so`.`i_d` AS `i_d`,sum(`o`.`total_price`) AS `total_sales` from (`seller_order` `so` join `orders` `o` on((`so`.`order_number` = `o`.`order_number`))) group by `so`.`i_d`) `s` on((`w`.`i_d` = `s`.`i_d`))) where (`s`.`total_sales` = (select max(`t`.`total_sales`) from (select sum(`o`.`total_price`) AS `total_sales` from (`seller_order` `so` join `orders` `o` on((`so`.`order_number` = `o`.`order_number`))) group by `so`.`i_d`) `t` where (`t`.`total_sales` = `s`.`total_sales`))) group by `c`.`cinema_id` */;
/*!50001 SET character_set_client      = @saved_cs_client */;
/*!50001 SET character_set_results     = @saved_cs_results */;
/*!50001 SET collation_connection      = @saved_col_connection */;
/*!40103 SET TIME_ZONE=@OLD_TIME_ZONE */;

/*!40101 SET SQL_MODE=@OLD_SQL_MODE */;
/*!40014 SET FOREIGN_KEY_CHECKS=@OLD_FOREIGN_KEY_CHECKS */;
/*!40014 SET UNIQUE_CHECKS=@OLD_UNIQUE_CHECKS */;
/*!40101 SET CHARACTER_SET_CLIENT=@OLD_CHARACTER_SET_CLIENT */;
/*!40101 SET CHARACTER_SET_RESULTS=@OLD_CHARACTER_SET_RESULTS */;
/*!40101 SET COLLATION_CONNECTION=@OLD_COLLATION_CONNECTION */;
/*!40111 SET SQL_NOTES=@OLD_SQL_NOTES */;

-- Dump completed on 2023-12-05 16:36:23
